:020000040808EA
:10000000C8400020E9E70A0885900A088D900A0890
:1000100095900A089D900A08A5900A080000000023
:10002000000000000000000000000000AD900A0881
:10003000B5900A0800000000BD900A08C5900A08A3
:10004000A5FB0A08A9FB0A08ADFB0A08D1900A081B
:10005000B1FB0A08B5FB0A08FB9A0A08B9FB0A08B3
:10006000BDFB0A08C1FB0A08C5FB0A08C9FB0A0850
:10007000CDFB0A08D1FB0A08D5FB0A08D9FB0A0800
:10008000DDFB0A08E1FB0A08E5FB0A08E9FB0A08B0
:10009000EDFB0A08F1FB0A08F5FB0A08199B0A08A0
:1000A000F9FB0A08FDFB0A0801FC0A0805FC0A081E
:1000B00009FC0A08C59B0A080DFC0A0811FC0A087D
:1000C00015FC0A0819FC0A081DFC0A0821FC0A088C
:1000D00025FC0A0829FC0A082DFC0A0831FC0A083C
:1000E000D59C0A08C3970A0835FC0A0839FC0A0897
:1000F000419D0A083DFC0A08559D0A0841FC0A0872
:1001000045FC0A0849FC0A083D9C0A084DFC0A08FF
:1001100051FC0A0855FC0A08899C0A0859FC0A087F
:100120005DFC0A0861FC0A0865FC0A0869FC0A080B
:100130006DFC0A0871FC0A0875FC0A0879FC0A08BB
:100140007DFC0A08779B0A0881FC0A086D9D0A0855
:1001500085FC0A0889FC0A088DFC0A0891FC0A083B
:1001600095FC0A0899FC0A089DFC0A08A1FC0A08EB
:10017000A5FC0A08A9FC0A08ADFC0A08000000005A
:10018000B1FC0A08B5FC0A0800690840884201D1A0
:10019000012000E000207047816170478162704754
:1001A000704780B5DFF8E809407B03282BDA002090
:1001B000DFF8E01981F82F000520DFF8D81981F861
:1001C0003600DFF8CC09407BDFF8CC19C871DFF8C6
:1001D000C009407B012804D10120DFF8BC19487117
:1001E00003E00020DFF8B0194871DFF8A409DFF858
:1001F000AC192C2204F0B2FF04F077FEDFF890096E
:10020000006A804703E0DFF88809006A804701BD83
:1002100080B5DFF87C09407B0A2833DADFF8700903
:10022000407B002803D0022811D008D317E0DFF864
:100230006009DFF86C192C2204F090FF16E0DFF85B
:100240005009DFF860192C2204F088FF0EE0DFF877
:100250004009DFF854192C2204F080FF06E0DFF893
:100260003009DFF83C192C2204F078FF02F0D3FFAC
:1002700004F03BFE03F014FA0020DFF8181981F8AF
:100280002F005EE0DFF80809407B342804D0DFF857
:100290000009407B372825D1DFF8F408407B34285B
:1002A00002D0372808D00FE0DFF8E408DFF8FC18A8
:1002B0002C2204F053FF0EE0DFF8D408DFF8F0182A
:1002C0002C2204F04BFF06E0DFF8C408DFF8E0184A
:1002D0002C2204F043FF02F09EFF04F006FE03F020
:1002E000DFF92EE0DFF8A808407B3E2804D0DFF8D5
:1002F000A008407B412824D1DFF89408407B3E28A9
:1003000002D0412808D00FE0DFF88408DFF8A418F5
:100310002C2204F023FF0EE0DFF87408DFF89818B1
:100320002C2204F01BFF06E0DFF86408DFF88018D9
:100330002C2204F013FF02F06EFF04F0D6FD03F050
:10034000AFF9DFF84C08C069804701BD80B5DFF820
:1003500040088069804701BD80B5DFF834084069F6
:10036000804701BD80B50020DFF82C1808710020FF
:10037000DFF824188871DFF81808DFF820182C221D
:1003800004F0ECFE0520DFF80C1881F8360000F0D0
:1003900029FC01BD80B50020DFF8FC170871DFF8EB
:1003A000F007DFF818182C2204F0D8FE00F01AFC31
:1003B00001BD10B584B000240C228021002006F07D
:1003C0002DFB5D20009000230122DFF8F41701A827
:1003D00006F09CFF040008220921DFF8E80700F07E
:1003E000E9FA14220721DFF8E00700F0E3FA2022FF
:1003F000E4B2210001A800F0DDFA06F05BFC342233
:100400008021002006F00AFB1FBD80B50C22802150
:10041000002006F003FBDFF8B40790F83D00002849
:1004200010D108220321BCA000F0C4FA1422032139
:10043000BAA000F0BFFA20220721DFF8940700F0ED
:10044000B9FA10E008220721DFF8880700F0B2FAB5
:1004500014220921DFF8800700F0ACFA20220021E5
:10046000AFA000F0A7FA06F025FC3422802100207E
:1004700006F0D4FA01BD80B50020DFF81C17087122
:100480000020DFF858170870DFF80C07C079002843
:1004900016D10020DFF800174871DFF84407006824
:1004A00050F00800DFF838170860DFF8E816086D2C
:1004B000DFF8E01650F08050086501F02DFCA6E052
:1004C000DFF8D406C079022816D10020DFF8C8165C
:1004D0004871DFF80C07006850F00800DFF80017DB
:1004E0000860DFF8B016086DDFF8A81650F08050ED
:1004F000086501F0B7FD8AE0DFF89C06C0790128A5
:1005000016D10120DFF890164871DFF8D406006894
:1005100050F00800DFF8C8160860DFF87816086D9C
:10052000DFF8701650F40040086501F0EDFC6EE055
:10053000DFF86406C079032832D10220DFF85816AC
:100540004871DFF85016086DDFF8481650F4005077
:1005500008650020DFF8401B0870DFF83C0600212A
:10056000C1600020DFF8301681F83F00DFF8280670
:1005700000210163DFF82006002101610020DFF87F
:10058000181681F84000DFF810060021C0F83A1074
:100590000020DFF8041681F83E0006F0D1FE36E0B8
:1005A000DFF8F405C079042831D10320DFF8E8151D
:1005B0004871DFF8E4050021C1600020DFF8D8159C
:1005C00081F83F00DFF8D00500210163DFF8C8059E
:1005D000002141610020DFF8C01581F84100DFF8FB
:1005E000B8050021C0F83A100020DFF8AC1581F8FA
:1005F0003E00DFF8A015086DDFF8981550F4804034
:1006000008650020DFF8941A087008F03BFC01BD73
:1006100080B5DFF87C05407B0A2821D1DFF8C005D2
:10062000006850F00800DFF8B8150860DFF86405CE
:1006300090F83000022805D0DFF8580590F8300017
:10064000002802D101F060FC24E0DFF84C05C079FD
:10065000022802D101F006FD1CE001F05DFB19E06B
:10066000DFF82C05407B152802D101F055FB11E085
:10067000DFF81C05407B162802D101F045FC09E09B
:10068000DFF80C05407B172802D101F0EBFC01E0FC
:1006900001F042FB01BD30B583B004000D00DFF86E
:1006A0002C0590F83D0002280BDA6846DFF81C158F
:1006B00091F83D10052251432944052204F03EFDE6
:1006C00004E068462900052204F038FD2000694650
:1006D000052204F033FD37BD76B582B004001D005D
:1006E0000026DFF8AC04008A844203D1012D01D139
:1006F000012006000DF1090108683100C9B200911E
:100700000C2101FB04F111F108030A229DF80810E5
:1007100000F008F87FBD0000544F4F004C4F5700C9
:10072000000000002DE9F84304000D001600994672
:1007300000275FF0000800200700AF4280F03881FA
:10074000E05D80465FFA88F8B8F1400F09D10823D0
:10075000DFF84C294946C9B23000C0B206F0C2F8F1
:10076000D4E05FFA88F8B8F15E0F09D10623DFF80C
:1007700034294946C9B23000C0B206F0B3F8C5E02A
:100780005FFA88F8B8F1230F1ED10423DFF8182987
:100790004846B0F10801C9B23000C0B206F0A2F874
:1007A0000623DFF808294946C9B23000C0B206F076
:1007B00099F80223DFF8F82819F10801C9B23000CE
:1007C000C0B206F08FF8A1E05FFA88F8B8F1240F04
:1007D0007CD16079C42802D02078422819D1DFF872
:1007E000EC0390F83A00002809D10823DFF8C42868
:1007F0004946C9B23000C0B206F074F886E008235A
:10080000DFF8B4284946C9B23000C0B206F06AF831
:100810007CE02078C72802D02078532819D1DFF84F
:10082000AC0390F83900002809D10823DFF88428A8
:100830004946C9B23000C0B206F054F866E0082359
:10084000DFF874284946C9B23000C0B206F04AF851
:100850005CE02078CE2802D02078542819D1DFF827
:10086000340390F87200002809D10823DFF84428E7
:100870004946C9B23000C0B206F034F846E0082359
:10088000DFF834284946C9B23000C0B206F02AF871
:100890003CE020785E2839D1DFF8F80290F830008B
:1008A000042809D10823DFF80C284946C9B23000D2
:1008B000C0B206F017F829E00823DFF8FC27494604
:1008C000C9B23000C0B206F00DF81FE05FFA88F838
:1008D000B8F1C90F11D10C23C8224946C9B2300062
:1008E000C0B205F030FF0C23E0224846C11FC9B258
:1008F0003000C0B205F027FF08E00C234246D2B218
:100900004946C9B23000C0B205F01DFF5FFA88F851
:10091000B8F1570F01D10C3648E05FFA88F8B8F10A
:100920004D0F01D10B3641E05FFA88F8B8F1CC0FDA
:1009300001D10A363AE05FFA88F8B8F1450F0ED0D7
:100940005FFA88F8B8F1460F09D05FFA88F8B8F175
:100950004C0F04D05FFA88F8B8F17C0F01D1F61D76
:1009600024E05FFA88F8B8F1490F01D1361D1DE087
:100970005FFA88F8B8F1720F04D05FFA88F8B8F11E
:100980002F0F01D1B61D11E05FFA88F8B8F12E0FD4
:1009900009D05FFA88F8B8F15B0F04D05FFA88F8E5
:1009A000B8F13E0F01D1761D00E008367F1CC4E689
:1009B000BDE8F1832DE9F84304000D00160000277F
:1009C0005FF000085FF00009E800D0F18000400807
:1009D000814600200700AF4280F0A480E05D8046A1
:1009E0005FFA88F8B8F15E0F09D10623DFF8B42664
:1009F0003100C9B24846C0B205F074FF52E05FFA58
:100A000088F8B8F1230F1ED10423DFF89C263000AC
:100A1000B0F10801C9B24846C0B205F063FF062331
:100A2000DFF888263100C9B24846C0B205F05AFF47
:100A30000223DFF87C2616F10801C9B24846C0B28D
:100A400005F050FF2EE05FFA88F8B8F1400F09D1A9
:100A50000823DFF84C263100C9B24846C0B205F081
:100A600041FF1FE05FFA88F8B8F1C90F11D10C23DC
:100A7000C8223100C9B24846C0B205F064FE0C235A
:100A8000E0223000C11FC9B24846C0B205F05BFE8B
:100A900008E00C234246D2B23100C9B24846C0B287
:100AA00005F051FE5FFA88F8B8F1570F04D05FFAED
:100AB00088F8B8F1C60F02D119F10C0930E05FFADD
:100AC00088F8B8F14D0F04D05FFA88F8B8F1CC0F70
:100AD00002D119F10B0923E05FFA88F8B8F1450F4C
:100AE00009D05FFA88F8B8F1460F04D05FFA88F8A9
:100AF000B8F14C0F02D119F1070911E05FFA88F83B
:100B0000B8F1490F02D119F1040909E05FFA88F838
:100B1000B8F12E0F02D119F1050901E019F1080908
:100B20007F1C58E7BDE8F18338B50024002518483C
:100B3000806A800B10F0010004001548806AC00B29
:100B400010F001000500E4B2002C07D00823DFF804
:100B500068250821642005F0C5FE06E00823DFF8BB
:100B600054250821642005F0BDFEEDB2002D07D00C
:100B70000823DFF844251421642005F0B3FE06E0C5
:100B80000823DFF830251421642005F0ABFE31BDC9
:100B9000D02800203C350020DC020020B4D20A0816
:100BA00064D30A0890D30A08BCD30A087CD60A0882
:100BB00058D70A083CD90A0870DA0A08E0D20A08AD
:100BC000A8DF0A0898EA0A0894F70A08C035002046
:100BD000FCF60A0804F70A08A4EA0A08A738002065
:100BE0002038002070B58CB0002400250026DFF8E6
:100BF000D40B0079DFF84419497B884207D1DFF82C
:100C00003C09008A401CDFF83419088263E0DFF8F1
:100C10002C09407B0A2825D1DFF82009DFF8A81B22
:100C20002C2204F09BFA0520DFF8941B81F8360093
:100C3000DFF80809407BDFF88C1B087101F0A9FA86
:100C400004F071F9DFF87C0B4079002843D0DFF81D
:100C5000740B4079DFF8E41808820020DFF8641B89
:100C6000487138E0DFF8D408407B14282DD1DFF834
:100C7000CC08DFF82C1C2C2204F070FADFF8BC083A
:100C8000407BDFF8401B0871DFF8340B90F86600FA
:100C9000012806D1DFF80C0CDFF8A018886002F0FC
:100CA000FFFC01F076FA04F03EF9DFF8180B8079CA
:100CB000002810D0DFF80C0B8079DFF8801808824C
:100CC0000020DFF8001B887105E0DFF87008407B2A
:100CD000DFF8F01A0871DFF86408008ADFF85C18A2
:100CE00091F8281011F00F0188420CD30020DFF892
:100CF000B81B08700020DFF84418088201200500A6
:100D000004F011F95AE0DFF8A00B90F90000401C44
:100D1000DFF82818098A884202DB012005004DE02F
:100D2000DFF81808806A04281ED3DFF81008008A4C
:100D3000DFF80818896A491E884215D2DFF8FC07D7
:100D4000008ADFF8641B91F90010891C88420BD1DE
:100D5000DFF8E807008A401EDFF84C1B087001200E
:100D6000050004F0E0F829E0DFF8D007008ADFF89A
:100D7000CC17896A491E88420BD1DFF8C007008A68
:100D8000801EDFF8241B08700120050004F0CBF85A
:100D900014E0DFF8A807008ADFF80C1B91F90010B7
:100DA000491C88420ADBDFF89407008A401EDFF8FE
:100DB000F81A08700120050004F0B5F8DFF87C0788
:100DC00090F8280010F00F00032802D3032004003D
:100DD00006E0DFF8680790F8280010F00F00040024
:100DE000DFF8C40A90F90000DFF8BC1A91F900108E
:100DF000E4B26118884280F2FE80DFF84017497B38
:100E00000A2930D00E2952D00F2959D0122900F0CA
:100E1000D58013295DD0142900F0D98015292BD055
:100E2000162932D0172939D028295BD0292962D038
:100E30002A2969D02B2900F082802C2900F0A38078
:100E40002D2900F08E802E2900F0AF804C2900F073
:100E500091804D2900F0A0804E2967D04F2977D08E
:100E60005A295AD0BCE0DFF8881B51F8201002AA9A
:100E7000F6B242F82610BBE0DFF8781B51F82010DC
:100E800002AAF6B242F82610B2E0DFF86C1B51F865
:100E9000201002AAF6B242F82610A9E0DFF85C1B87
:100EA00051F8201002AAF6B242F82610A0E0DFF8AE
:100EB000501B51F8201002AAF6B242F8261097E013
:100EC000DFF8001C51F8201002AAF6B242F82610F2
:100ED0008EE0DFF8F41B51F8201002AAF6B242F8B7
:100EE000261085E0DFF8E41B51F8201002AAF6B2C4
:100EF00042F826107CE0DFF8D81B51F8201002AA37
:100F0000F6B242F8261073E0DFF8C41B51F8201047
:100F100002AAF6B242F826106AE0DFF8B81B51F8D0
:100F2000201002AAF6B242F8261061E0DFF8A81BF2
:100F300051F8201002AAF6B242F8261058E0DFF865
:100F40009C1B51F8201002AAF6B242F826104FE07E
:100F5000DFF8841B51F8201002AAF6B242F82610DE
:100F600046E0DFF8681B51F8201002AAF6B242F8FA
:100F700026103DE0DFF8681B51F8201002AAF6B2F7
:100F800042F8261034E0DFF85C1B51F8201002AA6A
:100F9000F6B242F826102BE0DFF8441B51F820107F
:100FA00002AAF6B242F8261022E0DFF8201B51F820
:100FB000201002AAF6B242F8261019E0DFF8701BE2
:100FC00051F8201002AAF6B242F8261010E0DFF81D
:100FD000641B51F8201002AAF6B242F8261007E06E
:100FE000DFF80C1A51F8201002AAF6B242F82610C7
:100FF000761C401CF8E602996846FFF74CFB01237B
:10100000DDE900010A0001000020FFF765FB0399FC
:101010006846FFF740FB0123DDE900010A000100FB
:101020000120FFF759FBDFF8140590F8280010F0B5
:101030000F0003280BD304996846FFF72CFB01230C
:10104000DDE900010A0001000220FFF745FBDFF89F
:10105000EC04407B0E2801D1FFF766FD05F02AFE67
:10106000EDB2002D0AD0DFF8D404008ADFF838187A
:1010700091F90010401AC0B206F062F8DFF8BC0423
:1010800090F8280010F00F01DFF8B004008AC0B219
:1010900005F047FD0CB070BDA8380020AD38002029
:1010A000FCF70A0804F80A0898FB0A080CF80A0872
:1010B000162D0908F4F70A08ECF70A0870B58CB089
:1010C000002400250026DFF8FC060079DFF86C1408
:1010D000497B884207D1DFF86404008A401EDFF8AC
:1010E0005C14088225E0DFF85404407B0A280AD10A
:1010F000DFF84804407BDFF8CC16087101F049F8AE
:1011000003F011FF15E0DFF83404407B14280AD106
:10111000DFF82804407BDFF8AC16087101F039F8DD
:1011200003F001FF05E0DFF81404407BDFF89416BC
:101130000871DFF8080490F8280010F00F00DFF8BD
:10114000FC13098A884225D2DFF8F00390F82800C2
:1011500010F00F0004280AD3DFF8E00390F828000D
:1011600010F00F00C01EDFF84017087003E00020E9
:10117000DFF834170870DFF8C40390F8280010F087
:101180000F00401EDFF8B41308820120040003F0B2
:10119000CAFE29E0DFF8A403008A00280BD0DFF89C
:1011A0009C03008ADFF8941391F8281011F00F01C6
:1011B000891E884202D10120040015E0DFF8E8060C
:1011C00090F9000001280BDBDFF8DC060078401EF8
:1011D000DFF8D41608700120040003F0A4FE03E039
:1011E0000120040003F09FFED44890F8280010F07E
:1011F0000F00032802D30320060005E0CF4890F833
:10120000280010F00F000600DFF89C060078C0B23E
:10121000DFF8941691F90010F6B27118884280F246
:101220001481C649497B0A2931D00E2957D00F298C
:101230005FD0122900F0C180132964D0142900F076
:10124000EE8015292DD0162935D017293DD0282913
:1012500063D029296BD02A2973D02B2900F08F80E5
:101260002C2900F0BE802D2900F09D802E2900F051
:10127000CC804C2900F0AB804D2900F0BC804E2979
:1012800073D04F2900F085805A2964D0D1E0DFF86F
:101290006017C0B251F8201002AAEDB242F8251032
:1012A000D0E0DFF85017C0B251F8201002AAEDB21A
:1012B00042F82510C6E0DFF84017C0B251F8201000
:1012C00002AAEDB242F82510BCE0DFF83017C0B238
:1012D00051F8201002AAEDB242F82510B2E0DFF872
:1012E0002017C0B251F8201002AAEDB242F8251022
:1012F000A8E0DFF8D017C0B251F8201002AAEDB272
:1013000042F825109EE0DFF8C017C0B251F8201057
:1013100002AAEDB242F8251094E0DFF8B017C0B28F
:1013200051F8201002AAEDB242F825108AE0DFF849
:10133000A017C0B251F8201002AAEDB242F8251051
:1013400080E0DFF88C17C0B251F8201002AAEDB28D
:1013500042F8251076E0DFF87C17C0B251F8201073
:1013600002AAEDB242F825106CE0DFF86C17C0B2AB
:1013700051F8201002AAEDB242F8251062E0DFF821
:101380005C17C0B251F8201002AAEDB242F8251045
:1013900058E0DFF84417C0B251F8201002AAEDB2AD
:1013A00042F825104EE0DFF82417C0B251F82010A3
:1013B00002AAEDB242F8251044E0DFF87417C0B27B
:1013C00051F8201002AAEDB242F825103AE0DFF8F9
:1013D0001017C0B251F8201002AAEDB242F8251041
:1013E00030E0DFF80017C0B251F8201002AAEDB2C9
:1013F00042F8251026E0DFF8E816C0B251F82010B8
:1014000002AAEDB242F825101CE0DFF8C016C0B207
:1014100051F8201002AAEDB242F8251012E0DFF8D0
:101420001417C0B251F8201002AAEDB242F82510EC
:1014300008E0DFF8BC15C0B251F8201002AAEDB2E6
:1014400042F825106D1C401CE1E602996846FFF742
:1014500022F90123DDE900010A0001000020FFF765
:101460003BF903996846FFF716F90123DDE900010E
:101470000A0001000120FFF72FF9304890F82800FA
:1014800010F00F0003280BD304996846FFF703F907
:101490000123DDE900010A0001000220FFF71CF929
:1014A00005F008FCE4B2002C09D02448008ADFF8DB
:1014B000F81391F90010401AC0B205F041FE1F4820
:1014C00090F8280010F00F011C48008AC0B205F007
:1014D00028FB0CB070BD80B50020BA490871DFF858
:1014E000740BDFF81C1A2C2203F038FE01F093FE77
:1014F00002F0D6F803F017FDB2484079DFF8541B2C
:101500000882FFF76FFB01BD80B50020AD4908716F
:10151000DFF8400BDFF8EC192C2203F01FFE01F07E
:101520007AFE02F0BDF803F0FEFCA6484079DFF831
:10153000241B0882FFF756FB01BD0000D0280020C5
:1015400080B5DFF8100B008A9E49487100209D4944
:1015500008710020D4490870DFF8F80A008A0028D2
:101560000AD0022830D01BD3042879D052D30628C1
:1015700000F0878077D386E0DFF8DC0A006850F05F
:101580000800DFF8D41A08608D49086D8C4950F0C6
:101590008050086500208B49C87100F0BDFB72E0E7
:1015A000DFF8B40A006850F00800DFF8AC1A0860F1
:1015B0008349086D824950F4004008650120814943
:1015C000C87100F0A1FC5EE07D49086D7C4950F4D3
:1015D000005008650020DFF8841A0870794800215F
:1015E000C1600020774981F83F00764800210163FF
:1015F0007448002101610020724981F8400071485F
:101600000021C0F83A1000206E4981F83E0005F034
:1016100097FE38E06B480021C1600020694981F8DD
:101620003F006848002101636648002141610020B5
:10163000644981F8410063480021C0F83A10002055
:10164000604981F83E005E49086D5D4950F4804074
:1016500008650020DFF8081A087007F013FC12E094
:1016600009F0A2FA0FE0DFF8EC098D492C2203F013
:1016700075FD00208C49087003F055FCFFF7B2FAA5
:1016800001E003F092FC01BD80B5DFF82C0C90F86E
:101690006600002840F08680DFF8B809008A4949D2
:1016A0008871DFF8B009008A002809D002283FD0ED
:1016B00009D3042842D03ED3062871D041D371E02B
:1016C0000CF0E8FA6EE0DFF8F00B90F86600002806
:1016D0002DD1DFF88009008A401EDFF878190882D2
:1016E000DFF8D80B90F8390000280DD00020DFF883
:1016F000CC1B81F83900DFF8C00B407E10F0FE00F3
:10170000DFF8B41B48760CE00120DFF8B01B81F84D
:101710003900DFF8A40B407E50F00100DFF8981B81
:10172000487603F000FCFFF75DFA0CF09BFD39E012
:101730000DF09AFA36E000F0D7F933E000F025FA20
:1017400030E0DFF8740B90F86600002827D1DFF84E
:101750000409008A401EDFF8FC180882DFF85C0BE1
:1017600090F85B0000280AD00020DFF8501B81F8B9
:101770005B000420DFF8401B81F8300009E0012005
:10178000DFF8381B81F85B00FF20DFF82C1B81F8A5
:10179000300003F0C8FBFFF725FA0CF063FD01E011
:1017A0000EF0EAF801BD80B5DFF80C1B086DDFF81C
:1017B000081B50F00070086500F0AEFA01BD000093
:1017C0003C350020DC020020B4D20A0880B5DFF8E6
:1017D0008408008ADFF8D81B4871DFF87808008A8F
:1017E000002805D0022820D015D3032820D04AE0B5
:1017F000DFF86408006850F00800DFF85C18086043
:10180000DFF8B41A086DDFF8B01A50F00800086568
:1018100000F082FA37E0DFF83C08DFF8A41A2C2247
:1018200003F09CFC0EF066F92DE00FF0BFF82AE003
:10183000DFF82008DFF88C1A2C2203F08FFC002040
:1018400019490870DFF86C0B90F83500012804D1B5
:101850000120DFF80018088203E00020DFF8F41709
:10186000088201F0D8FC03F05EFBDFF84C0A90F828
:101870006600012805D10B48DFF8D817886001F011
:101880000FFFFFF7AFF901BD80B5DFF82C1A086D27
:10189000DFF8241A50F00070086500F035FB01BD38
:1018A000E0D20A08C4EE0A08A738002080B5DFF8A5
:1018B000A407008ADFF8F81A4871DFF89807008A51
:1018C000002805D0022835D021D303283CD069E078
:1018D000DFF88007008A401EDFF878170882DFF8FB
:1018E000DC0990F83A00002805D00020DFF8CC1978
:1018F00081F83A0004E00120DFF8C01981F83A00CD
:1019000003F011FBFFF76EF90CF0ACFC4AE0DFF8D6
:101910004807006850F00800DFF83C170860DFF85F
:101920009819086DDFF8901950F00800086500F06C
:10193000EBFA37E0DFF81C07DFF82C1B2C2203F052
:101940000DFC0FF0D3FA2DE0DFF80807DFF81C1BC1
:101950002C2203F003FC0020DFF8D81B0870DFF80E
:10196000540A90F83600012804D10120DFF8E4166B
:10197000088203E00020DFF8DC16088201F04BFC4F
:1019800003F0D1FADFF8300990F86600012806D19B
:10199000DFF8DC0ADFF8BC16886001F081FEFFF793
:1019A00021F9FFE701BD80B5DFF80C0990F866006A
:1019B00000281CD1DFF89C06008ADFF8F419487172
:1019C000DFF89006008A002802D0012806D00AE03D
:1019D0000020DFF8E01981F8360004E00120DFF88C
:1019E000D41981F836000CF03DFC00F08DFA01BDF1
:1019F00028DE0A0878E40A0888E40A0898E40A0855
:101A00001CF80A0880B5DFF84C06008ADFF8A01938
:101A10004871DFF84006008A002805D0022817D058
:101A20000BD303281ED04BE0DFF82806008ADFF82E
:101A30008019487103F0ECFA42E0DFF87C18086D79
:101A4000DFF8741850F00070086500F00BFB37E009
:101A5000DFF80006DFF8E01A2C2203F07FFB10F01D
:101A6000B3F92DE0DFF8EC05DFF8D01A2C2203F0F3
:101A700075FB0020DFF8BC1A0870DFF8380990F811
:101A80003500012804D10120DFF8C815088203E0E1
:101A90000020DFF8C015088201F0BDFB03F043FA17
:101AA000DFF8140890F86600012806D1DFF8C009B5
:101AB000DFF8A015886001F0F3FDFFF793F8FFE76A
:101AC00001BD000024F80A0814F80A082CF80A08D6
:101AD00034F80A08D0EE0A08A8E40A083CF80A0814
:101AE000B8E40A0844F80A0880B5DFF86805DFF8AA
:101AF000501A2C2203F032FB01F08DFB01F0D0FDD7
:101B000003F011FA0020DFF82C1A0870DFF8AC0798
:101B100090F83D00002804D10120DFF83815088234
:101B200003E00020DFF82C150882FFF75BF801BD09
:101B3000DCEE0A0844DE0A0880B5DFF81805008AE2
:101B400001280DD1DFF86C0890F83D00012807D17D
:101B50000020DFF8601881F83D000CF083FB11E0F5
:101B6000DFF8F004008A00280CD1DFF8480890F86C
:101B70003D00002806D10120DFF8381881F83D002B
:101B80000CF070FBFEF706FC01BD80B5DFF8C40465
:101B9000DFF8B0192C2203F0E1FA01F03CFB01F070
:101BA0007FFD03F0C0F90020DFF888190870DFF826
:101BB0000C0790F86900012804D10120DFF8941483
:101BC000088203E00020DFF88C140882FFF70AF88F
:101BD00001BD80B5DFF87C04008A012840D1DFF820
:101BE000D40790F8690000283AD10120DFF8C41723
:101BF00081F869000CF036FBDFF8BC0690F8650050
:101C000001281AD10221DFF84009FEF7C7FA4FF484
:101C1000E140DFF8A416A1F87D00DFF89C06407EC5
:101C200050F01000DFF890164876DFF88C16086D3B
:101C3000DFF8841650F020000865DFF87C0690F885
:101C4000330050F00100DFF8701681F83300DFF840
:101C50000804006850F00200DFF8FC13086041E05F
:101C6000DFF8F003008A00283CD1DFF8480790F83D
:101C70006900012836D10020DFF8381781F86900A3
:101C80000CF0F0FADFF8300690F86500012819D161
:101C90000221DFF8B408FEF77FFA0020DFF81816FB
:101CA000A1F87D00DFF81006407E10F0EF00DFF8AD
:101CB00008164876DFF80016086DDFF8FC1550F0BE
:101CC00040000865DFF8F00590F8330050F001009F
:101CD000DFF8E41581F83300DF48006850F00200B7
:101CE000DD490860FEF756FB01BD80B501215FF0BC
:101CF0009040FEF749FA02BD80B5FFF7F6FF0028D5
:101D0000FBD0DFF8B40590F8350050F08000DFF824
:101D1000A81581F8350001BD80B52DED028BDFF8E7
:101D2000980590F8300001280CD0DFF88C0590F869
:101D30003000042806D0DFF8800590F83000032832
:101D400040F0948000F0C0FA0020DFF86C1581F8B4
:101D500036000020DFF858160871DFF85C05407E79
:101D600050F00200DFF850154876DFF84C0590F887
:101D70006600002807D0DFF84005407E50F00400E0
:101D8000DFF83415487603F0BAF801F044FA9FED15
:101D90005B8ADFF82415D1F82A00800509D50422D2
:101DA000DFF80C0690F8421018EE100A01F010FD52
:101DB0004BE0DFF8080590F8350000281FD1DFF868
:101DC000FC0490F83400012819D1DFF8E40581699A
:101DD00000EE101ADFED9C0AB4EE600AF1EE10FA84
:101DE0000DD5DFF8CC05816900EE101ADFED970AFA
:101DF00020EE200ABCEEC00AB0EE408A1CE0DFF8FC
:101E0000BC0490F8350001280DD1DFF8A4058169E4
:101E100000EE101ADFED8C0A20EE200ABCEEC00A9C
:101E2000B0EE408A08E0DFF88805816900EE101AFC
:101E3000BCEEC00AB0EE408A0222DFF8740590F8CA
:101E4000421018EE100A01F0C3FCDFF8700490F89D
:101E50006600DFF85C1581F8450000F0D2FF00F065
:101E600079FE00F0CEFF01F01BFC40E07948DFF87E
:101E7000DC162C2203F072F901F0CDF903F035F8ED
:101E8000DFF8380490F85B00012803D1DFF8C006C2
:101E90007049886001F004FCDFF8200490F83D00F0
:101EA000002811D108220521DFF8A806FEF782FDDF
:101EB0001422032166A0FEF77DFD20220621DFF813
:101EC0009806FEF777FD10E008220821DFF88C065F
:101ED000FEF770FD142203215DA0FEF76BFD2022AA
:101EE0000621DFF8580CFEF765FD04F0E3FE012043
:101EF000DFF84C1C0870BDEC028B01BD0000000037
:101F000064D30A0890D30A0880B5DFF8AC0390F8D0
:101F10003000022810D0DFF8A00390F8300000282D
:101F20000AD0DFF8940390F83000042804D0E24887
:101F300090F83000032843D10120DFF874140871B1
:101F40004448DFF8001C2C2203F008F90120DA498C
:101F500081F8360000F030FA02F0D1FF01F05BF9B1
:101F6000D549D1F82A00C0050CD5DFF844048168B2
:101F700000EE101A0421DFF8380490F8430002F054
:101F800069FC0BE0DFF82804816800EE101A0021DC
:101F9000DFF81C0490F8430002F05CFC00F0DAFD6E
:101FA000C64890F86600DFF8081481F8450006235B
:101FB00002220C21022003F005FB01F071FB3EE040
:101FC0002448DFF8841B2C2203F0C8F801F023F921
:101FD00002F08BFFB94890F85B00012803D1DFF8CD
:101FE00070051C49886001F05BFBB44890F83D0027
:101FF000002811D108220421DFF8500BFEF7DAFC8B
:102000001422032112A0FEF7D5FC20220621DFF8BE
:102010004805FEF7CFFC10E008220821DFF8300B5E
:10202000FEF7C8FC1422032109A0FEF7C3FC2022FE
:102030000621DFF8080BFEF7BDFC04F03BFE012093
:10204000DFF8FC1A087001BD0000C84200007A44A5
:1020500040235E00D028002020380020A83800202F
:10206000AD380020F8B5002400250220D0490871C1
:10207000DFF8A40CDFF8A41C2C2203F06FF800207A
:102080008D4981F8360000F0F5F902F038FF01F0D3
:10209000C2F800F0B6FE01F003FB00F05BFD8649DC
:1020A000D1F82A0040050CD4C148026A436A43ECC7
:1020B000102B51EC100B0122DFF8643C10F0E8FD0E
:1020C00012D8BB48826ABA48066A476A47EC106B66
:1020D000042316001F0051EC100B10F0F1FD3B0023
:1020E000320001F0DDFE4FE0744890F83500002822
:1020F00022D1724890F8340001281DD1AC48026A00
:10210000436A43EC102B51EC100B0022DFF8143C17
:1021100010F002FE10D2A648026A436A43EC102B6C
:1021200053EC102B0020DFF8001C10F00DFE10F017
:10213000C7FD04000D0020E0604890F8350001283C
:1021400010D19B48026A436A43EC102B53EC102BCE
:102150000020DFF8D01B10F0F7FD10F0B1FD0400F7
:102160000D000AE09248026A436A43EC102B51ECDE
:10217000100B10F0A5FD04000D008D48826A0223AB
:102180002000290001F08CFE0120DFF8B41908704E
:10219000F1BD80B501F03FF801F082FA0120DFF8CF
:1021A000A019087001BD444890F8330050F00700B2
:1021B000414981F83300FF20DFF8641C0870FF20DC
:1021C000DFF85C1C4870FF20DFF8541C8870FF208B
:1021D000DFF84C1CC870FF20DFF8441C4871FF205A
:1021E000DFF83C1C0871FF20DFF8341C8871FF20E9
:1021F000DFF82C1CC871FF20DFF8241C0872FF20B8
:10220000DFF8201C0870FF20DFF8181C4870FF2042
:10221000DFF8101C8870FF20DFF8081CC870FF2052
:10222000DFF8001C4871FF20DFF8F81B0871FF2061
:10223000DFF8F01B8871FF20DFF8E81BC871FF2072
:10224000DFF8E01B0872FF20DFF8DC1B0870FF20BE
:10225000DFF8D41B4870FF20DFF8CC1B8870FF200C
:10226000DFF8C41BC870FF20DFF8BC1B4871FF20DB
:10227000DFF8B41B0871FF20DFF8AC1B8871302039
:10228000DFF8A41BC871FF20DFF89C1B0872FF2039
:10229000DFF8941B4872FF20DFF88C1B8872FF2048
:1022A000DFF8841BC872FF20DFF87C1B0873FF2057
:1022B000DFF8741B487370473C350020C0350020A0
:1022C00014D40A0840D40A0880B5FF20DFF8501B58
:1022D0000870FF20DFF8481B4870FF20DFF8401B24
:1022E0008870FF20DFF8381BC870FF20DFF8301B34
:1022F0004871FF20DFF8281B0871FF20DFF8201B42
:102300008871FF20DFF8181BC871FF20DFF8101B51
:102310000872DFF8040A407B022805D0DFF80C0BB6
:102320000021C0F82A100AE0DFF8001BD1F82A00CB
:10233000DFF8F81A40F204421040C1F82A00DFF832
:10234000D809DFF8EC1A2C2202F008FF00207949A6
:1023500008700020DFF8C0190882DFF8D00A90F872
:10236000330050F00700DFF8C41A81F8330005206D
:102370000F4981F87B0000200D4908710D4890F845
:1023800066000B4981F845000A48416900EE101AC1
:10239000074810EE101AC0F867100520DFF88C1AF5
:1023A00081F861000020DFF8841A81F8620001BD25
:1023B000DC020020C0350020FF20DFF8681A08701A
:1023C000FF20DFF8601A4870FF20DFF8581A887085
:1023D000FF20DFF8501AC870FF20DFF8481A487154
:1023E000FF20DFF8401A0871FF20DFF8381A8871E3
:1023F000FF20DFF8301AC871FF20DFF8281A0872B2
:1024000000204C4908700020DFF80C190882DFF822
:102410001C0A0021C0F82A100520DFF8101A81F8E4
:1024200061000020DFF8041A81F86200DFF8E80894
:10243000407B012817D10020DFF80C1D81F87B00BC
:10244000DFF8F00990F86600DFF8FC1C81F8450021
:10245000DFF8E009416900EE101ADFF8EC0C10EE2D
:10246000101AC0F86710704798D40A086CD40A088C
:10247000C4EE0A08FF20DFF8B0190870FF20DFF86B
:10248000A8194870FF20DFF8A0198870FF20DFF836
:102490009819C870FF20DFF890194871FF20DFF805
:1024A00088190871FF20DFF8801988713020DFF863
:1024B0007819C871FF20DFF870190872FF20DFF863
:1024C00068194872FF20DFF860198872FF20DFF872
:1024D0005819C872FF20DFF850190873FF20DFF881
:1024E000481948730020134908700020DFF82818A5
:1024F00008820520DFF8501C81F87B000020DFF8FF
:10250000481C81F84400DFF82C09416900EE101ADC
:10251000DFF8340C10EE101AC0F867100520DFF851
:102520000C1981F861000020DFF8001981F86200C1
:1025300070470000A7380020C4D40A0848D50A080C
:102540000CD30A0838D30A080004004888D20A08C5
:1025500058EE0A089CF70A08A4F70A08B0EA0A0825
:10256000F8B52DED028BDFF8D008407B0A2880F209
:10257000A281DFF8C408407B012826D1DFF8AC082F
:1025800090F83000012820D1DFF8AC08DFF8A0185F
:102590002C2202F0E3FD0020DFF8AC1B08710020C4
:1025A000DFF8A41B4871DFF8840890F8330050F07E
:1025B0000100DFF8781881F83300FFF785FE00206E
:1025C000DFF8681881F8360062E0DFF86C08407BBD
:1025D00000282CD1DFF8540890F83000022805D0EC
:1025E000DFF8480890F83000002820D1DFF84808CC
:1025F000DFF850152C2202F0B1FD0120DFF8481B56
:1026000008710120DFF8401B4871DFF8200890F8BE
:10261000330050F00100DFF8141881F83300FFF7A1
:10262000CBFE0120DFF8041881F8360030E0DFF837
:102630000808407B02282BD1DFF8F00790F8300023
:10264000022805D0DFF8E40790F8300000281FD1F9
:10265000DFF8E407DFF8EC142C2202F07FFD012004
:10266000DFF8E41A08710120DFF8DC1A4871DFF89E
:10267000BC0790F8330050F00100DFF8B01781F884
:102680003300FFF799FE0120DFF8A01781F836002C
:10269000DFF8B40A007900285ED19FEDD38ADFF815
:1026A0008C17D1F82A00800509D50422DFF8980A92
:1026B00090F8421018EE100A01F08AF8E5E1DFF810
:1026C000740790F8350000281FD1DFF8680790F8EC
:1026D0003400012819D1DFF8700A816900EE101A60
:1026E000DFEDC20AB4EE600AF1EE10FA0DD5DFF8A4
:1026F000580A816900EE101ADFEDBD0A20EE200AAB
:10270000BCEEC00AB0EE408A1CE0DFF8280790F863
:10271000350001280DD1DFF8300A816900EE101A6A
:10272000DFEDB20A20EE200ABCEEC00AB0EE408A0D
:1027300008E0DFF8140A816900EE101ABCEEC00A46
:10274000B0EE408A0222DFF8000A90F8421018EE3C
:10275000100A01F03DF898E1DFF8EC090079012852
:102760001FD1DFF8C816D1F82A00C0050CD5DFF854
:10277000D809816800EE101A0421DFF8CC0990F81E
:10278000430002F067F880E1DFF8BC09816800EEE1
:10279000101A0021DFF8B00990F8430002F05AF84F
:1027A00073E1DFF8A4090079022840F06E8100246B
:1027B0000025DFF87816D1F82A0040050DD4DFF89F
:1027C0008809026A436A43EC102B51EC100B01227A
:1027D000DFF84C3510F05CFA14D8DFF86C09826A27
:1027E000DFF86409066A476A47EC106B0423160099
:1027F0001F0051EC100B10F063FA3B00320001F0A7
:102800004FFB42E1DFF82C0690F83500002825D177
:10281000DFF8200690F8340001281FD1DFF82809DE
:10282000026A436A43EC102B51EC100B0022DFF8D4
:10283000F43410F071FA11D2DFF80C09026A436A1D
:1028400043EC102B53EC102B0020DFF8DC1410F0BD
:102850007BFA10F035FA04000D0023E0DFF8D40510
:1028600090F83500012811D1DFF8DC08026A436ACC
:1028700043EC102B53EC102B0020DFF8A81410F0C1
:1028800063FA10F01DFA04000D000BE0DFF8B80841
:10289000026A436A43EC102B51EC100B10F010FA53
:1028A00004000D00DFF8A008826A0223200029003E
:1028B00001F0F6FAE9E0DFF88005407B322813D119
:1028C000DFF8680590F83000022805D0DFF85C05D5
:1028D00090F83000002807D1DFF87008DFF85815AD
:1028E000886004F02DFDD0E0DFF84C05407B3428F3
:1028F0000FD0DFF84405407B372805D1DFF82C05E1
:1029000090F86900002804D0DFF82C05407B3A28B5
:102910002ED1DFF8180590F83300C00716D5DFF880
:102920000C0590F8680001280ED1DFF8000590F83A
:102930002800002805D0DFF8F40490F82F000028C4
:1029400002D000F07BFA01E000F065FCDFF8F80748
:10295000816800EE101A0021DFF80C0C90F82100BD
:1029600005F0AEF90020DFF8C41481F833008CE0E4
:10297000DFF8C404407B3C2813D1DFF8B00490F8A2
:102980003000022805D0DFF8A40490F830000028B9
:1029900007D1DFF8B807DFF8A014886006F072FAF4
:1029A00073E0DFF87403407B18280CD1DFF87C0457
:1029B00090F83000012806D0FFF7A6FA0120DFF8D2
:1029C0008817487161E0D448407B192812D1DFF89C
:1029D0005C0490F8300002280CD0FFF79DF900202D
:1029E000DFF86417487150E0000000000000C842A2
:1029F00000007A44C848407B3E2807D0C648407B48
:102A0000412803D0C448407B4B282ED1DFF81C045A
:102A100090F83300C00716D5DFF8100490F868006E
:102A200001280ED1DFF8040490F82800002805D012
:102A3000DFF8F80390F82F00002802D000F0FEF92C
:102A400001E000F0E8FBDFF80007816800EE101AF3
:102A50000021DFF8140B90F8210006F0CBFE0020D7
:102A6000DFF8C81381F833000FE0AB48407B422801
:102A70000BD1DFF8B80390F83000012805D1DFF85A
:102A8000CC06A549886006F0FDF9A348407B5B2889
:102A90004CD0DFF8980390F8330040070DD59E48DE
:102AA000407B0A2807DB9C48407B322805DB9A489C
:102AB000407B462801DA00F04DF8DFF8700390F80B
:102AC0003300C00720D5DFF8640390F868000128C0
:102AD0000ED1DFF8580390F82800002805D0DFF861
:102AE0004C0390F82F00002802D000F0A7F901E075
:102AF00000F091FBDFF8340390F8330050F0080049
:102B0000DFF8281381F83300DFF8200390F8330052
:102B100080070BD58048407B0A2807DA7E48407B37
:102B2000012801D000F06DF900F0BAFD0020BF4986
:102B300081F83300BDEC028BF1BD0000ACF70A0850
:102B4000A538002004D20A085CD20A08B4F70A08A3
:102B5000BCEA0A083EB5684610F050FA0124022586
:102B600000980A21B0FBF1F010F13002D2B2290036
:102B7000C9B22000C0B203F093FB083400980A21C8
:102B8000B0FBF1F201FB120010F13002D2B22900C9
:102B9000C9B22000C0B203F083FBE41D3A22290031
:102BA000C9B22000C0B203F07BFB241D01980A21AA
:102BB000B0FBF1F010F13002D2B22900C9B220000E
:102BC000C0B203F06DFB083401980A21B0FBF1F2AA
:102BD00001FB120010F13002D2B22900C9B220006C
:102BE000C0B203F05DFB37BD7CB56A24002500262A
:102BF0009148407B0A2809DB8F48407B3228C0F28D
:102C000089808D48407B4C2880F28480894890F8E8
:102C1000690000283FD1DFF830054088B0F5DC7F3F
:102C20000DDB10200190082000901523DFF8642BA5
:102C30002900C9B22000C0B203F00CFD6AE0DFF841
:102C400008054088B0F5A57F17DDDFF8FC04408853
:102C5000B0F5A570072190FBF1F006003000C0B27E
:102C60000190082000901523DFF8282B2900C9B215
:102C70002000C0B203F0EEFC4CE0002001900820E0
:102C800000901523DFF80C2B2900C9B22000C0B238
:102C900003F0E0FC3EE0DFF8B0044088B0F5D27FFE
:102CA0000DDB10200190082000901523DFF8E42AA6
:102CB0002900C9B22000C0B203F0CCFC2AE0DFF842
:102CC00088044088B0F5A57F17DDDFF87C044088D4
:102CD000B0F5A570072190FBF1F006003000C0B2FE
:102CE0000190082000901523DFF8A82A2900C9B216
:102CF0002000C0B203F0AEFC0CE0002001900820E0
:102D000000901523DFF88C2A2900C9B22000C0B238
:102D100003F0A0FC73BD0000D028002030D20A08C8
:102D200084D797410000594000408F402DE9F34F70
:102D300081B014001D00002600275FF000085FF03E
:102D400004095FF0000A022300226921252002F015
:102D500039FC0DF10500D0F800B09DF804002018F2
:102D60008246EDB2002D09D15FFA8AFA5FEACA0005
:102D7000D0F18000022190FBF1F005000020060058
:102D80009DF8040086423AD21BF806000700002096
:102D900000904B46DBB23A00D2B24146C9B228009D
:102DA000C0B203F07DF9FFB2572F01D10C3524E0FA
:102DB000FFB24D2F01D10B351FE0FFB2DB2F01D148
:102DC0000A351AE0FFB2452F05D0FFB2462F02D0D8
:102DD000FFB24C2F01D1AD1D0FE0FFB2492F01D141
:102DE0006D1D0AE0FFB2542F01D1ED1D05E0FFB2C9
:102DF000202F01D16D1D00E00835761CC0E7BDE82D
:102E0000F78F80B5094890F8300004F001F80748C2
:102E100090F8330010F0FD00044981F8330001BD43
:102E2000AC36002048370020283700203C350020F1
:102E3000D8D10A08C0350020D028002000B583B0C2
:102E4000DFF85419D1F82A00C00511D5DFF8480978
:102E500090F8360001280BD1DFF840196846FDF7DD
:102E60001AFC00230122DDE9000100F071F9C8E03D
:102E7000DFF82419D1F82A00000511D5DFF8180968
:102E800090F8360002280BD1DFF814196846FDF7D8
:102E900002FC00230122DDE9000100F059F9B0E055
:102EA000DFF8F418D1F82A00000511D5DFF8E8089A
:102EB00090F8360003280BD1DFF8E8186846FDF7D4
:102EC000EAFB00230122DDE9000100F041F998E06E
:102ED000DFF8C418D1F82A00C00711D5DFF8B80808
:102EE00090F8360001280BD1DFF8BC186846FDF7D2
:102EF000D2FB00230122DDE9000100F029F980E086
:102F0000DFF89418D1F82A00000711D5DFF88808F7
:102F100090F8360002280BD1DFF890186846FDF7CC
:102F2000BAFB00230122DDE9000100F011F968E09D
:102F3000DFF86418D1F82A00000711D5DFF8580827
:102F400090F8360003280BD1DFF864186846FDF7C7
:102F5000A2FB00230122DDE9000100F0F9F850E0B6
:102F6000DFF8340890F82E00C0070BD5DFF84418BE
:102F70006846FDF790FB00230122DDE9000100F027
:102F8000E7F83EE0DFF8100890F82E0080070BD538
:102F9000DFF824186846FDF77EFB00230122DDE9F7
:102FA000000100F0D5F82CE0DFF8EC0790F82E00D7
:102FB00040070BD5DFF804186846FDF76CFB0023CB
:102FC0000122DDE9000100F0C3F81AE0DFF8C807CC
:102FD00090F82E00000714D5DFF8E4176846FDF7D7
:102FE0005AFB00230122DDE9000100F0B1F8DFF80F
:102FF000A80790F82E0010F0F700DFF89C1781F872
:103000002E00DFF8940790F83600002840F09B80EF
:10301000DFF88407B0F8700040F20441084245D060
:10302000DFF87417D1F82A0040050BD5DFF89417A4
:103030006846FDF730FB00230122DDE9000100F0C6
:1030400087F810E0DFF85017D1F82A0040070AD5BA
:10305000DFF874176846FDF71EFB00230122DDE947
:10306000000100F075F8DFF83017D1F82A0080076A
:1030700005D4DFF82417D1F82A00800563D5DFF8DE
:103080001807B0F8700040F202210843DFF8081773
:10309000A1F87000DFF80007B0F870004FF6FB31C0
:1030A0000840DFF8F416A1F870004CE0DFF8E806FD
:1030B000B0F8700040F20221084244D0DFF8D81680
:1030C000D1F82A0080050BD5DFF800176846FDF718
:1030D000E2FA00230122DDE9000100F039F810E0F6
:1030E000DFF8B416D1F82A0080070AD5DFF8441DAE
:1030F0006846FDF7D0FA00230122DDE9000100F067
:1031000027F8DFF89416D1F82A00400705D4DFF835
:103110008816D1F82A00400515D5DFF87C06B0F8EE
:10312000700040F204410843DFF86C16A1F870000B
:10313000DFF86406B0F870004FF6FD510840DFF884
:103140005816A1F8700007BDDC020020B8EB0A0891
:103150002DE9F34F81B014001D00002600275FF019
:1031600000085FF004095FF0000A02F0B0FA0DF108
:103170000500D0F800B09DF8040020188246EDB29A
:10318000002D0AD15FFA8AFA5FEACA00D0F1800006
:10319000022190FBF1F0801D0500002006009DF843
:1031A0000400864235D21BF806000700012000907B
:1031B0004B46DBB23A00D2B24146C9B22800C0B297
:1031C00002F06EFFFFB2572F01D10C351FE0FFB2A6
:1031D0004D2F01D10B351AE0FFB2452F05D0FFB2BC
:1031E000462F02D0FFB24C2F01D1AD1D0FE0FFB230
:1031F000492F01D16D1D0AE0FFB2542F01D1ED1D01
:1032000005E0FFB2202F01D16D1D00E00835761CCE
:10321000C5E7BDE8F78F30B583B0692400250223E8
:1032200000228421022002F0CDF9DFF80C0C407B53
:10323000002809D0DFF8000C407B152804D0DFF807
:10324000F80B407B192855D1DFF8F00B90F86D0092
:10325000012836D1DFF8E80B90F8560000280BD192
:10326000DFF8E01B6846FDF716FA2E230122DDE9A0
:103270000001FFF75BFD0FE1DFF8C40B90F856008B
:1032800001280BD1DFF8C01B6846FDF704FA2E2396
:103290000122DDE90001FFF749FDFDE0DFF8A00BA9
:1032A00090F85600022840F0F780DFF8A01B68462F
:1032B000FDF7F1F92E230122DDE90001FFF736FDCC
:1032C000EAE0DFF88C1B6846FDF7E5F92E230122C2
:1032D000DDE90001FFF72AFD5020040009200090DD
:1032E0000623DFF8702B2900C9B22000C0B202F01B
:1032F00090FBD1E0DFF8400B407B01280BD1DFF8D9
:10330000581B6846FDF7C7F92E230022DDE90001AE
:10331000FFF70CFDC0E0DFF8200B407B322804DB18
:10332000DFF8140B407B3A2809DBDFF80C0B407BFD
:103330004E2804D0DFF8000B407B4F2818D1DFF86F
:10334000101B6846FDF7A7F92E230122DDE90001D5
:10335000FFF7ECFC50200400092000900823DFF860
:10336000FC2A2900C9B22000C0B202F052FB93E04F
:10337000DFF8C40A407B3A2825D1DFF8E41A684612
:10338000FDF789F92E230122DDE90001FFF7CEFCCC
:103390004C200400092000900623DFF8C82A2900E9
:1033A000C9B22000C0B202F034FB5320040009204F
:1033B00000900623DFF89C2A2900C9B22000C0B281
:1033C00002F027FB68E0DFF8700A407B3C2804DB52
:1033D000DFF8640A407B462809DBDFF85C0A407BA3
:1033E0004C2804D0DFF8500A407B4D2818D1DFF874
:1033F000601A6846FDF74FF92E230122DDE900012E
:10340000FFF794FC50200400092000900623DFF809
:10341000542A2900C9B22000C0B202F0FAFA3BE0F7
:10342000DFF8140A407B4B2818D1DFF8341A6846BD
:10343000FDF731F92E230122DDE90001FFF776FCCB
:103440004C200400092000900623DFF8082A2900F8
:10345000C9B22000C0B202F0DCFA1DE0DFF8D809E2
:10346000407B0A280CD1DFF8D00901686846FDF7D7
:1034700012F930230022DDE90001FFF757FC0BE0D1
:10348000DFF8B40901686846FDF705F9002300225A
:10349000DDE90001FFF74AFCDFF89C09407B0A28C0
:1034A00009DBDFF89409407B322857DBDFF8880915
:1034B000407B4C2852DADFF88409407EC0070CD5E7
:1034C000232004000B2000900723DFF89C2929000B
:1034D000C9B22000C0B202F09CFADFF86009407E59
:1034E00040070CD5612004000B2000900623DFF874
:1034F0007C292900C9B22000C0B202F08AFADFF8A4
:103500003C09407E00070CD55D2004000B20009094
:103510000223DFF85C292900C9B22000C0B202F002
:1035200078FADFF81809407EC0060DD56A2004003D
:103530000A2000901623DFF83C292900C9B2200098
:10354000C0B202F066FA01E0FFF74EFBDFF8EC08CC
:1035500090F86200002801D1FFF7FCFA0C228021CC
:10356000002003F021FA37BD500100202DE9F34778
:1035700014000025002600275FF000080620070041
:103580002000C0B202F055F89DF800905FFA89F96A
:103590005FEAC900D0F13D00022190FBF1F0E4B2F6
:1035A000492101FB040080460DF10100D0F800A084
:1035B000002005005FFA89F94D4533D21AF805005D
:1035C0000600F6B25E2E09D10623DFF8AC283900DA
:1035D000C9B24046C0B202F07FFA07E03200D2B270
:1035E0003900C9B24046C0B202F092FFF6B24D2E89
:1035F00002D0F6B2572E02D118F10A0810E0F6B246
:10360000452E02D0F6B2492E02D118F1070807E084
:10361000F6B2DB2E02D118F10A0801E018F1080811
:103620006D1CC7E7BDE8F3872DE9F34F81B01400A7
:103630000025002600275FF000085FF00009062043
:1036400007009DF804A05FFA8AFA5FEACA00D0F189
:103650003D00022190FBF1F0E4B2492101FB04009E
:1036600080460DF10500D0F800B0002005005FFA9B
:103670008AFA554512D21BF805000600002000907A
:103680004B46DBB23200D2B23900C9B24046C0B2BA
:1036900002F006FD18F108086D1CE8E7BDE8F78F99
:1036A00000B583B0DFF890078068DFF8D017884254
:1036B00011D1DFF8840741686846FCF7ECFF00226F
:1036C000DDE90001FFF752FF0823062284214B2089
:1036D00001F078FF39E0DFF860078068DFF8A017B5
:1036E00088421CD1DFF8500741686846FCF7D3FFD9
:1036F0000022DDE90001FFF739FF082306228421BB
:103700004B2001F05FFFDFF8300781686846FCF767
:10371000C2FF0122DDE90001FFF786FF15E0DFF8B7
:10372000180741686846FCF7B6FF0022DDE9000192
:10373000FFF71CFFDFF8000781686846FCF7ABFF66
:103740000122DDE90001FFF711FFDFF8EC06007B45
:10375000012809D10C2000900923DFF82827062131
:103760003D2002F056F914E0DFF8CC06007B022879
:1037700009D10C2000900923DFF80C2706213D20F9
:1037800002F047F905E0082306224C213E2001F013
:1037900019FF07BD80D10A083C350020E0ED0A087A
:1037A000ECED0A08F8ED0A088CED0A08B0ED0A08FD
:1037B000BCED0A0804EE0A0810EE0A081CEE0A081E
:1037C00028EE0A08D4ED0A08A4ED0A08C8ED0A0894
:1037D0002DE9FE4F81460C001500FF2600275FF003
:1037E000000A5FF00008DFF8A40690F835008DF8B5
:1037F00004008DF806500020DFF8401681F83600EE
:10380000EDB2042D18D1DFF888068079042813D092
:1038100004208DF8060012208246022007000623AD
:1038200002228421022001F0CDFE3900C9B25046A7
:10383000C0B202F033F8F3E2EDB2042D00F0F082F2
:10384000DFF84C068079042807D106230222842160
:10385000022001F0B7FEFEF737FDDFF8300690F8E2
:103860003500002814D1DFF8240690F83400012830
:103870000ED1DFF8CC05816900EE101ADFED1F0ACA
:10388000B4EE600AF1EE10FA02D50120050014E052
:10389000DFF80006814506D3DFF8FC05B9FBF0F937
:1038A0000020050009E0DFF8F405814505D34FF459
:1038B0007A70B9FBF0F903200500B9F57A7F1FD2C1
:1038C0006420B9FBF0F08DF800000A208DF80100AB
:1038D0000A20B9FBF0F00A21B0FBF1F201FB120063
:1038E0008DF802000A20B9FBF0F100FB11908DF871
:1038F000030000208DF8050048E000BF0000C8422A
:1039000042F21070814520D24FF47A70B9FBF0F08A
:103910008DF800006420B9FBF0F00A21B0FBF1F251
:1039200001FB12008DF801000A208DF802000A2028
:10393000B9FBF0F00A21B0FBF1F201FB12008DF8A7
:10394000030001208DF8050020E042F21070B9FB61
:10395000F0F08DF800004FF47A70B9FBF0F00A2116
:10396000B0FBF1F201FB12008DF801006420B9FBFD
:10397000F0F00A21B0FBF1F201FB12008DF8020019
:103980000A208DF8030002208DF805008DF80650FE
:103990000E208246022007009DF80500DFF8F01493
:1039A0004979884233D19DF8050002282FD05FF075
:1039B000000B5FFA8BFBBBF1040F80F29E80684620
:1039C0005FFA8BFB10F80B00DFF8C4145FFA8BFB77
:1039D00011F80B1088420BD01C2368465FFA8BFB52
:1039E00010F80B203900C9B25046C0B201F0CEFE2B
:1039F00068465FFA8BFB10F80B000A2802D01AF118
:103A0000160A01E01AF10A0A1BF1010BD1E79DF831
:103A10000500022848D1DFF87804407902281ED03A
:103A20001C223900C9B25046C0B201F098FF5FF0C5
:103A3000000B5FFA8BFBBBF1030F5EDA1C236846B9
:103A40005FFA8BFB10F80B203900C9B25046C0B2A8
:103A500001F09CFE1AF1160A1BF1010BE9E75FF079
:103A6000000B5FFA8BFBBBF1030F46DA68465FFA87
:103A70008BFB10F80B00DFF818145FFA8BFB11F8C2
:103A80000B1088420BD01C2368465FFA8BFB10F8A2
:103A90000B203900C9B25046C0B201F077FE1AF1CE
:103AA000160A1BF1010BDCE71C223900C9B2504693
:103AB000C0B201F054FF5FF0000B5FFA8BFBBBF16B
:103AC000040F1ADA1C2368465FFA8BFB10F80B20F0
:103AD0003900C9B25046C0B201F058FE68465FFADC
:103AE0008BFB10F80B000A2802D01AF1160A01E02D
:103AF0001AF10A0A1BF1010BDFE7DFF89403C07922
:103B00000A21E34A127A01FB00200600200031005E
:103B1000C0B2C9B2884246D0642082460420070061
:103B2000062304227621642001F04CFDE4B2642CCB
:103B300001DB63200400E4B20A2094FBF0F08DF86E
:103B40000700E4B20A2094FBF0F100FB11408DF86D
:103B500008007FF0020B5B465BB29DF8070010F196
:103B60003002D2B23900C9B25046C0B202F050F9A8
:103B70001AF1080A5B465BB29DF8080010F13002AA
:103B8000D2B23900C9B25046C0B202F041F91AF1BE
:103B9000070A5B465BB225223900C9B25046C0B263
:103BA00002F036F907E0BA48C0798DF80700B84846
:103BB000007A8DF808009DF80600B5498979884299
:103BC00006D19DF80400B2490979884200F02881A5
:103BD0000423022284215C2001F0F4FCAB4890F81D
:103BE0003D00012819D1022007005A208246434691
:103BF0005BB220223900C9B25046C0B201F0BFFF0B
:103C00009DF80600022803D19DF80400002801D089
:103C10001AF1070A032080460CE09DF804000028F2
:103C200002D15C20824601E060208246022007002B
:103C3000002080469DF8060001281CD1934890F88A
:103C40003D0001280BD143465BB2ED223900C9B2D9
:103C50005046C0B201F093FF1AF1080A69E04346EA
:103C60005BB26E223900C9B25046C0B201F087FF84
:103C70001AF1080A5DE09DF80600022827D1834862
:103C800090F83D00012816D143465BB2EC22390082
:103C9000C9B25046C0B201F072FF1AF1080A434699
:103CA0005BB2EA223900C9B25046C0B201F067FFE8
:103CB0001AF1070A3DE043465BB22A223900C9B235
:103CC0005046C0B201F05BFF1AF1080A31E09DF8DE
:103CD000060003281ED16D4890F83D0001280BD145
:103CE00043465BB2EC223900C9B25046C0B201F083
:103CF00046FF1AF1080A1CE0BAF1030A43465BB218
:103D00006D223900C9B25046C0B201F038FF1AF135
:103D10000C0A0EE09DF8060000280AD143465BB26B
:103D200020223900C9B25046C0B201F028FF1AF172
:103D3000040A9DF80400002830D1544890F83D0052
:103D4000012816D143465BB2C7223900C9B250469A
:103D5000C0B201F014FF1AF1070A43465BB2E22237
:103D60003900C9B25046C0B201F009FF1AF1040A85
:103D70002FE0002353223900C9B25046C0B201F0EF
:103D8000FEFE1AF1080A002376223900C9B2504615
:103D9000C0B201F0F4FE1AF1060A1AE03B4890F8AE
:103DA0003D0001280BD143465BB2D0223900C9B295
:103DB0005046C0B201F0E3FE1AF1030A09E0002305
:103DC00052223900C9B25046C0B201F0D8FE1AF1F1
:103DD000070A2E4890F83D0001280DD11AF1050A76
:103DE0007FF00103F7223900C9B25046C0B201F09A
:103DF000C6FEBAF1050A0BE01AF1070A0023682291
:103E00003900C9B25046C0B201F0B9FEBAF1070A92
:103E100000232F223900C9B25046C0B201F0F8FF8A
:103E20001B486946B1E80C10A0E80C100C390C389E
:103E3000BDE8F78F98ED0A08D02800203C35002017
:103E4000DC02002000EC0A080CEC0A0818EC0A0856
:103E5000F4EB0A08F8EA0A0844ED0A0868E40A08DC
:103E60005CED0A0804EB0A08F0DD0A08E0EA0A083B
:103E70009CFB0A08ACD10A08ECEA0A0858EE0A08CA
:103E8000C4EE0A08D0E10A08E4E10A08C0350020BF
:103E9000AC36002000E1F50540420F00A08601008D
:103EA0002DE9FC4F87B006000F00002500240020FC
:103EB0008DF8060000208DF8040000208DF8050024
:103EC0005FF000095FF00008DFF8680990F835003E
:103ED0008DF80C009DF820008DF80E000020DFF812
:103EE000581981F836009DF82000042818D1DFF811
:103EF0004C098079042813D004208DF80E0012207C
:103F0000040002200500062302228421022001F081
:103F100059FB2900C9B22000C0B201F0BFFC62E227
:103F20009DF82000042800F05E82DFF810098079F7
:103F3000042807D1062302228421022001F042FB3B
:103F4000FEF798FADFF8EC0890F83500002817D152
:103F5000DFF8E00890F83400012811D1DFF8E028FC
:103F6000106A516A41EC100B51EC100B0022DFF883
:103F7000D4380EF0D1FE03D201208DF8200028E0C5
:103F8000DFF8C40800218F420FD301D886420CD33A
:103F900030003900DFF8B42800230FF069FA06007A
:103FA0000F0000208DF8200013E0DFF8A4080021A6
:103FB0008F420ED301D886420BD3300039004FF424
:103FC0007A7200230FF054FA06000F0003208DF8D8
:103FD0002000002F26D802D3B6F57A7F22D23000F7
:103FE0003900642200230FF043FA8DF808000A20FC
:103FF0008DF80900300039000A2200230FF038FA4A
:104000000A2200230FF034FA8DF80A20300039001C
:104010000A2200230FF02CFA8DF80B2000208DF8D7
:104020000D0057E042F2107000218F422AD801D3D0
:10403000864227D2300039004FF47A7200230FF005
:1040400017FA8DF8080030003900642200230FF0C1
:104050000FFA0A2200230FF00BFA8DF809200A202C
:104060008DF80A00300039000A2200230FF000FA10
:104070000A2200230FF0FCF98DF80B2001208DF8A7
:104080000D0027E03000390042F2107200230FF0DB
:10409000EFF98DF80800300039004FF47A720023F0
:1040A0000FF0E6F90A2200230FF0E2F98DF809205B
:1040B00030003900642200230FF0DAF90A220023CD
:1040C0000FF0D6F98DF80A200A208DF80B00022097
:1040D0008DF80D009DF820008DF80E000E200400D4
:1040E000022005009DF80D00DFF85017497988423D
:1040F00031D19DF80D0002282DD05FF0000A5FFA43
:104100008AFABAF1040F80F29A8002A85FFA8AFA5A
:1041100010F80A00DFF824175FFA8AFA11F80A107B
:1041200088420BD01C2302A85FFA8AFA10F80A20F2
:104130002900C9B22000C0B201F028FB02A85FFA32
:104140008AFA10F80A000A2801D0163400E00A346E
:104150001AF1010AD3E79DF80D00022848D19DF815
:104160000D00DFF8D8164979884223D15FF0000AA4
:104170005FFA8AFABAF1030F61DA02A85FFA8AFAE3
:1041800010F80A00DFF8B4165FFA8AFA11F80A107C
:1041900088420BD01C2302A85FFA8AFA10F80A2082
:1041A0002900C9B22000C0B201F0F0FA16341AF1A9
:1041B000010ADDE71C222900C9B22000C0B201F0CB
:1041C000CEFB5FF0000A5FFA8AFABAF1030F36DA23
:1041D0001C2302A85FFA8AFA10F80A202900C9B243
:1041E0002000C0B201F0D2FA16341AF1010AEAE74F
:1041F0001C222900C9B22000C0B201F0B0FB5FF060
:10420000000A5FFA8AFABAF1040F18DA1C2302A82E
:104210005FFA8AFA10F80A202900C9B22000C0B259
:1042200001F0B4FA02A85FFA8AFA10F80A000A2824
:1042300001D0163400E00A341AF1010AE1E79DF8D2
:104240000E00DFF8F8158979884200F0CC80032051
:104250000500642004005FF0000A5FFA8AFABAF1F0
:10426000030F0BDA002320222900C9B22000C0B2BC
:1042700001F085FC09341AF1010AEEE79DF80C0003
:10428000002802D16420040001E0692004009DF8A8
:104290000E00012819D1DFF89C0590F83D00012897
:1042A00009D10023ED222900C9B22000C0B201F0DB
:1042B00066FC083450E000236E222900C9B22000B9
:1042C000C0B201F05CFC083446E09DF80E00022804
:1042D00025D1DFF8600590F83D00012812D10023B8
:1042E000EC222900C9B22000C0B201F048FC083419
:1042F0000023EA222900C9B22000C0B201F03FFC2D
:10430000E41D29E00E2000900D23DFF86C2D29001C
:10431000C9B22000C0B201F07CFB08341CE09DF85B
:104320000E00032818D1DFF80C0590F83D00012895
:1043300009D10023EC222900C9B22000C0B201F04B
:104340001EFC083408E000236D222900C9B22000B9
:10435000C0B201F014FC0C349DF80C0000282AD1E6
:10436000DFF8D00490F83D00012812D10023C722C5
:104370002900C9B22000C0B201F001FCE41D0023F5
:10438000E2222900C9B22000C0B201F0F8FB241DCE
:1043900029E0002353222900C9B22000C0B201F055
:1043A000EEFB0834002376222900C9B22000C0B2F7
:1043B00001F0E5FB17E0DFF87C0490F83D000128F0
:1043C00009D10023D0222900C9B22000C0B201F0D7
:1043D000D6FBE41D07E0002352222900C9B22000C9
:1043E000C0B201F0CCFB0798DFF8F81C884280F0DF
:1043F000A68007984FF46161B0FBF1F08DF80400DE
:1044000007983C21B0FBF1F09DF804103C22514389
:10441000401A8DF8060030208DF80F009DF804003A
:104420000A2190FBF1F00A2190FBF1F201FB12004E
:1044300030308DF810009DF804000A2190FBF1F255
:1044400001FB120030308DF81100DFF8E80390F81E
:104450003D00002801D1482000E0D7208DF812004F
:104460009DF806000A2190FBF1F00A2190FBF1F281
:1044700001FB120030308DF813009DF806000A2170
:1044800090FBF1F201FB120030308DF81400DFF8E0
:10449000A40390F83D00002801D14D2000E0CC207D
:1044A0008DF815000020C0B207280DDA02A9C0B2AD
:1044B0000144C979E14AC0B20244D279914201D0A3
:1044C00001218846401CEEE75FFA88F8B8F1000F3A
:1044D00000F0A68148200400062005007FF0020AB3
:1044E0005FF0000B5FFA8BFBBBF1070F0CDA534652
:1044F0005BB220222900C9B22000C0B201F03FFB0C
:1045000008341BF1010BEDE7482004005FF0010BBC
:104510005FFA8BFBBBF1070F80F2828153465BB2DF
:1045200002A85FFA8BFB5844C2792900C9B2200067
:10453000C0B201F024FB08341BF1010BE8E7079837
:10454000DFF8A81B884280F0BE800798DFF8941B34
:10455000B0FBF1F0814607984FF46161B0FBF1F0D8
:104560001FFA89F9182101FB09F1401A8DF804009E
:104570001FFA89F9642099FBF0F00A2190FBF1F20F
:1045800001FB120030308DF80F001FFA89F90A2064
:1045900099FBF0F00A2190FBF1F201FB12003030A0
:1045A0008DF810001FFA89F90A2099FBF0F100FB41
:1045B000119030308DF811009E4890F83D00002891
:1045C00001D1442000E0C4208DF812009DF80400C1
:1045D0000A2190FBF1F00A2190FBF1F201FB12009D
:1045E00030308DF813009DF804000A2190FBF1F2A1
:1045F00001FB120030308DF814008E4890F83D0019
:10460000002801D1482000E0D7208DF815000020B7
:10461000C0B207280DDA02A9C0B20144C979874A9D
:10462000C0B20244D279914201D001218846401C97
:10463000EEE75FFA88F8B8F1000F00F0F18048204B
:104640000400062005007FF0020A5FF0000B5FFA0D
:104650008BFBBBF1070F0CDA53465BB2202229001B
:10466000C9B22000C0B201F08AFA08341BF1010B74
:10467000EDE7482004009DF80F0030280AD053468B
:104680005BB29DF80F202900C9B22000C0B201F032
:1046900076FA08345FF0010B5FFA8BFBBBF1070F72
:1046A00080F2BE8053465BB202A85FFA8BFB58448F
:1046B000C2792900C9B22000C0B201F060FA083402
:1046C0001BF1010BE8E70798DFF8201AB0FBF1F0C7
:1046D0008DF805000798DFF80C1AB0FBF1F09DF893
:1046E000051040F26D125143401A81469DF80500B5
:1046F0000A2190FBF1F00A2190FBF1F201FB12007C
:1047000030308DF80F009DF805000A2190FBF1F282
:1047100001FB120030308DF81000464890F83D0043
:10472000002801D1592000E0C3208DF811001FFAA4
:1047300089F9642099FBF0F00A2190FBF1F201FB6A
:10474000120030308DF812001FFA89F90A2099FB07
:10475000F0F00A2190FBF1F201FB120030308DF8ED
:1047600013001FFA89F90A2099FBF0F100FB119060
:1047700030308DF814002F4890F83D00002801D10A
:10478000442000E0C4208DF815000020C0B20728A6
:104790000DDA02A9C0B20144C979284AC0B2024464
:1047A000D279914201D001218846401CEEE75FFAA0
:1047B00088F8B8F1000F33D0482004000620050027
:1047C0007FF0020A5FF0000B5FFA8BFBBBF1070F73
:1047D0000CDA53465BB220222900C9B22000C0B2D5
:1047E00001F0CDF908341BF1010BEDE7482004007E
:1047F0005FF0000B5FFA8BFBBBF1070F10DA53463B
:104800005BB202A85FFA8BFB5844C2792900C9B297
:104810002000C0B201F0B3F908341BF1010BE9E745
:1048200002A80FC8DFF814C08CE80F0009B0BDE87B
:10483000F08F0000C03500203C35002028370020D4
:10484000DC0200200000594000E1F50540420F0065
:10485000A08601002DE9F8432DED028B84B0B0EE67
:10486000408A04000D0000275FF00008DFF8800890
:1048700090F836008DF804008DF80650DFF87408C3
:10488000C0790A21DFF86C28127A01FB002601208A
:10489000DFF8641881F83600EDB2042D18D1DFF886
:1048A00054088079042813D004208DF806001220C3
:1048B000804602200700062302228421022000F005
:1048C00081FE3900C9B24046C0B200F0E7FFFFE206
:1048D000EDB2042D00F0FC82DFF81808807904287E
:1048E00007D1062302228421022000F06BFEFDF78F
:1048F00063FDDFF8FC0790F83600012803D19FED37
:10490000420A28EE008A9FED410AB4EE408AF1EE99
:1049100010FA07DB9FED3D0A88EE008A02208DF831
:1049200006000DE09FED3A0AB4EE408AF1EE10FA6F
:1049300006DB9FED370A88EE008A01208DF806001D
:10494000B2EE040AB4EE408AF1EE10FA2AD5BCEEBB
:10495000C80A10EE100A8DF800000A208DF8010038
:10496000B2EE040A28EE000ABCEEC00A10EE100AED
:104970000A21B0FBF1F201FB12008DF802009FED5D
:10498000250A28EE000ABCEEC00A10EE100A0A2121
:10499000B0FBF1F201FB12008DF8030000208DF84E
:1049A000050061E09FED1B0AB4EE408AF1EE10FABB
:1049B00032D5B2EE040A88EE000ABCEEC00A10EE50
:1049C000100A8DF80000BCEEC80A10EE100A0A2189
:1049D000B0FBF1F201FB12008DF801000A208DF806
:1049E0000200B2EE040A28EE000ABCEEC00A10EE85
:1049F000100A0A21B0FBF1F201FB12008DF803004E
:104A000001208DF805002FE0000070420024744959
:104A100000007A440000C842BCEEC80A10EE100A3A
:104A20006421B0FBF1F08DF80000BCEEC80A10EE76
:104A3000100A0A21B0FBF1F00A21B0FBF1F201FBF0
:104A400012008DF80100BCEEC80A10EE100A0A210F
:104A5000B0FBF1F201FB12008DF802000A208DF884
:104A6000030002208DF805000E208046022007007A
:104A70009DF80500DFF87C164979884233D19DF80E
:104A8000050002282FD05FF000095FFA89F9B9F11B
:104A9000040F80F2A08068465FFA89F910F80900D7
:104AA000DFF850165FFA89F911F8091088420BD027
:104AB0001C2368465FFA89F910F809203900C9B249
:104AC0004046C0B200F062FE68465FFA89F910F80D
:104AD00009000A2802D018F1160801E018F10A08A6
:104AE00019F10109D1E79DF8050002284AD19DF886
:104AF0000500DFF800164979884224D15FF00009EB
:104B00005FFA89F9B9F1030F65DA68465FFA89F946
:104B100010F80900DFF8DC155FFA89F911F80910BF
:104B200088420BD01C2368465FFA89F910F80920E7
:104B30003900C9B24046C0B200F028FE18F116088C
:104B400019F10109DCE71C223900C9B24046C0B2A4
:104B500000F005FF5FF000095FFA89F9B9F1030F72
:104B600039DA1C2368465FFA89F910F80920390000
:104B7000C9B24046C0B200F009FE18F1160819F19A
:104B80000109E9E71C223900C9B24046C0B200F071
:104B9000E6FE5FF000095FFA89F9B9F1040F1ADA4D
:104BA0001C2368465FFA89F910F809203900C9B258
:104BB0004046C0B200F0EAFD68465FFA89F910F895
:104BC00009000A2802D018F1160801E018F10A08B5
:104BD00019F10109DFE79DF80600DFF8181589795A
:104BE000884207D19DF80400DFF80815097988424A
:104BF00000F0198100F08DF902200700DFF8F004C1
:104C000090F83D00002840F08980642080465FF0E5
:104C100000095FFA89F9B9F1060F0CDA00232022A6
:104C20003900C9B24046C0B200F0A9FF18F1080827
:104C300019F10109EDE75C2080469DF80600022885
:104C40000CD15B2080460023CC223900C9B24046FB
:104C5000C0B200F094FF18F10A0818E09DF80600B1
:104C600001280AD100234B223900C9B24046C0B204
:104C700000F085FF18F1080809E000232022390020
:104C8000C9B24046C0B200F07AFF18F10808DFF858
:104C9000600490F8360000281CD1002363223900FC
:104CA000C9B24046C0B200F06AFF18F108080023FC
:104CB00070223900C9B24046C0B200F060FF18F15E
:104CC0000808002373223900C9B24046C0B200F080
:104CD00056FFA6E0DFF8180490F83600012840F0EF
:104CE000A080002363223900C9B24046C0B200F060
:104CF00046FF18F10808002370223900C9B2404667
:104D0000C0B200F03CFF18F1080800236D22390002
:104D1000C9B24046C0B200F032FF82E0592080465E
:104D20009DF8060002280BD17FF001034D223900C7
:104D3000C9B24046C0B200F022FF18F1080819E0DD
:104D40009DF8060001280BD17FF001034B223900AA
:104D5000C9B24046C0B200F012FF18F1070809E0DE
:104D6000002320223900C9B24046C0B200F007FF3C
:104D700018F10808662080460423E8223900C9B2E9
:104D80004046C0B200F0FBFE18F107080423EC22F5
:104D90003900C9B24046C0B200F0F1FE18F108086F
:104DA0000423EF223900C9B24046C0B200F0E7FE4A
:104DB0007F1CCF4890F8360000280AD16E2080462C
:104DC0000323F1223900C9B24046C0B201F020F8F5
:104DD00022E0C74890F8360001281DD166208046A1
:104DE0000323EC223900C9B24046C0B200F0C7FE2E
:104DF00018F108080323E8223900C9B24046C0B2BE
:104E000000F0BDFE18F107080323ED223900C9B2F6
:104E10004046C0B200F0B3FE18227E21632001F0AC
:104E2000C3FDFF20060020003100C0B2C9B2884295
:104E300046D0062304227621642000F0C3FB6420C0
:104E4000804604200700E4B2642C01DB63200400E8
:104E5000E4B20A2094FBF0F08DF80700E4B20A20D7
:104E600094FBF0F100FB11408DF808007FF002097F
:104E70004B465BB29DF8070010F13002D2B2390008
:104E8000C9B24046C0B200F0C3FF18F108084B4653
:104E90005BB29DF8080010F13002D2B23900C9B2FD
:104EA0004046C0B200F0B4FF18F107084B465BB2B1
:104EB00025223900C9B24046C0B200F0A9FF07E080
:104EC0008C48C0798DF807008A48007A8DF8080070
:104ED00088486946B1E80C10A0E80C100C390C3871
:104EE00004B0BDEC028BBDE8F18380B501F07DFF1D
:104EF000092302228421002000F064FB01BD80B55B
:104F000001F073FF0923022284210D2000F05AFBD7
:104F100001BD80B501F069FF0623022284215C20D7
:104F200000F050FB01BD70B501F05FFF00240025CB
:104F300010200500022004001C222100C9B2280014
:104F4000C0B200F00CFD572005000220040000262E
:104F5000F6B2062E0ADA002320222100C9B2280068
:104F6000C0B200F00CFE0835761CF1E757200500B2
:104F700004200400002320222100C9B22800C0B26E
:104F800000F0FDFD0835002320222100C9B22800D1
:104F9000C0B200F0F4FDED1D002320222100C9B2B3
:104FA0002800C0B200F0EBFD70BD80B553485449F5
:104FB0002C2200F0D3F8FEF72EF9FFF796FFFEF74C
:104FC0006FFB4B4890F83D0000280FD108220821C4
:104FD0004C48FBF7EFFC142206214B48FBF7EAFC98
:104FE0002022012140A0FBF7E5FC0EE00822092168
:104FF0004648FBF7DFFC142206214548FBF7DAFCA4
:105000002022012138A0FBF7D5FC01F053FE01BDA1
:1050100080B53A483F492C2200F0A0F8FEF7FBF893
:10502000FFF763FFFEF73CFB314890F83D00002896
:105030000FD1082205213848FBF7BCFC14220421BB
:105040003648FBF7B7FC2022012127A0FBF7B2FC72
:105050000EE0082208213248FBF7ACFC14220421A0
:105060003048FBF7A7FC202201211FA0FBF7A2FC80
:1050700001F020FE01BD00000CDE0A0880B51F48CB
:1050800029492C2200F06AF8FEF7C5F8FFF72DFF3A
:10509000FEF706FB164890F83D0000280FD10822C5
:1050A00005212248FBF786FC142207212048FBF744
:1050B00081FC202201210CA0FBF77CFC0EE00822E1
:1050C00008211C48FBF776FC142207211A48FBF73D
:1050D00071FC2022012104A0FBF76CFC01F0EAFD29
:1050E00001BD0000805101003F0000008033E1015C
:1050F000C0350020483700203C350020D028002053
:10510000FCDB0A0834E80A08BCF70A0810E80A08B9
:10511000C4F70A0828DC0A08CCF70A089CF60A0833
:10512000C8EA0A08D4F70A0854DC0A08DCF70A08B7
:1051300044F70A08D4EA0A08E4F70A0862B38B07BE
:1051400008D0521E11F8013B00F8013B00F024800A
:105150008B07F6D1830740F0208000BF103A07D3B9
:1051600030B4B1E83810103AA0E83810F9D230BCA9
:10517000530724BFB1E80810A0E8081044BF51F855
:10518000043B40F8043BD20724BF31F8022B20F83F
:10519000022B44BF0B7803707047083A07D3B1E87D
:1051A0000810083A40F8043B40F804CBF7D2530704
:1051B000E4E70268531C0360117070470069704790
:1051C000816170478162704780B54FF48061DFF87C
:1051D0002C0CFFF7F5FF4FF48071DFF8200CFFF780
:1051E000F1FF0120DFF8181C81F8790001BD80B5BE
:1051F0004FF48061DFF8040CFFF7E2FF4FF4807199
:10520000DFF8F80BFFF7DEFF00F06BF9DFF8F40BC7
:1052100090F83B0000F05BF9DFF8E80B90F84200F3
:10522000DFF8DC1B81F878000120DFF8D41B81F85F
:10523000790001BD10B50400FF21DFF8C00BFFF7B6
:10524000C1FF4FF40071DFF8C00BFFF7B9FF022177
:10525000DFF8B80BFFF7B4FFE4B22100DFF89C0BD6
:10526000FFF7AEFF0121DFF8A40BFFF7ABFF012131
:10527000DFF8980BFFF7A4FF10BDF8B504000D0090
:105280000026002001002A00C9B2D2B2914204D205
:105290000021C0B22154401CF4E7FF21DFF85C0B71
:1052A000FFF790FF4FF40071DFF85C0BFFF788FF0A
:1052B0000221DFF8580BFFF783FF0121DFF84C0BC9
:1052C000FFF77EFF0EF0BEFC0221DFF8400BFFF778
:1052D00079FFDFF8280BFFF771FF06000221DFF8E6
:1052E0002C0BFFF76DFF002738002900C0B2C9B2B0
:1052F000884212D20221DFF8140BFFF763FFDFF8B8
:10530000FC0AFFF75BFF0600FFB2E6550221DFF85B
:10531000FC0AFFF755FF7F1CE6E70EF07BFCF1BDB2
:105320002DE9F84F04000D0016001F009DF928809C
:105330005FF000095FF0000A4FFA88F8B8F1000F3B
:1053400004D4FF2050FA08F0824605E0FF20FF2138
:1053500018FB01F188408246FF21DFF8A00AFFF721
:1053600031FF4FF40071DFF8A00AFFF72BFF022195
:10537000DFF8980AFFF724FF0121DFF8900AFFF712
:1053800021FFE02000F067F82900C9B22000C0B278
:1053900000F0CFF95FF0000B58463900C0B2C9B237
:1053A000884243D2FF21DFF8540AFFF70BFF4FF486
:1053B0000071DFF8540AFFF703FF0221DFF84C0AFF
:1053C000FFF7FEFE0121DFF8440AFFF7F9FE0EF0B9
:1053D00039FC0221DFF8340AFFF7F4FEDFF81C0A7B
:1053E000FFF7ECFE81460221DFF8200AFFF7E8FE16
:1053F0000221DFF8180AFFF7E5FEDFF8000AFFF7E1
:10540000DDFE81460221DFF8040AFFF7D9FE0EF027
:1054100001FC5FFA8BFB16F80B001AEA090108433E
:10542000C0B2FFF707FF1BF1010BB5E74FF40071A6
:10543000DFF8D409FFF7C6FE0221DFF8D009FFF735
:10544000BFFE0121DFF8C409FFF7BCFEEE2000F02B
:1054500002F8BDE8F18F10B50400FF21DFF89C09C8
:10546000FFF7B0FE4FF40071DFF89C09FFF7AAFECA
:105470000221DFF89809FFF7A3FE0121DFF88C096C
:10548000FFF7A0FEE4B22100DFF87009FFF798FEF5
:105490000121DFF87809FFF793FE10BD10B5040075
:1054A00054F040042000C0B2FFF7D5FF10BD10B586
:1054B000040054F02800C0B2FFF7CDFF10BD10B5B6
:1054C000040054F02000C0B2FFF7C5FF10BD10B5B6
:1054D00004008120FFF7BFFF2000C0B2FFF7BBFF31
:1054E00010BD80B5E220FFF7B6FF64200EF09EFCF1
:1054F000A120FFF7B0FFC020FFF7ADFFA220FFF70C
:10550000AAFF0720FFF7D3FF0620FFF7D8FFDFF839
:10551000840B0078FFF7DBFF0020FFF7BFFFAF2011
:10552000FFF799FF64200EF081FCA620FFF793FFA0
:10553000A420FFF790FF0020DFF85C1B087000201C
:10554000DFF8581B087001BD80B5AE20FFF783FF60
:10555000A420FFF780FF0020DFF8A41881F879006D
:1055600001BD80B54FF48061DFF89008FFF72AFE97
:105570004FF48071DFF88408FFF722FE0020DFF887
:10558000801881F8790001BD38B500200400E4B22C
:10559000092C16DAB4F15000C0B2FFF75CFF00200E
:1055A000FFF759FF1020FFF756FF00200500EDB26E
:1055B000842D04DA0020FFF73DFE6D1CF7E7641C24
:1055C000E5E731BD2DE9F04704000D0016001F008E
:1055D000A146B24650463900C0B2C9B2884226D26E
:1055E000BAF15000C0B2FFF736FF0020FFF733FFDB
:1055F0001020FFF730FF4846C0B2000950F01000FD
:10560000C0B2FFF728FF19F00F00FFF724FFA046F4
:1056100040462900C0B2C9B2884205D20020FFF737
:1056200009FE18F10108F3E71AF1010AD2E7BDE813
:10563000F0872DE9F843040000275FF000085FF0D1
:105640000009E4B2002C04D1022007003E2080466D
:1056500003E04D2007008420804606200500EDB2BF
:10566000082D32DAEDB22800062802D0072803D030
:1056700005E0F020814602E0FF208146FFE7B5F11A
:105680005000C0B2FFF7E7FE0020FFF7E4FE102055
:10569000FFF7E1FE3800C0B2000950F01000C0B2C0
:1056A000FFF7D9FE17F00F00FFF7D5FE3E003000E0
:1056B0004146C0B2C9B2884205D24846C0B2FFF7DF
:1056C000B9FD761CF3E76D1CC9E7BDE8F18370B541
:1056D000002600200400E4B2022C29DAE4B2002CF7
:1056E00002D0012C03D005E0FF20060002E00F20CD
:1056F0000600FFE7B4F15000C0B2FFF7ACFE002097
:10570000FFF7A9FE1020FFF7A6FE1020FFF7A3FE6B
:105710000220FFF7A0FE02200500EDB2842D05DA7D
:105720003000C0B2FFF786FD6D1CF6E7641CD2E7BF
:1057300070BD38B504000D00E01CDFF85C1908707E
:10574000DFF858090570DFF850090078401CDFF8D1
:1057500048190870DFF84409007810F00F0050F085
:10576000B000C0B2FFF777FEDFF82C090078C0B2B6
:10577000000950F01000C0B2FFF76DFEDFF8180905
:10578000007810F00F00FFF766FE31BD2DE9F44FF1
:1057900082B004000D009B46002600275FF0000841
:1057A0005FF000095FF0000A5FFA8BFB08209BFBAB
:1057B000F0F100FB11B0002807D05FFA8BFB082046
:1057C0009BFBF0F0401C060005E05FFA8BFB082015
:1057D0009BFBF0F006002900C9B22000C0B2FFF721
:1057E000A8FF5FFA8BFB5846182804D01C2809D064
:1057F00020280ED014E0DFF8FC0C5044009010205C
:1058000007000DE0DFF8F00C504400901320070073
:1058100006E0DFF8E80C5044009014200700FFE792
:105820009DF80800FFB27843F6B2704382469DF8B7
:105830000800252806D1DFF8C80C009017200700C3
:10584000002082460020804640463100C0B2C9B2E6
:10585000884221D20020814648463900C0B2C9B2F0
:1058600088420FD2009850445FFA88F840445FFAAB
:1058700089F9F6B206FB09F1405CFFF7DBFC19F190
:105880000109E9E76D1C2900C9B22000C0B2FFF789
:1058900050FF18F10108D7E7BDE8F78F2DE9F84F61
:1058A00004000D0004261D275FF000085FF00009CA
:1058B0008DF800505FF0000B5FFA8BFBBBF1030F1C
:1058C0004BDA2900C9B22000C0B2FFF732FF5FFAFD
:1058D0008BFBBBF1000F04D0BBF1020F09D004D346
:1058E0000BE0DFF8200C824607E0DFF81C0C824654
:1058F00003E0DFF8180C8246FFE7002080464046B0
:105900003100C0B2C9B2884220D200208146484648
:105910003900C0B2C9B288420ED25FFA88F80AEBE9
:1059200008005FFA89F9F6B206FB09F1405CFFF75F
:1059300081FC19F10109EAE76D1C2900C9B22000B8
:10594000C0B2FFF7F6FE18F10108D8E724349DF83D
:10595000000005001BF1010BAEE7BDE8F18F2DE95A
:10596000F04704000D00160000275FF000085FF00C
:1059700000095FF0000AF6B2082096FBF0F100FB88
:105980001160002806D0F6B2082096FBF0F0401C0B
:10599000070004E0F6B2082096FBF0F007002900AB
:1059A000C9B22000C0B2FFF7C4FEF6B2300018281A
:1059B00004D01C2805D0202806D008E016208046F8
:1059C00005E04920804602E014208046FFE70020E1
:1059D000814648463900C0B2C9B2884217D2002079
:1059E000824650464146C0B2C9B2884205D2002024
:1059F000FFF720FC1AF1010AF3E76D1C2900C9B278
:105A00002000C0B2FFF795FE19F10109E1E7BDE8FA
:105A1000F0872DE9F84F05000E00170098460A9C04
:105A20005FF000095FF0000A5FF0000BE4B20820AD
:105A300094FBF0F100FB1140002806D0E4B20820EE
:105A400094FBF0F0401C814604E0E4B2082094FB93
:105A5000F0F081465FFA88F858FA85F0812802DB79
:105A6000D5F1800080465FFA88F858FA85F08128E1
:105A700030DAF6B2082E2DDA3100C9B22800C0B2F1
:105A8000FFF757FE0020824650464946C0B2C9B2D1
:105A900088421FD20020834658464146C0B2C9B250
:105AA00088420DD25FFA8BFB5FFA89F909FB0BF094
:105AB00050FA8AF0385CFFF7BDFB1BF1010BEBE7F6
:105AC000761C3100C9B22800C0B2FFF732FE1AF1CD
:105AD000010AD9E7BDE8F18F2DE9F84F04000D0068
:105AE00016001F005FF002085FF000095FF0000A77
:105AF0005FF0F00BFFB257FA84F0812802DBD4F19B
:105B000080000700FFB257FA84F0812835DAEDB241
:105B1000082D32DA2900C9B22000C0B2FFF709FE11
:105B20000020814648464146C0B2C9B2884224D2CC
:105B30000020824650463900C0B2C9B2884210D215
:105B40005FFA8AFA5FFA88F808FB0AF050FA89F0DF
:105B5000305CBBEB0000C0B2FFF76CFB1AF1010A2E
:105B6000E8E7FF2083466D1C2900C9B22000C0B2BF
:105B7000FFF7DFFD19F10109D4E7BDE8F18F2DE949
:105B8000F44F8AB004000D001E0002275FF00008E9
:105B90005FF000095FF00D0A9DF8280020385FFAD9
:105BA0008AFA0AFB00F0FFB2784301905FF0000B25
:105BB0009DF82800C0281ADB0E2082469DF8280098
:105BC000C0385FFA8AFA0AFB00F0019076B2002E24
:105BD00005D1DFF8740A01990844029004E0DFF867
:105BE000680A0199084400900720824621E09DF848
:105BF00028002A2805D1DFF8540A009000200190DF
:105C000017E09DF82800302805DB9DF828003A2889
:105C100001DA0820824676B2002E05D1DFF8300A7C
:105C200001990844029004E0DFF8240A019908442D
:105C3000009076B2002E04D19DF828002A2840F06A
:105C4000988076B2002E26D40020804640465146E9
:105C5000C0B2C9B288421ED200985FFA88F830F804
:105C60001800304103A95FFA8BFB01F80B001BF110
:105C7000010B00985FFA88F830F8180016F1080157
:105C8000084103A95FFA8BFB01F80B001BF1010B24
:105C900018F10108DAE776B2002E2AD55FF0FF305E
:105CA00016FB00F60020804640465146C0B2C9B2FD
:105CB00088421ED200985FFA88F830F81800B04089
:105CC00003A95FFA8BFB01F80B001BF1010B009895
:105CD0005FFA88F830F81800D6F10801084103A9E6
:105CE0005FFA8BFB01F80B001BF1010B18F10108A7
:105CF000DAE75FFA8AFA5AFA84F0812802DBD4F1F3
:105D0000800082465FFA8AFA5AFA84F0812871DAB2
:105D1000EDB2082D6EDA2900C9B22000C0B2FFF73B
:105D200008FD0020804640463900C0B2C9B2884212
:105D300060D20020814648465146C0B2C9B288426E
:105D40000DD203A85FFA89F9FFB207FB09F151FAF6
:105D500088F1405CFFF76EFA19F10109EBE76D1C61
:105D60002900C9B22000C0B2FFF7E3FC18F1010816
:105D7000D9E75FFA8AFA5AFA84F0812802DBD4F173
:105D8000800082465FFA8AFA5AFA84F0812831DA72
:105D9000EDB2082D2EDA2900C9B22000C0B2FFF7FB
:105DA000C8FC0020804640463900C0B2C9B28842D3
:105DB00020D20020814648465146C0B2C9B288422E
:105DC0000ED202985FFA88F840445FFA89F9FFB270
:105DD00007FB09F1405CFFF72DFA19F10109EAE729
:105DE0006D1C2900C9B22000C0B2FFF7A2FC18F157
:105DF0000108D8E70BB0BDE8F08F000000080048AC
:105E00003C350020C035002000040048001C00483C
:105E10002DE9F44F90B004000D001E0002275FF042
:105E200000085FF000095FF0000A5FF00D0B9DF8BD
:105E3000400020385FFA8BFB0BFB00F0FFB2784389
:105E400002909DF84000C0281ADB0E2083469DF882
:105E50004000C0385FFA8BFB0BFB00F0029076B27B
:105E6000002E05D1DFF8E00702990844039004E012
:105E7000DFF8D4070299084401900720834625E003
:105E80009DF84000302805DB9DF840003A2801DAF3
:105E90000820834676B2002E0CD1DFF8B4070299B1
:105EA000084403909DF8400023280FD1DFF8E80A4A
:105EB00003900BE0DFF898070299084401909DF8E1
:105EC0004000232802D1DFF8D00A019076B2002EDC
:105ED00000F09A8076B2012E26DB002080464046F4
:105EE0005946C0B2C9B288421ED201985FFA88F8FA
:105EF00030F81800304108A95FFA8AFA01F80A0060
:105F00001AF1010A01985FFA88F830F8180016F1C2
:105F10000801084108A95FFA8AFA01F80A001AF193
:105F2000010A18F10108DAE776B2002E2AD55FF0EF
:105F3000FF3016FB00F60020804640465946C0B2AE
:105F4000C9B288421ED201985FFA88F830F818006A
:105F5000B04008A95FFA8AFA01F80A001AF1010AAA
:105F600001985FFA88F830F81800D6F10801084166
:105F700008A95FFA8AFA01F80A001AF1010A18F171
:105F80000108DAE75FFA8BFB5BFA84F0812802DB19
:105F9000D4F1800083465FFA8BFB5BFA84F08128A2
:105FA00075DAEDB2082D72DA0020804640463900DD
:105FB000C0B2C9B288426AD20020814648465946DA
:105FC000C0B2C9B2884210D208A85FFA89F9FFB2FC
:105FD00007FB09F151FA88F1405C04A95FFA89F9DD
:105FE00001F8090019F10109E8E7002000905B467B
:105FF000DBB204AA2900C9B22000C0B2FFF790F9B1
:106000006D1C18F10108D1E75FFA8BFB5BFA84F095
:10601000812802DBD4F1800083465FFA8BFB5BFAB8
:1060200084F0812833DAEDB2082D30DA0020804682
:1060300040463900C0B2C9B2884228D20020814609
:1060400048465946C0B2C9B2884211D203985FFA95
:1060500088F840445FFA89F9FFB207FB09F1405C18
:1060600004A95FFA89F901F8090019F10109E7E7C4
:10607000002000905B46DBB204AA2900C9B22000D0
:10608000C0B2FFF74DF96D1C18F10108D0E711B04F
:10609000BDE8F08FD5020020BB380020BC380020BE
:1060A0002DE9F94F87B00C001500022600275FF09C
:1060B00000085FF00C095FF0000AEDB2302D11DB33
:1060C000EDB2402D0EDAEDB2B5F130005FFA89F98C
:1060D00009FB00F0F6B270438246DFF8C008504476
:1060E000009049E0EDB2C02D0FDBEDB2B5F1C0007C
:1060F0005FFA89F909FB00F0F6B270431830824666
:10610000DFF89C085044009036E0EDB22E2D07D108
:106110004FF422708246DFF88C08504400902BE048
:10612000EDB2252D07D14FF428708246DFF87408B0
:106130005044009020E0EDB22D2D07D14FF42E7089
:106140008246DFF860085044009015E0EDB2202D43
:106150000ED0EDB2B5F140005FFA89F909FB00F00D
:10616000F6B270438246DFF83C085044009003E0EA
:10617000DFF83008504400905FF0000B002007006B
:10618000FFB20C2F1EDA0098FFB230F817009DF80E
:106190002010084101A95FFA8BFB01F80B001BF1ED
:1061A000010B0098FFB230F817009DF8201008315D
:1061B000084101A95FFA8BFB01F80B001BF1010BF1
:1061C0007F1CDDE79DF81C005FFA89F959FA80F021
:1061D000812804DB9DF81C00D0F1800081469DF8E9
:1061E0001C005FFA89F959FA80F0812854DAE4B288
:1061F000082C51DA2100C9B29DF81C00FFF799FA6A
:106200000020070038003100C0B2C9B2884243D232
:106210000020804640464946C0B2C9B2884232D2C8
:106220009DF84800002820D0FFB2002F0ED101A811
:106230005FFA88F8F6B206FB08F151FA87F1405C84
:10624000D0F1FF00C0B2FEF7F5FF19E001A85FFA38
:1062500088F8F6B206FB08F151FA87F1405CD0F1FC
:106260000F00C0B2FEF7E6FF0AE001A85FFA88F867
:10627000F6B206FB08F151FA87F1405CFEF7DAFF4F
:1062800018F10108C6E7641C2100C9B29DF81C0082
:10629000FFF74FFA7F1CB5E709B0BDE8F08F0000AB
:1062A0002DE9F34F8DB0140002208DF805005FF04A
:1062B000000B00250C2600279DF83800082190FBD4
:1062C000F1F89DF83800C01D082190FBF1F08DF821
:1062D00004005FF0000A9DF83800082190FBF1F2FD
:1062E00001FB1209E4B2C02C80F28380E4B22000EA
:1062F00020280CD025281ED02D2829D02E280BD0C0
:106300002F280ED03A2811D03F2819D028E000209D
:1063100007000020040025E00C20070000200400F6
:1063200020E018200700002004001BE024200700C4
:106330000020040016E0302007000020040011E0D7
:10634000F6B23F2000FB06F007000020040009E041
:10635000F6B2422000FB06F007000020040001E036
:1063600000200700E4B23A2C05DBE4B2B4F13C00B3
:10637000F6B270430700DFF88C0A38440290E4B2AA
:10638000302C0EDBE4B2402C0BDA06200600E4B21F
:10639000B4F13000F6B270430700DFF86C0A3844FD
:1063A00002900020834658463100C0B2C9B28842EC
:1063B00055D202985FFA8BFB10F80B0010FA09F027
:1063C00007A95FFA8AFA01F80A001AF1010A02988D
:1063D0005FFA8BFB10F80B00D9F10801084107A9FF
:1063E0005FFA8AFA01F80A001AF1010A1BF1010B9F
:1063F000D9E707200600E4B2B4F1C000F6B270435A
:106400009DF80510484307008F483844039000204A
:10641000834658463100C0B2C9B288421FD20398A1
:106420005FFA8BFB30F81B0050FA09F007A95FFAFE
:106430008AFA01F80A001AF1010A03985FFA8BFB45
:1064400030F81B0019F10801084107A95FFA8AFA20
:1064500001F80A001AF1010A1BF1010BD9E79DF8B6
:106460003400F6B256FA80F0812804DB9DF834003F
:10647000D0F1800006009DF83400F6B256FA80F0A4
:10648000812834DA5FFA88F8B8F1080F2FDA9DF81E
:1064900004004146C9B2884229D3002001003200DD
:1064A000C9B2D2B291420AD207A9C0B2420052FA8E
:1064B00085F2895C04AAC0B21154401CEEE77FF05B
:1064C000070015FB00F05FF0FF3119FB01000830F9
:1064D00040B200903300DBB204AA4146C9B29DF835
:1064E0003400FEF71DFF18F101086D1CCFE70FB057
:1064F000BDE8F08F54C10A081CB80A08ACB40A08F9
:10650000C4D00A08B4CE0A0828CF0A089CCF0A08CB
:106510002DE9F14F82B00C001500022600275FF034
:1065200000085FF00C095FF0000A5FF0F00BEDB2BD
:10653000202D09D0EDB2B5F140005FFA89F909FBD1
:1065400000F0F6B270438246EDB2BF2D0EDBEDB225
:10655000B5F1BF005FFA89F909FB00F0F6B27043AC
:106560008246DFF83C045044009020E0EDB22E2D2E
:1065700007D14FF422708246DFF82804504400907F
:1065800015E0EDB2202D0ED0EDB2B5F140005FFA6E
:1065900089F909FB00F0F6B270438246DFF8040483
:1065A0005044009003E0DFF8FC03504400909DF855
:1065B00008005FFA89F959FA80F0812804DB9DF818
:1065C0000800D0F1800081469DF808005FFA89F943
:1065D00059FA80F0812834DAE4B2082C31DA21004B
:1065E000C9B29DF80800FFF7A4F8002007003800A2
:1065F0003100C0B2C9B2884223D200208046404652
:106600004946C0B2C9B2884210D20098FFB238449D
:106610005FFA88F8F6B206FB08F1405CBBEB0000BD
:10662000C0B2FEF707FE18F10108E8E7641C21007C
:10663000C9B29DF80800FFF77CF8FF2083467F1C55
:10664000D5E7BDE8F78F00002CB10A08B4DE0A08D0
:10665000FC9D0A082DE9F04F87B005000E001700D9
:106660009846119C5FF002095FF0000A5FF0000B92
:106670005FFA88F858FA85F0812802DBD5F18000AE
:1066800080465FFA88F858FA85F0812858DAF6B221
:10669000082E55DA01212800C0B2FFF74AF815216B
:1066A0006846FEF7EAFD3100C9B22800C0B2FFF724
:1066B00040F80020824650464946C0B2C9B28842DE
:1066C00028D20020834658464146C0B2C9B288420B
:1066D00016D268465FFA8BFB10F80B0010FB0AF02D
:1066E0005FFA8BFB5FFA89F909FB0BF151FA8AF12A
:1066F000795C0843C0B2FEF79DFD1BF1010BE2E798
:10670000761C3100C9B22800C0B2FFF712F81AF1A6
:10671000010AD0E7B61EAD1C3100C9B22800C0B2D4
:10672000FFF707F80020824650462100C0B2C9B2E8
:10673000884205D2FC20FEF77DFD1AF1010AF3E73D
:1067400007B0BDE8F08F2DE9F04F040000250026CA
:1067500000275FF0000C5FF0000E5FF00008C9B288
:10676000082091FBF0F05FF0800909FB00F050FA7F
:1067700084F086465EFA83F08046D2B2202A02D0A8
:10678000D2B2002A02D10020050038E0D2B22E2A6F
:1067900002D10C20050032E0D2B22F2A02D11820FB
:1067A00005002CE0D2B23A2A02D12420050026E0CE
:1067B000D2B2252A02D13020050020E0D2B23F2AF1
:1067C00005D1DBB23F2000FB03F0050017E0D2B299
:1067D0003E2A05D1DBB2402000FB03F005000EE0AD
:1067E000D2B27C2A05D1DBB2412000FB03F00500C8
:1067F00005E0D2B2B2F13C00DBB258430500D2B2A0
:10680000C02A13DBD2B2E22A05D1DBB2212000FB81
:1068100003F0050005E0D2B2B2F1C000DBB258438C
:106820000500DFF8E8052844834619E0D2B2302A93
:1068300012DBD2B23A2A0FDA062003005EFA83F0A6
:106840008046D2B2B2F13000DBB258430500DFF827
:10685000B8052844834603E0DFF8A80528448346AA
:10686000F1464846C24680B21FFA8AFA504537D2EE
:10687000C9B2082091FBF0FA00FB1A100700B6B26B
:106880001BF806008446DFF8B4081FFA89F910F8EF
:1068900009001FFA8CFC1CFA07FA5AEA0000DFF81C
:1068A0009CA81FFA89F90AF80900D7F10807DFF850
:1068B0008C081FFA89F9484490F880001FFA8CFC74
:1068C000E2465AFA07FA5AEA0000DFF870A81FFAFF
:1068D00089F9CA448AF88000761C19F10109C0E7D9
:1068E000BDE8F08F2DE9F0430024002500260027A5
:1068F0005FF0000CC9B25FF0080E91FBFEFE5FF086
:10690000800808FB0EFE5EFA80FE774657FA83FE8B
:10691000F446BE46F046E1461FFA88F81FFA89F9A8
:10692000C84536D2C9B25FF0080891FBF8F908FBF8
:1069300019184546E4B212F804804646DFF8FC8791
:106940001FFA8EFE18F80E80F6B216FA05F959EA0B
:106950000808DFF8E8971FFA8EFE09F80E80D5F1D7
:106960000805DFF8D8871FFA8EFEF04498F880807B
:10697000F6B2B14659FA05F959EA0808DFF8BC97AA
:106980001FFA8EFEF14489F88080641C1EF1010E0E
:10699000C0E7BDE8F0830000D0DE0A087CCB0A081F
:1069A000FCAA0A0884BE0A082DE9F041A2B004003E
:1069B000884615000026002720004146C0B2C9B213
:1069C000884228D2EDB2082095FBF0F00600EDB227
:1069D0000820012195FBF0F200FB125011FA00F0A3
:1069E00007000020C0B25FFA88F8E4B2B8EB0401F7
:1069F000884204DA01A9C0B20F54401CF2E700201B
:106A00000090B8EB0403DBB201AA3100C9B2200048
:106A1000C0B2FEF785FC22B0BDE8F0812DE9F0415F
:106A2000A2B0040088461500002600272000414639
:106A3000C0B2C9B2884228D2EDB2082095FBF0F06E
:106A40000600EDB20820032195FBF0F200FB125086
:106A500011FA00F007000020C0B25FFA88F8E4B233
:106A6000B8EB0401884204DA01A9C0B20F54401CFB
:106A7000F2E700200090B8EB0403DBB201AA31007A
:106A8000C9B22000C0B2FEF74BFC22B0BDE8F081D5
:106A90002DE9F043A1B004000E00170000255FF0BF
:106AA000000820003100C0B2C9B2884236D2FFB21D
:106AB000082097FBF0F00500FFB20820032197FBA8
:106AC000F0F200FB127011FA00F078EA00082900D9
:106AD000C9B22000C0B2FEF72CFE311BC9B2684615
:106AE000FEF7CBFB2900C9B22000C0B2FEF721FEA1
:106AF0005FF000095FFA89F9F6B2E4B2301B814514
:106B00000CDA68465FFA89F910F8090018EA000003
:106B1000C0B2FEF78FFB19F10109EBE721B0BDE828
:106B2000F0832DE9F14F82B00C002020E4B290FBFD
:106B3000F4F5002600208DF800005FF0000A002028
:106B40008DF8010000275FF001085FF000099DF853
:106B5000080015FB00F00600A819401E8DF8000083
:106B60009DF80000082190FBF1F0F6B2082196FB99
:106B7000F1F1401A8DF801009DF8010010EB0808B2
:106B80009DF80800202880F29380E4B2042CC0F223
:106B90008F805FF0020B5FFA8BFBBBF1060F0ADA06
:106BA0005946C9B27C20FEF7C4FDFF20FEF742FB28
:106BB0001BF1010BEFE7F6B2082096FBF0F0801C0A
:106BC00007009DF80800E4B2611E884202D1D5F1A9
:106BD00020000600B2465FFA88F8B8F1000F67D0CF
:106BE000B8F10108EDB2082D05DAFF20D5F1080152
:106BF0000841814601E0FF20814650463100C0B285
:106C0000C9B288420AD09DF80800E4B2611E8842E9
:106C10000FD15FFA89F9B9F1FF0F0AD05FFA8AFA4A
:106C200008205FFA89F99AFBF0F100FB11A019FA2C
:106C300000F9FFB2781EC000EDB255FA8AF1884221
:106C400005DA781EC0B2B5EBC0001AEB00053900BA
:106C5000C9B27A20FEF76DFD4846C0B2FEF7EAFAE7
:106C60003900C9B27B20FEF764FD4846C0B2FEF78A
:106C7000E1FA3900C9B27D20FEF75BFD4846C0B29B
:106C8000FEF7D8FA3900C9B27E20FEF752FD484619
:106C9000C0B2FEF7CFFA7F1C5FFA88F8B8F1020F96
:106CA00002DB1AF1080A96E79DF80000824692E797
:106CB000BDE8F78F2DE9F04FA1B08024062500260E
:106CC00000275FF000085FF001094946C9B240465D
:106CD000C0B2FEF72EFD80216846FEF7CEFA0020F6
:106CE000070038002100C0B2C9B288420FD2DFF8D5
:106CF0004C04FFB2C05D6946FFB2C95D11F03F01AF
:106D00000843DFF83814FFB2C8557F1CE9E70621B5
:106D10004046C0B2FEF70DFD80216846FEF7ADFA91
:106D2000EDB2681E802101FB00FA00200700380048
:106D30002100C0B2C9B2884211D2DFF800045AFA69
:106D400087F1405C6946FFB2C95D11F0FC01084360
:106D5000DFF8E8135AFA87F288547F1CE7E75FF000
:106D6000100B0020070038002100C0B2C9B28842D1
:106D70000BD2DFF8C803FFB2C05D5BEA0000DFF8AA
:106D8000BC13FFB2C8557F1CEDE74946C9B2404667
:106D9000C0B2FEF7CEFC0020060030002900C0B2D1
:106DA000C9B288421ED20020070038002100C0B2BC
:106DB000C9B288420CD2DFF88403F6B2E4B204FB15
:106DC00006F151FA87F1405CFEF734FA7F1CECE7DC
:106DD00019F101094946C9B24046C0B2FEF7A9FC03
:106DE000761CDAE721B0BDE8F08F002080B2B0F564
:106DF000407F06DA0021DFF8442380B21154401CA2
:106E0000F4E7704760BB0A083CCE0A08F4C50A08DC
:106E10002DE9F14F90B005208DF801000C240025DC
:106E20005FF0000B002600275FF0000A5FF000080B
:106E30005FF0000900208DF80000002080B23C289F
:106E400005DA002101AA80B21154401CF6E7DFF8F0
:106E5000A804407B012840F0C680DFF8A0049DF81C
:106E60000010082291FBF2F1E4B26143491C88460C
:106E700018F10801894600218B4600218A464146C7
:106E80000A004B4692B29BB29A420FD25FFA8BFB3A
:106E900010F80B20170001AA89B2525C3A4301ABEB
:106EA00089B25A541BF1010B491CE9E70B218DF8FB
:106EB0000010DFF84C149DF80020082392FBF3F239
:106EC000E4B26243521C904618F106029146002239
:106ED00093469DF80020082392FBF3FC03FB1C2241
:106EE000924642461300CC469BB21FFA8CFC634587
:106EF00045D25FFA8BFB11F80B301F0001AB92B249
:106F00009B5CFFB217FA0AFC5CEA03030DF1040C68
:106F100092B20CF80230DAF1080A01ABE4B214FACA
:106F200082FC13F80C30FFB2BC465CFA0AFC5CEA47
:106F300003030DF1040CE4B214FA82FE0CF80E30D7
:106F40001BF1010B5FFA8BFB11F80B301F00DAF11C
:106F5000080A01ABE4B214FA82FC13F80C30FFB259
:106F600017FA0AFC5CEA03030DF1040CE4B214FA0C
:106F700082FE0CF80E301BF1010B521CB2E71822F6
:106F80008DF80020DF4A9DF800305FF0080C93FB7D
:106F9000FCF3E4B263435B1C984618F10603994680
:106FA00000239B4600239A4643469C46CE461FFA42
:106FB0008CFC1FFA8EFEF44580F090805FFA8BFB0C
:106FC00012F80BC067460DF1040C9BB21CF803C00D
:106FD00057EA0C0C0DF1040E9BB20EF803C01BF126
:106FE000010B5B1CE1E7C448407B002876D1C14817
:106FF00005218DF800109DF80010082291FBF2F198
:10700000E4B26143491C884618F109018946002110
:107010008B469DF80010082291FBF2F302FB13113E
:107020008A4641460A004B4692B29BB29A4255D2DA
:107030005FFA8BFB10F80B20170001AA89B2525C93
:10704000FFB217FA0AF31A4301AB89B25A54DAF1C4
:10705000080A01AAE4B214FA81F3D25CFFB23B0041
:1070600053FA0AF31A4301ABE4B214FA81FC03F8B1
:107070000C201BF1010B5FFA8BFB10F80B201700A3
:10708000DAF1080A01AAE4B214FA81F3D25CFFB281
:1070900017FA0AF31A4301ABE4B214FA81FC03F8BD
:1070A0000C20DAF1080A01AAE4B2630013FA81FCA9
:1070B00001ABE4B25FEA440E1EFA81FE13F80E3013
:1070C000FFB2BE465EFA0AFE5EEA030302F80C3027
:1070D000DAF1080A1BF1010B491CA3E702200600A4
:1070E0003100C9B20020FEF724FB00200500280073
:1070F0009DF80110C0B288421CD200208346584639
:107100002100C0B2C9B288420CD201A8EDB2E4B2EB
:1071100004FB05F151FA8BF1405CFEF78BF81BF193
:10712000010BECE7761C3100C9B20020FEF701FB31
:107130006D1CDCE711B0BDE8F08F0000602C002072
:107140002DE9F14F98B006208DF801000A240025A2
:1071500000270026002080B2462805DA002106AA72
:1071600080B21154401CF6E701210020FEF7E1FA3D
:107170002100C9B203A8FEF780F8002007003800FC
:107180002100C0B2C9B288420DD206A8FFB2C05DCC
:1071900003A9FFB2C95D11F01F01084306A9FFB2A0
:1071A000C8557F1CEBE706210020FEF7C2FA21003C
:1071B000C9B203A8FEF761F89DF80100401E0A213C
:1071C000484301900020070038002100C0B2C9B236
:1071D000884211D206A8019951FA87F1405C03A9AF
:1071E000FFB2C95D11F0F001084306A9019A52FAF5
:1071F00087F288547F1CE7E7434802905FF000085D
:107200005FF004095FF0000A5FF0000B9DF860007A
:107210000C21484308308DF800009DF8000008213B
:1072200090FBF1F00A214843401C82461AF1070006
:10723000834600200700504601005A4689B292B2A8
:10724000914229D29DF80010082291FBF2F302FB33
:10725000131189460299FFB2C95D884606A980B21A
:10726000095C5FFA88F818FA09F2114306AA80B29D
:107270001154D9F1080906A980B20144897A5FFA4C
:1072800088F8424652FA09F2114306AA80B2024433
:1072900091727F1C401CCFE7012006003100C9B26B
:1072A0000020FEF746FA0020050028009DF8011096
:1072B000C0B288421BD20020070038002100C0B2B3
:1072C000C9B288420BD206A8EDB2E4B204FB05F1C4
:1072D00051FA87F1405CFDF7ADFF7F1CEDE7761CAE
:1072E0003100C9B20020FEF724FA6D1CDDE719B0A9
:1072F000BDE8F08F10E30A08D028002050FB0A08F0
:1073000030F50A0858FB0A0848FB0A080CB41CB5FB
:10731000044604A801900A46009401AB6946074858
:10732000784418300CF09EFD009A0021117000285E
:107330005CBF0098001B16BC5DF80CFB77DEFFFFFE
:1073400080B50220DFF8DC1881F836000320DFF872
:10735000D818C871DFF86C0D8068DFF8D018884243
:1073600006D0DFF8CC080078401CDFF8C41808709D
:10737000DFF8BC080078012868D1DFF8B808006899
:1073800050F40070DFF8AC180860DFF8980890F847
:107390003000022805D0DFF88C0890F83000002873
:1073A00007D1DFF88C080078401CDFF884180870DB
:1073B00048E0DFF8100DDFF880182C22FDF7CEFE34
:1073C000FBF729FFFDF791FDDFF8700890F85B00EF
:1073D00001280AD1DFF84C0890F83000032804D0C7
:1073E000DFF84808DFF8DC1C8860FCF759F9DFF8A3
:1073F0004C0890F83D00002811D108220421DFF844
:107400004008F9F7D7FA1422032138A0F9F7D2FA85
:1074100020220621DFF82C08F9F7CCFA10E0082228
:107420000821DFF82408F9F7C5FA142203212FA058
:10743000F9F7C0FA20220621DFF81008F9F7BAFAA6
:10744000FFF738FC0020DFF808180870DFF8E007C5
:10745000007802284CD1DFF8F8070078002847D1DF
:10746000DFF8CC070078401EDFF8C4170870DFF89B
:10747000540CDFF8E0172C22FDF770FEFBF7CBFE73
:10748000FDF733FDFCF70CF9DFF8B00790F83D008D
:10749000002812D108220721DFF8BC07F9F78AFA81
:1074A00014220521DFF8B407F9F784FA2022062117
:1074B000DFF89007F9F77EFA11E008220721DFF8DC
:1074C000A007F9F777FA14220521DFF89807F9F7F2
:1074D00071FA20220621DFF87407F9F76BFAFFF73B
:1074E000E9FB0120DFF86817087066E240235E00C0
:1074F000DFF83C070078022841D10020DFF8501760
:107500000870DFF8C00BDFF84C172C22FDF726FEC1
:10751000FBF781FEFDF7E9FCFCF7C2F8DFF81C077A
:1075200090F83D00002811D108220321B8A0F9F7F6
:1075300041FA14220A21DFF83007F9F73BFA20223A
:107540000E21DFF82807F9F735FA11E008220A21A1
:10755000DFF81C07F9F72EFA14220621DFF81407CA
:10756000F9F728FA20220E21DFF80C07F9F722FAA2
:10757000FFF7A0FB0020DFF8041708701DE2DFF81A
:10758000B0060078032842D1DFF8380BDFF8F01698
:107590002C22FDF7E3FDFAF70FFFFBF73CFEFDF7AA
:1075A000A4FCFCF77DF8DFF8D4060078002821D190
:1075B0000120DFF8C81608700EF089F8DFF86806B9
:1075C0000021C0F867100220DFF8581681F8360055
:1075D000DFF8680690F86700DFF84C1681F8450080
:1075E0000120DFF8441681F844000020DFF834164B
:1075F00081F86900DFF83006816800EE101A00217A
:10760000DFF8240690F8430000F05AFBD5E1DFF8DC
:1076100020060078042840F0B880DFF80C0600212E
:107620000161DFF81806D0F8611000EE101ADFF8DB
:10763000F80510EE101A0161DFF8EC05016900EEA3
:10764000101ADFED740AB4EE600AF1EE10FA5DDB99
:10765000DFF8FC050078002858D1DFF8D405007861
:10766000401EDFF8CC1508700120DFF8E415087023
:10767000DFF8C80590F86500DFF8AC1581F8400028
:10768000DFF8400ADFF8FC152C22FDF767FDFBF759
:10769000C2FDFDF72AFCFCF703F8DFF8A00590F81F
:1076A0003D00002818D108220321C4A0F9F782F96F
:1076B00014220B21DFF8D005F9F77CF9DFF8680513
:1076C000016900EE101A20221021DFF85C0590F805
:1076D000400002F041FE55E008220C21DFF8AC0525
:1076E000F9F768F914220C21DFF8A405F9F762F91B
:1076F000DFF83405016900EE101A20221021DFF8AE
:10770000280590F8400002F027FE3BE00020DFF85B
:1077100040150870DFF8AC09DFF878152C22FDF76A
:107720001DFDFBF778FDFDF7E0FBFBF7B9FFDFF888
:107730000C0590F83D00002812D108220721DFF83F
:107740005805F9F737F914220521DFF81005F9F784
:1077500031F920220621DFF8EC04F9F72BF911E0CA
:1077600008220A21DFF80805F9F724F91422052177
:10777000DFF8F004F9F71EF920220621DFF8CC0427
:10778000F9F718F9FFF796FA17E1DFF8A404007883
:10779000052841D1DFF82C09DFF800152C22FDF770
:1077A000DDFCFBF738FDFDF7A0FBFBF779FF0020C0
:1077B000DFF8C8140870DFF8840490F83D00002852
:1077C00011D10822032112A0F9F7F4F814220A219A
:1077D000DFF89404F9F7EEF820220E21DFF88C048C
:1077E000F9F7E8F811E008220A21DFF88404F9F734
:1077F000E1F814220621DFF87C04F9F7DBF82022F7
:107800000E21DFF87404F9F7D5F8FFF753FAD4E046
:10781000534554006F12833ADFF8140400780628A9
:107820005DD1DFF8A008DFF878142C22FDF796FC74
:10783000FAF7C2FDFBF7EFFCFDF757FBDFF8E403B7
:1078400090F86900002803D10120DFF87818087348
:10785000FBF726FFDFF824040078002821D101205F
:10786000DFF8181408700DF032FFDFF8BC030021B8
:10787000C0F867100220DFF8AC1381F83600DFF89B
:10788000BC0390F86700DFF8A01381F845000120E1
:10789000DFF8941381F844000520DFF88C1381F899
:1078A0007B00DFF8800390F8690000280CD0DFF837
:1078B0007803016900EE101A0021DFF86C0390F8DC
:1078C000400000F0FDF978E0D748816800EE101A1A
:1078D0000021D54890F8430000F0F2F96DE0D4485B
:1078E0000078072860D1CF4890F8690000285BD164
:1078F000CD48816800EE101ADFED310AB4EE600A5F
:10790000F1EE10FA50D5DFF8BC07DFF898132C22FF
:10791000FDF724FCFBF77FFCFDF7E7FAFBF7C0FE61
:10792000C148816800EE101ABF4810EE101A0161BC
:10793000BD4890F84300BC4981F84000BF4890F82A
:107940003D00002815D108220421D748F9F732F864
:1079500014220D21D548F9F72DF8B348016900EE3E
:10796000101A20221021B04890F8400002F0F4FCD8
:1079700014E008220921CE48F9F71CF81422062148
:10798000CC48F9F717F8A848016900EE101A202230
:107990001021A54890F8400002F0DEFCFFF78AF9BC
:1079A0000020B649087008E0A1480078072804DBE9
:1079B00038200EF0A5FA01F055F801BD55534500E9
:1079C0000050C34970B52DED028B9FED948A0026BF
:1079D0009748007806280FD1924890F8690000284F
:1079E0000AD09148016900EE101AB0EE408A8E4824
:1079F00090F84000060009E08B48816800EE101AFC
:107A0000B0EE408A884890F843000600AA48067005
:107A100087480078062840F0FE80F6B2322E80F2C9
:107A2000F580A64890ED000A80EE080ADFED7C0A9A
:107A3000B4EE600AF1EE10FA4FDB28EE080A9E4819
:107A4000007800EE900AF8EE600A20EE200A9A48CC
:107A5000007800EE900AF8EE600A20EE200A9748BF
:107A6000D0ED000A954890ED001A60EE810ADFF82B
:107A7000F00D007801EE100AB8EE411A60EE810AAE
:107A8000DFF8DC0D007801EE100AB8EE411A00EEC6
:107A9000810A10EE100A0FF083F841EC100B0FF082
:107AA000A7F851EC100B04000D00844890ED000A7B
:107AB00030EE480A10EE100A0FF072F802000B00C8
:107AC000200029000FF014F90FF03EFA7A490870EF
:107AD0000120DFF8901D087098E0784890ED000ACA
:107AE00080EE080AF3EE040AB4EE600AF1EE10FA32
:107AF0001DD57148007870490978DFF8642D127837
:107B0000DFF85C3D1B785A4301FB00200FF048FA78
:107B100041EC100B0FF06CF851EC100B0FF014FA55
:107B2000654908700020DFF83C1D08706EE0DFF842
:107B3000340D007801284BD128EE080A5E48007801
:107B400000EE900AF8EE600A20EE200A5A4800780B
:107B500000EE900AF8EE600A20EE200A5748D0EDB9
:107B6000000A564890ED001A60EE810ADFF8F00C2A
:107B7000007801EE100AB8EE411A60EE810ADFF8D3
:107B8000E00C007801EE100AB8EE411A00EE810A0E
:107B900010EE100A0FF004F841EC100B0FF028F86B
:107BA00051EC100B04000D00444890ED000A30EE3B
:107BB000480A10EE100A0EF0F3FF02000B0020003E
:107BC00029000FF095F80FF0BFF93B4908701DE050
:107BD000DFF8900C0078002818D137480078364933
:107BE0000978DFF87C2C1278DFF8743C1B785A4354
:107BF00001FB00200FF0D4F941EC100B0EF0F8FF60
:107C000051EC100B0FF0A0F92B4908702A480078AE
:107C1000054981F83E00BDEC028B70BD00000000FC
:107C2000010020423C350020DC02002058EE0A080A
:107C3000A838002020380020F8D50A08C0350020D8
:107C40004CF80A0854F80A08E8EE0A085CF80A0832
:107C5000AB38002024D60A0864F80A086CF80A0831
:107C600074F80A087CF80A08F4EE0A08C8E40A085E
:107C700000EF0A0884F80A08D8E40A08A9380020A6
:107C800050D60A08B0D70A080CEF0A08E8E40A0838
:107C9000F8E40A08D4D60A088CF80A0800D70A08BB
:107CA0002CD70A08DCD70A0894F80A0808E50A085D
:107CB00018EF0A089CF80A08AA3800203438002077
:107CC0002DE9F0472DED028B84B0B0EE408A040020
:107CD000884600250026DFEDC58A002700208DF8A4
:107CE0000400FFF76FFEF0EE488ADFF86C0D0078B5
:107CF000062840F00581DFF8240D90ED000AB4EE6F
:107D0000408AF1EE10FA08D5DFF8100D90ED000A68
:107D100030EE480AF0EE408A03E09FEDB40AF0EE40
:107D2000408ADFF8380D0078642803DB6320DFF831
:107D30002C1D087018EE900A0EF032FF0022DFF8BA
:107D4000203D0EF0D5FF0FF043F908EE900ADFF862
:107D50004C0DD0F84B1000EE101AB5EE400AF1EEC3
:107D600010FA07DDDFF8340DD0F84B1000EE101AD2
:107D7000C8EE808ADFF8280D18EE901AC0F83A1085
:107D8000D048407B372840F0B0809FEDCD0AF4EE1C
:107D9000408AF1EE10FA34DBDFF8081DD1F82A0032
:107DA00000052ED4DFF8FC1CD1F82A00DFF8F41C03
:107DB00050F40060C1F82A00DFF8E81C086DDFF815
:107DC000E41C50F080600865DFF8D81CD1F82A0068
:107DD000DFF8D01C50F00800C1F82A00DFF8C41CFE
:107DE000086DDFF8C01C50F480300865DFF8B40C73
:107DF000DFF8B41C01620020DFF8A81C81F828001D
:107E000073E09FEDAF0AF4EE408AF1EE10FA18D558
:107E1000DFF8901CD1F82A00000512D5DFF8841C89
:107E2000086DDFF8801C50F000600865DFF8741CF6
:107E3000D1F82A00DFF86C1C30F40060C1F82A0089
:107E400053E0DFF8180C007863284EDADFF84C0CAA
:107E5000C16800EE101AB4EE680AF1EE10FA22D5ED
:107E6000DFF8401CD1F82A0000073ED4DFF8341CAC
:107E7000D1F82A00DFF82C1C50F00800C1F82A00C5
:107E8000DFF8201C086DDFF81C1C50F480300865FA
:107E9000DFF8100CDFF8C01C01620020DFF8041CC2
:107EA00081F8280021E0DFF8F40BC16800EE101A19
:107EB000B4EE680AF1EE10FA17DBDFF8E81BD1F830
:107EC0002A00000711D5DFF8DC1B086DDFF8D41B92
:107ED00050F400300865DFF8CC1BD1F82A00DFF839
:107EE000C41B30F00800C1F82A00DFF8B00B90F88E
:107EF0003700012817D19FED740A68EE808A12E0DE
:107F0000DFF89C0B18EE901A8160DFF8940B80F874
:107F10004340DFF8880B90F83600012803D19FED2D
:107F20006A0A68EE808ADFF87C1BD1F82A00000517
:107F30002BD5DFF8B00D8079042826D0FAF73CFA6B
:107F4000DFF8601BD1F82A00DFF8581B50F40060FE
:107F5000C1F82A0004208DF80600DFF8880D694674
:107F60000922FDF7EBF81220060002200500062387
:107F7000022284210220FDF725FB2900C9B230002E
:107F8000C0B2FDF78BFC00F066BCDFF8181BD1F81F
:107F90002A00000500F15F84DFF8480D807904288D
:107FA00005D10623022284210220FDF70BFB9FED61
:107FB000470AF4EE408AF1EE10FA07DB9FED430A20
:107FC000C8EE808A02208DF8060014E09FED400A7A
:107FD000F4EE408AF1EE10FA0ADB9FED3D0AC8EE9E
:107FE000808A01208DF8060005E000BF0000000037
:107FF00000208DF80600B2EE040AF4EE408AF1EE9D
:1080000010FA2AD5BCEEE80A10EE100A8DF800002E
:108010000A208DF80100B2EE040A28EE800ABCEEB8
:10802000C00A10EE100A0A21B0FBF1F201FB1200A7
:108030008DF802009FED270A28EE800ABCEEC00AE8
:1080400010EE100A0A21B0FBF1F201FB12008DF8CC
:10805000030000208DF8050066E09FED1E0AF4EE97
:10806000408AF1EE10FA37D5B2EE040A88EE800AA3
:10807000BCEEC00A10EE100A8DF80000BCEEE80A53
:1080800010EE100A0A21B0FBF1F201FB12008DF88C
:1080900001000A208DF80200B2EE040A28EE800AE0
:1080A000BCEEC00A10EE100A0A21B0FBF1F201FB8F
:1080B00012008DF8030001208DF8050034E000BFA8
:1080C0000150C347D02800200000704200247449AA
:1080D00000007A440000C842BCEEE80A10EE100A24
:1080E0006421B0FBF1F08DF80000BCEEE80A10EE60
:1080F000100A0A21B0FBF1F00A21B0FBF1F201FBFA
:1081000012008DF80100BCEEE80A10EE100A0A21F8
:10811000B0FBF1F201FB12008DF802000A208DF88D
:10812000030002208DF8050002200500DFF86C092D
:1081300090F83D00002802D10620060001E004204E
:1081400006009DF80500DFF89C1B4979884231D173
:108150009DF8050002282DD05FF000095FFA89F92B
:10816000B9F1040F80F29A8068465FFA89F910F835
:108170000900DFF8701B5FFA89F911F809108842CD
:108180000BD01C2368465FFA89F910F809202900F2
:10819000C9B23000C0B2FDF7F9FA68465FFA89F952
:1081A00010F809000A2801D0163600E00A3619F145
:1081B0000109D3E79DF80500022848D19DF8050084
:1081C000DFF8201B4979884223D15FF000095FFA6C
:1081D00089F9B9F1030F61DA68465FFA89F910F895
:1081E0000900DFF8001B5FFA89F911F809108842CD
:1081F0000BD01C2368465FFA89F910F80920290082
:10820000C9B23000C0B2FDF7C1FA163619F1010942
:10821000DDE71C222900C9B23000C0B2FDF79FFB88
:108220005FF000095FFA89F9B9F1030F36DA1C2310
:1082300068465FFA89F910F809202900C9B23000B0
:10824000C0B2FDF7A3FA163619F10109EAE71C22BC
:108250002900C9B23000C0B2FDF781FB5FF0000910
:108260005FFA89F9B9F1040F18DA1C2368465FFA3E
:1082700089F910F809202900C9B23000C0B2FDF711
:1082800085FA68465FFA89F910F809000A2801D0D2
:10829000163600E00A3619F10109E1E7DFF8440A71
:1082A000C0790A21DFF83C2A127A01FB0029DFF8A5
:1082B000AC0700780A2190FBF1F08DF80700DFF899
:1082C0009C0700780A2190FBF1F201FB12008DF867
:1082D0000800DFF8880700784946C9B2884206D10D
:1082E0009DF80600DFF8FC198979884234D006230E
:1082F000022283215220FDF765F964200600042044
:1083000005007FF0030A53465BB29DF8070010F1A9
:108310003002D2B22900C9B23000C0B2FDF72FFC42
:10832000083653465BB29DF8080010F13002D2B215
:108330002900C9B23000C0B2FDF721FCF61D53463A
:108340005BB225222900C9B23000C0B2FDF717FC8C
:10835000FF20DFF8901988719DF80600DFF8841976
:108360008979884207D19DF80400DFF878190979E6
:10837000884200F06A825720060002200500DFF8DC
:10838000D8060078062840F06B81DFF8100790F8D7
:108390003D00002840F09B809DF8060002280ED189
:1083A000552006007FF001034D222900C9B230009C
:1083B000C0B2FDF7E4FB0E360820070014E09DF87C
:1083C000060001280ED1552006007FF001034B2244
:1083D0002900C9B23000C0B2FDF7D1FB0E3607202C
:1083E000070001E05A200600042370222900C9B2C8
:1083F0003000C0B2FDF7C3FB083604237022290009
:10840000C9B23000C0B2FDF7BAFB0836DFF88C06FF
:1084100090F83700012808D104236D222900C9B241
:108420003000C0B2FDF7ABFB07E004237322290044
:10843000C9B23000C0B2FDF7A2FB9DF806000028CB
:1084400022D018227F216120FEF7AEFA65200600B7
:108450006D1C002363222900C9B23000C0B2FDF7B1
:10846000D7FC083600236D222900C9B23000C0B203
:10847000FDF7CEFC0B36002323222900C9B23000C1
:10848000C0B2FDF7C5FCE0E1182276215720FEF7C7
:108490008BFA5C2006006D1C002363222900C9B200
:1084A0003000C0B2FDF7B4FC083600236D2229006D
:1084B000C9B23000C0B2FDF7ABFC0B36002323225B
:1084C0002900C9B23000C0B2FDF7A2FCBDE19DF8A1
:1084D000060002280DD15220060001234D2229005A
:1084E000C9B23000C0B2FDF74AFB082007000C36C5
:1084F00013E09DF8060001280DD15220060001234B
:108500004B222900C9B23000C0B2FDF738FB07206A
:1085100007000C3601E05A2006000423F722290048
:10852000C9B23000C0B2FDF72AFB08360423E022AE
:108530002900C9B23000C0B2FDF721FB0836042380
:10854000F1222900C9B23000C0B2FDF718FBF61DB8
:108550000423F2222900C9B23000C0B2FDF70FFB9C
:1085600018227D2117F15300C0B2FEF71DFA6D1CD1
:1085700050200600DFF8240590F83700012840D18C
:10858000502006000023F1222900C9B23000C0B2F9
:10859000FDF73EFCF61D0023EC222900C9B2300095
:1085A000C0B2FDF735FC0836002323222900C9B2EA
:1085B0003000C0B2FDF72CFC761D02232E222900CC
:1085C000C9B23000C0B2FDF723FC361D0023EC22F7
:1085D0002900C9B23000C0B2FDF71AFC08360023EA
:1085E000E8222900C9B23000C0B2FDF711FC0836FC
:1085F0000023ED222900C9B23000C0B2FDF708FC0B
:1086000023E1592006000023F1222900C9B23000DD
:10861000C0B2FDF7FDFBF61D0023EC222900C9B214
:108620003000C0B2FDF7F4FB0836002323222900F6
:10863000C9B23000C0B2FDF7EBFB761D02232E223B
:108640002900C9B23000C0B2FDF7E2FB361D00239D
:10865000F1222900C9B23000C0B2FDF7D9FBF4E025
:10866000DFF8380490F83D00002861D19DF806003D
:1086700002280BD15620060000234D222900C9B242
:108680003000C0B2FDF77BFA0C360EE09DF8060014
:1086900001280AD15620060000234B222900C9B226
:1086A0003000C0B2FDF76BFA0A36DFF8F00390F83D
:1086B000360000281AD1002363222900C9B23000F5
:1086C000C0B2FDF75CFA0836002370222900C9B257
:1086D0003000C0B2FDF753FA083600237322290098
:1086E000C9B23000C0B2FDF74AFAAEE0DFF8AC0321
:1086F00090F83600012840F0A8800023632229006A
:10870000C9B23000C0B2FDF73AFA08360023702231
:108710002900C9B23000C0B2FDF731FA0836002393
:108720006D222900C9B23000C0B2FDF728FA8CE0F2
:108730000323022282215720FCF744FF9DF8060004
:1087400002280FD1562006007FF001034D22290098
:10875000C9B23000C0B2FDF712FA6420060006204C
:10876000070015E09DF8060001280FD156200600ED
:108770007FF001034B222900C9B23000C0B2FDF7DF
:10878000FEF9642006000620070001E05F200600D5
:108790000423E8222900C9B23000C0B2FDF7EFF986
:1087A000F61D0423EC222900C9B23000C0B2FDF747
:1087B000E6F908360423EF222900C9B23000C0B21E
:1087C000FDF7DDF96D1CB54890F8360000280BD197
:1087D00017F1670006000323F1222900C9B2300017
:1087E000C0B2FDF715FB21E0AC4890F83600012837
:1087F0001CD117F15F0006000323EC222900C9B247
:108800003000C0B2FDF704FB08360323E82229003C
:10881000C9B23000C0B2FDF7FBFAF61D0323ED220A
:108820002900C9B23000C0B2FDF7F2FA9DF8060087
:10883000002805D1182279215920FEF7B5F804E067
:1088400018227C216120FEF7AFF8DFF89804694612
:108850000922FCF773FC04B0BDEC028BBDE8F08785
:10886000AC380020B038002000B589B07A480078D4
:1088700003282CD105A80AF0FDFB02A80AF0BEFBD4
:108880008748816800EE101A644880ED000A844829
:1088900090F84300DFF8641508708148816800EEA5
:1088A000101A7F4810EE101AC1607D4890F84300FE
:1088B0007B4981F83F000498019003980090029B47
:1088C000079A069905980AF03AFD754908636348C6
:1088D00000780C2843DBDFF82805DFF828152C2268
:1088E000FCF73CFCFAF797FCFCF7FFFADFF81805F9
:1088F000DFF80C154860DFF81405DFF80415886010
:10890000FAF7CEFE654890F83D00002812D1082203
:108910000921DFF8FC04F8F74DF814220A21DFF8EA
:10892000F404F8F747F820220C21DFF8EC04F8F7FC
:1089300041F811E008220721DFF8E004F8F73AF8DF
:1089400014220521DFF8D804F8F734F820220B218F
:10895000DFF8D004F8F72EF8FEF7ACF901E0FEF7E7
:10896000EFFC09B000BD80B5DFF89404DFF8B8145F
:108970002C22FCF7F3FBFAF74EFCFCF7B6FADFF813
:10898000AC04DFF87C144860DFF8A404DFF870144E
:108990008860FAF785FE414890F83D00002811D123
:1089A00008220721DFF88C04F8F704F814220C21C0
:1089B000DFF88404F7F7FEFF20220121B0A0F7F7CB
:1089C000F9FF10E008220921DFF87004F7F7F2FF41
:1089D00014220921DFF86804F7F7ECFF20220121B7
:1089E000A7A0F7F7E7FFFEF765F901BD80B5DFF84F
:1089F00054040078072807D1DFF848040078401CA9
:108A0000DFF84014087006E0DFF838040078401EF4
:108A1000DFF830140870FEF793FC01BD34380020F5
:108A200080B50D480078072812D11D48016900EE75
:108A3000101ADFF8140410EE101AC0F8611018486C
:108A400090F84000DFF8001481F8650005F00AFC9A
:108A5000FEF776FC01BD0000A8380020AA380020EF
:108A600000001E4080B50D4890F866000C4981F862
:108A7000450000200A4981F844000848416900EE99
:108A8000101A074810EE101AC0F86710DFF8BC0380
:108A90000021C0F82A10F7F765FC01BDC0350020A1
:108AA000DC0200203C350020B8E70A0880B5DFF87A
:108AB0005003008A002803D0022849D01ED34AE080
:108AC000DFF880030078401EDFF87813087000207C
:108AD000DFF87C130871DFF87C03006850F00800B1
:108AE000DFF870130860DFF86413086DDFF85C13BB
:108AF00050F008000865FEF723FC2CE0C048DFF8C2
:108B000058132C22FCF72AFB0020DFF850130870C2
:108B1000DFF8340390F83600012803D10120B8496A
:108B2000088202E00020B6490882FAF774FBFCF7DD
:108B3000FAF9DFF8180390F86600012805D1DFF88C
:108B40002003AF498860FAF7ABFDF8F74BF802E075
:108B500007F02CFFFFE701BDA8E70A0880B5BB4876
:108B600090F86600002818D1B6480078401EB54934
:108B70000870A348008A002802D0012805D008E028
:108B80000020B14981F8360003E00120AE4981F8A8
:108B9000360005F067FBFEF7D3FB01BD80B59848B2
:108BA000008AAB4988719648008A002805D00228BF
:108BB0005AD02FD303285AD061E0A2480078401E33
:108BC000A0490870A348006850F00800A149086057
:108BD0009E49086D9D4950F0080008650020A14994
:108BE000087000209A490871984890F86900002898
:108BF0000DD09748002101610020954981F840007F
:108C00000320904908700020904981F86900FEF720
:108C100097FB34E08B480078401E8A4908707848FA
:108C200091492C22FCF79AFA00208C49087086485A
:108C300090F83700012803D101207149088202E031
:108C400000206F490882FAF7E6FAFCF76CF97F48D2
:108C500090F86600012804D1814869498860FAF7D4
:108C60001FFDF7F7BFFF0AE007F0A0FE07E064482A
:108C70007E492C22FCF772FA0EF0F2F9FFE701BDF3
:108C80003F00000080B5714890F86600002816D1BA
:108C90005B48008A002802D0012805D008E00020A7
:108CA000694981F8370003E00120674981F83700FE
:108CB00005F0D8FA052063490870FEF741FB01BDB5
:108CC00080B50020624908715E480078042803DB03
:108CD00005205C49087002E002205A490870FEF73E
:108CE0002FFB01BD4837002080B50020584908718E
:108CF00043485F492C22FCF731FAFAF78CFAFAF76D
:108D0000CFFCFCF710F901203D490882F7F76AFF14
:108D100001BD80B500204E490871394855492C22C3
:108D2000FCF71CFAFAF777FAFAF7BAFCFCF7FBF84B
:108D3000012033490882F7F755FF01BD80B50120B6
:108D4000424981F8690005203E490870FEF7F8FAAB
:108D500001BD80B53D4890F8690000284DD13B48E1
:108D600090F86B0000281ED1F9F726FB24484249F1
:108D70002C22FCF7F3F9FAF74EFAFAF791FCFCF71C
:108D8000D2F80120314981F86B0063202D49087029
:108D90002F48816800EE101A00212D4890F84300FA
:108DA000FEF78EFF29E00020284981F86B0006209D
:108DB00024490870124831492C22FCF7CFF9FCF7FE
:108DC00094F8F9F7F9FAFAF726FA01200C49087332
:108DD000FAF766FC2A480078002804D101202849C7
:108DE00008700CF074FC1A48816800EE101A00211B
:108DF000174890F84300FEF763FF01BDAC38002030
:108E0000D0280020A0D50A08C4EB0A0890EC0A0874
:108E100024EF0A0830EF0A0818E50A08A4F80A083F
:108E2000ACF80A083CEF0A08CCD50A081CEB0A0883
:108E300010EB0A08B4F80A0828E50A0848EF0A08FF
:108E400054EF0A08A8380020C03500203C35002027
:108E5000DC02002020380020A8D60A08A73800200D
:108E6000C4EE0A08B038002084D70A08F0D40A08F3
:108E70007CD60A0858D70A0808D80A082CD70A0846
:108E8000A938002080B50320DFF81C1D81F83600CA
:108E90000420DFF8BC18C871DFF8100D8068DFF817
:108EA000B418884206D0DFF8B0080078401CDFF81C
:108EB000A8180870DFF8A0080078012860D1DFF852
:108EC000E80C90F83000022805D0DFF8DC0C90F8B0
:108ED0003000002807D1DFF880080078401CDFF858
:108EE0007818087048E0DFF8C40CDFF870182C22FE
:108EF000FCF734F9FAF78FF9FBF7F7FFDFF86008B2
:108F000090F85B0001280AD1DFF89C0C90F8300043
:108F1000032804D0DFF83C08DFF8901C8860FAF7DB
:108F2000BFFBDFF83C0890F83D00002811D1082273
:108F30000421DFF83008F7F73DFD14220321D5A006
:108F4000F7F738FD20220621DFF81C08F7F732FD7D
:108F500010E008220821DFF81408F7F72BFD14228F
:108F60000321CCA0F7F726FD20220621DFF8000818
:108F7000F7F720FDFDF79EFE0020DFF8F8170870D8
:108F8000DFF8D407007802284AD1DFF8E807007834
:108F9000002845D1DFF8140CDFF8DC172C22FCF791
:108FA000DDF8FAF738F9FBF7A0FFFAF779FBDFF8FD
:108FB000B00790F83D00002812D108220721DFF801
:108FC000BC07F7F7F7FC14220521DFF8B407F7F721
:108FD000F1FC20220621DFF89007F7F7EBFC11E007
:108FE00008220A21DFF89C07F7F7E4FC1422052188
:108FF000DFF89407F7F7DEFC20220621DFF8700780
:10900000F7F7D8FCFDF756FE0120DFF86817087067
:10901000DFF844070078401EDFF83C17087065E26F
:10902000DFF834070078022849D10020DFF8441720
:109030000870DFF8780BDFF854172C22FCF78EF855
:10904000FAF7E9F8FBF751FFFAF72AFBDFF8100708
:1090500090F83D00002811D108220321A3A0F7F7C2
:10906000A9FC14220A21DFF82807F7F7A3FC202225
:109070000E21DFF82007F7F79DFC11E008220A21F6
:10908000DFF80007F7F796FC14220621DFF808073F
:10909000F7F790FC20220E21DFF80007F7F78AFC93
:1090A000FDF708FE0020DFF8F81608700020DFF852
:1090B000F41608700020DFF8F016087016E2DFF8EA
:1090C0009806007803283DD1DFF8E00ADFF8DC16C7
:1090D0002C22FCF743F8F9F76FF9FAF79CF8FBF745
:1090E00004FFFAF7DDFADFF8BC06007800281CD18F
:1090F0000120DFF8B01608700CF0E9FA0120DFF863
:10910000501681F84400DFF848060021C0F86710C7
:109110000320DFF8941A81F83600DFF8440690F84F
:109120006800DFF82C1681F84500DFF82406816816
:1091300000EE101A0021DFF8180690F8430000F046
:1091400059FBD3E1DFF810060078042858D1DFF886
:109150001006C16D00EE101ADFED650AB4EE600A6C
:10916000F1EE10FA4CDBDFF840060078002847D11A
:10917000DFF8380ADFF838162C22FBF7EFFFFAF792
:109180004AF8FBF7B2FEFAF78BFADFF8D40590F84D
:109190003D00002818D108220321D5A0F7F70AFCCA
:1091A00014220A21DFF80C06F7F704FCDFF8B005FB
:1091B000C16D00EE101A20221021DFF8A40590F8EE
:1091C000600001F0C9F818E008220C21DFF8E8057A
:1091D000F7F7F0FB14220B21DFF8E005F7F7EAFBC5
:1091E000DFF87C05C16D00EE101A20221021DFF897
:1091F000700590F8600001F0AFF8FDF75BFD75E1D8
:10920000DFF854050078042846D1DFF8A009DFF81C
:10921000B0152C22FBF7A2FFF9F7FDFFFBF765FE67
:10922000DFF83C0590F85B00012804D1DFF8240545
:10923000DFF878198860FAF733FADFF8240590F838
:109240003D00002811D108220521DFF87805F7F745
:10925000B1FB142203210FA0F7F7ACFB202206215B
:10926000DFF80405F7F7A6FB10E008220821DFF875
:109270005805F7F79FFB1422032106A0F7F79AFB86
:1092800020220621DFF8E804F7F794FBFDF712FD32
:109290002CE100BF40235E00DFF8BC040078052805
:1092A00041D1DFF80809DFF824152C22FBF756FF1F
:1092B000F9F7B1FFFBF719FEFAF7F2F9DFF8A004AE
:1092C00090F83D00002815D10822032107A0F7F7E8
:1092D00071FB14220A21DFF8B804F7F76BFB202298
:1092E0000E21DFF8B004F7F765FB15E05345540095
:1092F0006F12833A08220A21DFF88804F7F75AFB35
:1093000014220621DFF89004F7F754FB20220E21E7
:10931000DFF88804F7F74EFBFDF7CCFC0020DFF800
:1093200084140870E2E0DFF83004007806282BD1BE
:10933000DFF874040078012826D1DFF87008DFF820
:1093400090142C22FBF70AFFF9F736F8F9F763FFC0
:10935000FBF7CBFDFAF7A4F9DFF848040078002802
:1093600005D10120DFF83C1408700CF0B0F9DFF8EB
:10937000F003C16D00EE101A0021DFF8E40390F84D
:10938000600000F037FAB1E0DFF8CC03007806287F
:109390003ED1DFF81808DFF83C142C22FBF7DEFE84
:1093A000F9F70AF8F9F737FFFBF79FFD0120DFF81F
:1093B000FC170873FAF774F9DFF8E803007800285F
:1093C0001BD10120DFF8DC1308700CF080F90120BC
:1093D000DFF87C1381F84400DFF874030021C0F843
:1093E0006710DFF87C0390F86800DFF8641381F8F9
:1093F00045000520D64981F87B00D548816800EEFC
:10940000101A0021D24890F8430000F0F3F96DE003
:10941000D1480078072860D1DFF88C030078002855
:109420005BD1CB48816800EE101ADFED320AB4EE52
:10943000600AF1EE10FA50D5DFF87007DFF89813E4
:109440002C22FBF78BFEF9F7E6FEFBF74EFDFAF751
:1094500027F9BF48816800EE101ABD4810EE101AB7
:109460004161BB4890F84300B94981F84100BC48CC
:1094700090F83D00002815D108220421D748F7F7BD
:1094800099FA14220C21D648F7F794FAB0484169AA
:1094900000EE101A20221021AD4890F8410000F093
:1094A0005BFF14E008220921CE48F7F783FA142263
:1094B0000521CD48F7F77EFAA548416900EE101A5C
:1094C00020221021A24890F8410000F045FFFDF74E
:1094D000F1FB0020B349087008E09F480078072896
:1094E00004DB39200CF00CFD01F075F901BD000022
:1094F000555345000050C34970B52DED028B9FEDCB
:10950000928A00269448007806280ED1A648007852
:1095100001280AD19248C16D00EE101AB0EE408ABF
:109520008F4890F86000060009E08948816800EEE5
:10953000101AB0EE408A864890F843000600AB4807
:10954000067085480078062840F0FA80F6B2322E80
:1095500080F2F180A64890ED000A80EE080ADFED67
:109560007B0AB4EE600AF1EE10FA4EDB28EE080A30
:109570009E48007800EE900AF8EE600A20EE200A7D
:109580009A48007800EE900AF8EE600A20EE200A71
:109590009748D0ED000A964890ED001A60EE810AD7
:1095A000DFF8B00D007801EE100AB8EE411A60EE57
:1095B000810ADFF8A00D007801EE100AB8EE411A1A
:1095C00000EE810A10EE100A0DF0EAFA41EC100BE1
:1095D0000DF00EFB51EC100B04000D00844890EDD3
:1095E000000A30EE480A10EE100A0DF0D9FA020017
:1095F0000B00200029000DF07BFB0DF0A5FC7B4942
:10960000087001206649087095E0794890ED000ADD
:1096100080EE080AF2EE040AB4EE600AF1EE10FAE7
:109620001CD57248007871490978DFF8282D127826
:10963000DFF8203D1B785A4301FB00200DF0B0FC01
:1096400041EC100B0DF0D4FA51EC100B0DF07CFC3A
:10965000664908700020524908706CE05048007854
:1096600001284BD128EE080A6048007800EE900AE5
:10967000F8EE600A20EE200A5C48007800EE900ABE
:10968000F8EE600A20EE200A5948D0ED000A58484A
:1096900090ED001A60EE810ADFF8B80C007801EE58
:1096A000100AB8EE411A60EE810ADFF8A80C0078C3
:1096B00001EE100AB8EE411A00EE810A10EE100A0F
:1096C0000DF06EFA41EC100B0DF092FA51EC100B0C
:1096D00004000D00464890ED000A30EE480A10EEF6
:1096E000100A0DF05DFA02000B00200029000DF0B9
:1096F000FFFA0DF029FC3D4908701CE0284800786D
:10970000002818D13948007838490978DFF8442C06
:109710001278DFF8403C1B785A4301FB00200DF023
:109720003FFC41EC100B0DF063FA51EC100B0DF007
:109730000BFC2E4908702D480078054981F83E0041
:10974000BDEC028B70BD0000000000000100A041D4
:10975000DC02002058EE0A08AD3800208CD80A0838
:10976000C0350020BCF80A08C4F80A0860EF0A08EF
:10977000CCF80A08AB380020B8D80A08D4F80A0890
:10978000DCF80A086CEF0A08E4F80A08E4D80A08CA
:1097900078EF0A0838E50A08ECF80A0848E50A08EC
:1097A000B0380020A9380020AE38002010D90A08AF
:1097B00094D90A0884EF0A0858E50A0890EF0A08C5
:1097C000C0D90A08F4F80A089CEF0A08ECD90A087C
:1097D00044DA0A0818DA0A08C8DA0A08FCF80A089B
:1097E00068E50A08A8EF0A0804F90A08AA38002060
:1097F000383800202DE9F0472DED028B84B0B0EE13
:10980000408A80460C0000250026DFEDB18A002743
:10981000FFF772FE00208DF80400F0EE488ADFF8B2
:10982000480D0078062840F0EB80DFF8400D90ED01
:10983000000AB4EE408AF1EE10FA0CD5DFF82C0DD8
:1098400090ED000A30EE480AF0EE408ADFF8200D75
:10985000C0ED008A03E09FED9E0AF0EE408ADFF83B
:10986000140D0078DFF8101D81F83E0018EE900A04
:109870000DF096F90022DFF8043D0DF039FA0DF0F5
:10988000A7FB08EE900ADFF8F80CD0F8531000EEB2
:10989000101AB5EE400AF1EE10FA07DDDFF8E00C21
:1098A000D0F8531000EE101AC8EE808ADFF8C80C0A
:1098B00018EE901AC0F83A10BC48407B412840F09E
:1098C00094809FEDB80AF4EE408AF1EE10FA29DB9D
:1098D000B549D1F82A00000524D4B349D1F82A00AB
:1098E000B14950F40060C1F82A00AF49086DAE4993
:1098F00050F080600865AC49D1F82A00AA4950F0C0
:109900000800C1F82A00A849086DA74950F4803022
:109910000865A548DFF8901D01620020A24981F882
:10992000280062E09FED9F0AF4EE408AF1EE10FA03
:1099300013D59D49D1F82A0000050ED59A49086D26
:10994000994950F0006008659749D1F82A00964976
:1099500030F40060C1F82A0047E0DFF8180C007806
:10996000632842DADFF8180C016900EE101AB4EE31
:10997000680AF1EE10FA1BD58B49D1F82A000007CE
:1099800033D48949D1F82A00874950F00800C1F83A
:109990002A008549086D844950F480300865824862
:1099A000DFF8081D016200207F4981F828001CE0D3
:1099B000DFF8CC0B016900EE101AB4EE680AF1EE84
:1099C00010FA12DB7849D1F82A0000070DD5764944
:1099D000086D754950F4003008657349D1F82A00C4
:1099E000714930F00800C1F82A00DFF8940B90F8B4
:1099F000380001280ED19FED6E0A68EE808A09E0DA
:109A0000DFF87C0B90F83600012803D19FED680A3F
:109A100068EE808A6449D1F82A00000529D5DFF86C
:109A2000F80D8079042824D0F8F7C6FC5E49D1F8F7
:109A30002A005D4950F40060C1F82A0004208DF826
:109A40000600DFF8D40D69460922FBF777FB1220E8
:109A50000600022005000623022284210220FBF7D3
:109A6000B1FD2900C9B23000C0B2FBF717FF00F00A
:109A70006CBC4D49D1F82A00000500F16684DFF87E
:109A8000980D8079042805D1062302228421022022
:109A9000FBF798FD9FED470AF4EE408AF1EE10FACD
:109AA00007DB9FED440AC8EE808A02208DF806008D
:109AB00013E09FED410AF4EE408AF1EE10FA09DB63
:109AC0009FED3D0AC8EE808A01208DF8060004E073
:109AD0000000000000208DF80600B2EE040AF4EE4B
:109AE000408AF1EE10FA2AD5BCEEE80A10EE100A10
:109AF0008DF800000A208DF80100B2EE040A28EE6D
:109B0000800ABCEEC00A10EE100A0A21B0FBF1F286
:109B100001FB12008DF802009FED280A28EE800A52
:109B2000BCEEC00A10EE100A0A21B0FBF1F201FBF4
:109B300012008DF8030000208DF8050068E09FED0D
:109B40001F0AF4EE408AF1EE10FA39D5B2EE040A9B
:109B500088EE800ABCEEC00A10EE100A8DF80000F4
:109B6000BCEEE80A10EE100A0A21B0FBF1F201FB8C
:109B700012008DF801000A208DF80200B2EE040AEE
:109B800028EE800ABCEEC00A10EE100A0A21B0FBD3
:109B9000F1F201FB12008DF8030001208DF80500A1
:109BA00036E000BF0150C3473C350020D0280020DC
:109BB000000070420024744900007A440000C8424A
:109BC000BCEEE80A10EE100A6421B0FBF1F08DF84B
:109BD0000000BCEEE80A10EE100A0A21B0FBF1F01A
:109BE0000A21B0FBF1F201FB12008DF80100BCEE7E
:109BF000E80A10EE100A0A21B0FBF1F201FB120094
:109C00008DF802000A208DF8030002208DF805006F
:109C1000DFF86C0990F83D00002802D1062006000C
:109C200001E004200600022005009DF80500DFF891
:109C3000E81B4979884231D19DF8050002282DD0D2
:109C40005FF000095FFA89F9B9F1040F80F29A8098
:109C500068465FFA89F910F80900DFF8BC1B5FFA63
:109C600089F911F8091088420BD01C2368465FFA65
:109C700089F910F809202900C9B23000C0B2FBF7F9
:109C800085FD68465FFA89F910F809000A2801D0B5
:109C9000163600E00A3619F10109D3E79DF80500F0
:109CA000022848D19DF80500DFF86C1B49798842ED
:109CB00023D15FF000095FFA89F9B9F1030F61DA86
:109CC00068465FFA89F910F80900DFF84C1B5FFA63
:109CD00089F911F8091088420BD01C2368465FFAF5
:109CE00089F910F809202900C9B23000C0B2FBF789
:109CF0004DFD163619F10109DDE71C222900C9B214
:109D00003000C0B2FBF72BFE5FF000095FFA89F963
:109D1000B9F1030F36DA1C2368465FFA89F910F8A7
:109D200009202900C9B23000C0B2FBF72FFD16365A
:109D300019F10109EAE71C222900C9B23000C0B2BA
:109D4000FBF70DFE5FF000095FFA89F9B9F1040F26
:109D500018DA1C2368465FFA89F910F809202900EF
:109D6000C9B23000C0B2FBF711FD68465FFA89F94D
:109D700010F809000A2801D0163600E00A3619F159
:109D80000109E1E7DFF8900AC0790A21DFF8882AA3
:109D9000127A01FB0029DFF8DC070078642803DB76
:109DA0006320DFF8D0170870DFF8C80700780A21B1
:109DB00090FBF1F08DF80700DFF8B80700780A2172
:109DC00090FBF1F201FB12008DF80800DFF8A40708
:109DD00000784946C9B2884206D19DF80600DFF8EE
:109DE000381A8979884234D064200600042005009E
:109DF0000623022283215720FBF7E4FB7FF0030AAE
:109E000053465BB29DF8070010F13002D2B2290030
:109E1000C9B23000C0B2FBF7B2FE083653465BB29F
:109E20009DF8080010F13002D2B22900C9B230000A
:109E3000C0B2FBF7A4FEF61D53465BB225222900F3
:109E4000C9B23000C0B2FBF79AFEFF20DFF8C81994
:109E500088719DF80600DFF8C0198979884207D11A
:109E60009DF80400DFF8B0190979884200F0678294
:109E70005720060002200500DFF8EC0600780628CF
:109E800040F06981DFF8F80690F83D00002840F0C6
:109E90009B809DF8060002280ED1552006007FF019
:109EA00001034D222900C9B23000C0B2FBF767FEA2
:109EB0000E360820070014E09DF8060001280ED198
:109EC000552006007FF001034B222900C9B2300063
:109ED000C0B2FBF754FE0E360720070001E05A20FF
:109EE0000600042370222900C9B23000C0B2FBF77B
:109EF00046FE0836042370222900C9B23000C0B2E1
:109F0000FBF73DFE0836DFF8780690F838000128A8
:109F100008D104236D222900C9B23000C0B2FBF77A
:109F20002EFE07E0042373222900C9B23000C0B21C
:109F3000FBF725FE9DF80600002822D018227F217D
:109F40006120FCF731FD652006006D1C00236322B3
:109F50002900C9B23000C0B2FBF75AFF083600230F
:109F60006D222900C9B23000C0B2FBF751FF0B3699
:109F7000002323222900C9B23000C0B2FBF748FFFA
:109F8000DDE1182276215720FCF70EFD5C2006004B
:109F90006D1C002363222900C9B23000C0B2FBF758
:109FA00037FF083600236D222900C9B23000C0B245
:109FB000FBF72EFF0B36002323222900C9B2300005
:109FC000C0B2FBF725FFBAE19DF8060002280DD1CB
:109FD0005220060002234D222900C9B23000C0B22F
:109FE000FBF7CDFD082007000C3613E09DF80600B6
:109FF00001280DD15220060002234B222900C9B2AC
:10A000003000C0B2FBF7BBFD072007000C3601E0B3
:10A010005A2006000423F7222900C9B23000C0B23A
:10A02000FBF7ADFD08360423E0222900C9B2300059
:10A03000C0B2FBF7A4FD08360423F1222900C9B2FF
:10A040003000C0B2FBF79BFDF61D0423F22229006D
:10A05000C9B23000C0B2FBF792FD18227D2117F182
:10A060005300C0B2FCF7A0FC6D1CDFF8140590F89B
:10A070003800012840D1502006000023F122290099
:10A08000C9B23000C0B2FBF7C3FEF61D0023EC22BC
:10A090002900C9B23000C0B2FBF7BAFE083600236F
:10A0A00023222900C9B23000C0B2FBF7B1FE761DF1
:10A0B00002232E222900C9B23000C0B2FBF7A8FE4D
:10A0C000361D0023EC222900C9B23000C0B2FBF7D4
:10A0D0009FFE08360023E8222900C9B23000C0B232
:10A0E000FBF796FE08360023ED222900C9B23000A6
:10A0F000C0B2FBF78DFE22E1592006000023F122B9
:10A100002900C9B23000C0B2FBF782FEF61D002361
:10A11000EC222900C9B23000C0B2FBF779FE083644
:10A12000002323222900C9B23000C0B2FBF770FE21
:10A13000761D02232E222900C9B23000C0B2FBF7DF
:10A1400067FE361D0023F1222900C9B23000C0B2DB
:10A15000FBF75EFEF3E0DFF8280490F83D000028EE
:10A1600060D19DF8060002280BD15620060000237E
:10A170004D222900C9B23000C0B2FBF700FD0C36F9
:10A180000EE09DF8060001280AD1562006000023A3
:10A190004B222900C9B23000C0B2FBF7F0FC0A36EE
:10A1A000DFF8DC0390F8360000281AD10023632280
:10A1B0002900C9B23000C0B2FBF7E1FC0836002329
:10A1C00070222900C9B23000C0B2FBF7D8FC0836B3
:10A1D000002373222900C9B23000C0B2FBF7CFFCC4
:10A1E000ADE0E74890F83600012840F0A880002351
:10A1F00063222900C9B23000C0B2FBF7C0FC0836A8
:10A20000002370222900C9B23000C0B2FBF7B7FCAE
:10A21000083600236D222900C9B23000C0B2FBF716
:10A22000AEFC8CE00323022282215720FBF7CAF9FF
:10A230009DF8060002280FD1562006007FF001038A
:10A240004D222900C9B23000C0B2FBF798FC64204F
:10A2500006000620070015E09DF8060001280FD132
:10A26000562006007FF001034B222900C9B23000BE
:10A27000C0B2FBF784FC642006000620070001E062
:10A280005F2006000423E8222900C9B23000C0B2D2
:10A29000FBF775FCF61D0423EC222900C9B230003F
:10A2A000C0B2FBF76CFC08360423EF222900C9B2C8
:10A2B0003000C0B2FBF763FC6D1CB14890F836006B
:10A2C00000280BD117F1670006000323F1222900B3
:10A2D000C9B23000C0B2FBF79BFD21E0A84890F85E
:10A2E000360001281CD117F15F0006000323EC2281
:10A2F0002900C9B23000C0B2FBF78AFD083603233B
:10A30000E8222900C9B23000C0B2FBF781FDF61D7A
:10A310000323ED222900C9B23000C0B2FBF778FD5B
:10A320009DF80600002805D1182279215920FCF754
:10A330003BFB04E018227C216120FCF735FBDFF8B1
:10A34000D80469460922FAF7F9FE04B0BDEC028B85
:10A35000BDE8F087AF380020F8B52DED028B84B052
:10A36000B0EE408A04000D0016009FED860AB4EEA0
:10A37000408AF1EE10FA07DB4D208DF805009FEDC5
:10A38000820A88EE008A11E09FED800AB4EE408ACE
:10A39000F1EE10FA07DB6B208DF805009FEDC10A86
:10A3A00088EE008A02E020208DF80500B2EE040A53
:10A3B000B4EE408AF1EE10FA2DD5BDEEC80A10EECB
:10A3C000100A30308DF800002E208DF80100B2EE1A
:10A3D000040A28EE000ABCEEC00A10EE100A0A2198
:10A3E000B0FBF1F201FB120030308DF802009FED5E
:10A3F000E30A28EE000ABCEEC00A10EE100A0A2199
:10A40000B0FBF1F201FB120030308DF80300202088
:10A410008DF8040068E09FEDD90AB4EE408AF1EEB1
:10A4200010FA2DD5B2EE040A88EE000ABDEEC00A7D
:10A4300010EE100A30308DF80000BCEEC80A10EEA5
:10A44000100A0A21B0FBF1F201FB120030308DF846
:10A4500001002E208DF80200B2EE040A28EE000A58
:10A46000BCEEC00A10EE100A0A21B0FBF1F201FBAB
:10A47000120030308DF8030020208DF8040033E006
:10A480009FED880AB4EE408AF1EE10FA2CD5202018
:10A490008DF800009FEDB90A88EE000ABDEEC00AF3
:10A4A00010EE100A30308DF80100B2EE040A88EE8A
:10A4B000000ABCEEC00A10EE100A0A21B0FBF1F24D
:10A4C00001FB120030308DF80200BCEEC80A10EE1D
:10A4D000100A0A21B0FBF1F201FB120030308DF8B6
:10A4E000030020208DF8040043208DF80600502042
:10A4F0008DF8070053208DF8080020208DF80A0001
:10A50000E4B20A2094FBF0F030308DF80B00E4B296
:10A510000A2094FBF0F100FB114030308DF80C0064
:10A5200025208DF80D000027FFB20E2F18DA0C231E
:10A530006846FFB2C25D3100C9B22800C0B2FCF764
:10A5400002F96846FFB2C05D202804D06846FFB219
:10A55000C05D002801D12D1D00E008357F1CE3E718
:10A5600004B0BDEC028BF1BDAD38002038380020BE
:10A570003C380020AA380020DC02002000001E40E9
:10A58000C0350020012474490024744901007A4434
:10A5900000B589B0DFF87C050078032834D105A820
:10A5A00008F068FD02A808F029FDDFF86C05816855
:10A5B00000EE101ADFF8640580ED000ADFF8580598
:10A5C00090F84300DFF858150870DFF84C058168F3
:10A5D00000EE101ADFF8400510EE101A0161DFF8E6
:10A5E000380590F84300DFF8301581F840000498F2
:10A5F000019003980090029B079A0699059808F02D
:10A600009EFEDFF814154863DFF8180500780C2863
:10A6100044DBDFF81405DFF814152C22FAF79EFD51
:10A62000F8F7F9FDFAF761FCDFF80405DFF8F81434
:10A630004860DFF80005DFF8F0148860F9F730F8BB
:10A64000DFF8F40490F83D00002812D10822092117
:10A65000DFF8E804F6F7AEF914220B21DFF8E00486
:10A66000F6F7A8F920220C21DFF8D804F6F7A2F9B2
:10A6700011E008220721DFF8D004F6F79BF9142235
:10A680000521DFF8C804F6F795F920220B21DFF841
:10A69000C004F6F78FF9FCF70DFB01E0FEF7F2FBC3
:10A6A00009B000BD00007A44B8E70A08A8E70A0824
:10A6B00080B5DFF87404DFF89C142C22FAF74EFD05
:10A6C000F8F7A9FDFAF711FCDFF88C04DFF858144D
:10A6D0004860DFF88804DFF850148860F8F7E0FF7E
:10A6E000DFF8540490F83D00002811D1082207211A
:10A6F000DFF86C04F6F75EF914220C21DFF864042D
:10A70000F6F758F920220121B8A0F6F753F910E026
:10A7100008220921DFF85004F6F74CF91422092128
:10A72000DFF84804F6F746F920220121AFA0F6F73A
:10A7300041F9FCF7BFFA01BD80B5DFF8D803007816
:10A74000042808D1DFF8F0030021C1650020DFF8FC
:10A750002014087008E0DFF8BC030078072803D154
:10A760000120DFF80C140870DFF8A8030078401E01
:10A77000DFF8A0130870FEF785FB01BD0000C8429A
:10A7800080B5DFF890030078042808D10120DFF8B5
:10A79000E01308700520DFF87C13087018E0DFF87C
:10A7A00074030078072813D1DFF86C03416900EEC9
:10A7B000101ADFF8840310EE101AC165DFF8580391
:10A7C00090F84100DFF8701381F8600003F04AFD53
:10A7D000FEF758FB01BD80B5DFF85C0390F866001A
:10A7E000DFF8341381F845000020DFF82C1381F8DE
:10A7F0004400DFF84403416900EE101ADFF8180343
:10A8000010EE101AC0F86710DFF868030021C0F8D6
:10A810002A10F5F7A7FD01BD4837002080B5DFF805
:10A820000803008A002803D0022846D01BD347E043
:10A83000B8480078401EB74908700020B649087132
:10A84000DFF83403006850F00800DFF82C130860CC
:10A85000DFF82013086DDFF81C1350F008000865BE
:10A86000FEF710FB2CE0AB480078401EA9490870A9
:10A87000AD48C2492C22FAF771FC0020C04908708B
:10A88000AD4890F83600012803D10120A64908827E
:10A8900002E00020A4490882F8F7BDFCFAF743FB68
:10A8A000B44890F86600012804D1B6489E498860F3
:10A8B000F8F7F6FEF6F796F902E006F077F8FFE70C
:10A8C00001BD80B5AB4890F86600002813D19648CA
:10A8D000008A002802D0012805D008E0002096490F
:10A8E00081F8360003E00120934981F8360003F037
:10A8F000B9FCFEF7C7FA01BD80B58B48008A002875
:10A9000005D0022847D01CD3032847D04EE0814809
:10A910000078401E7F49087000207F4908719648E2
:10A92000006850F00800944908609249086D914908
:10A9300050F008000865002093490870FEF7A2FA5D
:10A9400034E074480078401E7249087076488F4998
:10A950002C22FAF703FC002089490870764890F809
:10A960003800012803D101206F49088202E000204D
:10A970006D490882F8F74FFCFAF7D5FA7D4890F850
:10A980006600012804D17F4867498860F8F788FE8F
:10A99000F6F728F90AE006F009F807E062487C4972
:10A9A0002C22FAF7DBFB0DF03FFBFFE701BD80B582
:10A9B000704890F86600002816D15B48008A00288D
:10A9C00002D0012805D008E000205B4981F838005A
:10A9D00003E00120584981F8380003F043FC0520CA
:10A9E0004C490870FEF74EFA01BD00003F00000020
:10A9F00080B500204849087146480078042803DBE8
:10AA000005204449087002E0022042490870FEF720
:10AA100039FA01BD80B5574890F86A0000284DD139
:10AA2000544890F86B0000281ED1F7F7C5FC3E484B
:10AA300058492C22FAF792FBF8F7EDFBF8F730FEB5
:10AA4000FAF771FA01204B4981F86B006320314914
:10AA500008703148816800EE101A00212E4890F8E5
:10AA60004300FEF7C7FE29E00020424981F86B0051
:10AA70000620284908702C4847492C22FAF76EFB1B
:10AA8000FAF733FAF7F798FCF8F7C5FB01202649E7
:10AA90000873F8F705FE41480078002804D101202A
:10AAA0003E4908700AF013FE1B48816800EE101A38
:10AAB0000021194890F84300FEF79CFE01BD80B5C7
:10AAC000002015490871184835492C22FAF746FB31
:10AAD000F8F7A1FBF8F7E4FDFAF725FA012012498F
:10AAE0000882F6F77FF801BD80B500200A49087199
:10AAF0000D482C492C22FAF731FBF8F78CFBF8F7BC
:10AB0000CFFDFAF710FA012007490882F6F76AF834
:10AB100001BD0000AD380020DC02002038380020E4
:10AB2000AF380020AA380020D028002034D80A08E6
:10AB3000C4EB0A0890EC0A08C0350020B4EF0A08FC
:10AB4000C0EF0A0878E50A080CF90A0814F90A089F
:10AB5000CCEF0A0860D80A081CEB0A0810EB0A08B8
:10AB60001CF90A0888E50A08D8EF0A08E4EF0A0881
:10AB7000AE3800203C3500202038002068D90A0873
:10AB8000A7380020C4EE0A08B03800209CDA0A0872
:10AB90001CD50A08F4DA0A0818DA0A08A9380020CD
:10ABA0003CD90A0870DA0A0880B5DFF8880CDFF8AB
:10ABB000741B2C22FAF7D2FAF8F72DFBDFF8680B9A
:10ABC00090F86600012804D1DFF8600BDFF8641C00
:10ABD0008860F8F765FDFAF7A6F9F6F703F801BD06
:10ABE00000B58BB0DFF8400B90F86600002843D129
:10ABF000DFF8400C008A00282ED10020DFF83C1C32
:10AC00000871DFF8300CDFF8381C2C22FAF7A6FAAE
:10AC1000FAF7BAFCF8F744FD00F08AFD0BF025F8CE
:10AC2000DFF8201C08800120DFF81C1C0880DFF8FA
:10AC3000F81AD1F83B00DFF8F01AC1F83F00002104
:10AC400068460BF051F8DFF8080C69462622FAF73F
:10AC500075FA00F085F90FE0DFF8D80B008A0128BB
:10AC600002D102F0CCFC07E0DFF8C80B008ADFF865
:10AC7000CC1B4871FAF702FA0BB000BD80B5DFF8C3
:10AC8000B40B407B5B2809D1FAF77EFCDFF8A40BFC
:10AC9000DFF8901A2C22FAF761FA2CE0DFF8940B17
:10ACA000407B5C280BD1DFF88C0BDFF8781A2C2264
:10ACB000FAF754FA0020DFF87C1B08821BE0DFF86B
:10ACC000740B407B5F280BD1DFF8680BDFF8541A58
:10ACD0002C22FAF743FA0120DFF8581B08820AE019
:10ACE0000120DFF8501B0882DFF8480BDFF8341A28
:10ACF0002C22FAF733FAF8F78EFAF8F7D1FCFAF7C4
:10AD000012F9F5F76FFF01BD00B58BB00121684660
:10AD10000AF0EAFFDFF8380B69462622FAF70EFA46
:10AD2000DFF8240B0088401CDFF81C1B0880DFF8CC
:10AD3000180B0088DFF80C1B0988884203D101201A
:10AD4000DFF8041B088000F00BF90BB000BD00B564
:10AD50008BB05FF0FF3168460AF0C6FFDFF8F00AFB
:10AD600069462622FAF7EAF9DFF8DC0A0088401E75
:10AD7000DFF8D41A0880DFF8D00A0088002805D14F
:10AD8000DFF8C00A0088DFF8C01A088000F0E8F891
:10AD90000BB000BD2DE9F34182B00027002400264E
:10ADA0000525002007000A2F0CD2002000902B0060
:10ADB000DBB2202200213000C0B2FBF771F90C3663
:10ADC0007F1CF0E704200600DFF8880A00780028DE
:10ADD00006D002281AD00ED304282DD021D336E075
:10ADE0000A2000900C23DFF8702A00213000C0B246
:10ADF000FAF70FFE2BE00A2000900C23DFF85C2A04
:10AE000000213000C0B2FAF704FE20E00A200090D2
:10AE10000C23DFF84C2A00213000C0B2FAF7F9FD0C
:10AE200015E00A2000900C23DFF8382A00213000BA
:10AE3000C0B2FAF7EEFD0AE00A2000900C23DFF81A
:10AE4000282A00213000C0B2FAF7E3FDFFE70DF138
:10AE50000900D0F800807C200600002007009DF843
:10AE6000080087421FD218F807000400E4B24D2CF6
:10AE700002D0E4B2572C01D10C3E12E0E4B2452CD2
:10AE800002D0E4B2492C01D1F61F0AE0E4B22E2C24
:10AE900001D1361F05E0E4B2DB2C01D10A3E00E00F
:10AEA000083E7F1CDBE7002007009DF80800874272
:10AEB00054D218F807000400E4B2402C0AD109204B
:10AEC00000900823DFF8A42900213000C0B2FAF76F
:10AED000A0FD26E0E4B2232C0AD10920009006232D
:10AEE000DFF88C2900213000C0B2FAF792FD18E09B
:10AEF000E4B25E2C0AD1092000900623DFF8742901
:10AF000000213000C0B2FAF784FD0AE00020009072
:10AF10002B00DBB22200D2B200213000C0B2FBF71E
:10AF2000BFF8E4B24D2C02D0E4B2572C01D10C365C
:10AF300012E0E4B2452C02D0E4B2492C01D1F61D56
:10AF40000AE0E4B22E2C01D1361D05E0E4B2DB2C80
:10AF500001D10A3600E008367F1CA6E7BDE8FF8174
:10AF60002DE9F84F2DED028B8EB05FF00009002423
:10AF7000DFF8DC08457800208DF81000DFF8D008F5
:10AF8000407EDFF8F4180870DFF8C408807EDFF830
:10AF9000EC180870DFF8B808007EDFF8B818087001
:10AFA000DFF8DC0800788DF81000EDB2422D1AD0E1
:10AFB000EDB2752D17D0EDB2472D14D0EDB2312D75
:10AFC00011D0EDB2702D0ED0EDB26F2D0BD0EDB2D1
:10AFD000362D08D0EDB2382D05D0EDB2392D02D086
:10AFE000EDB2742D04D10120DFF89418087003E04D
:10AFF0000020DFF88C1808709DF81000DFF880182A
:10B000000978401A012803D1FF20DFF8781808706A
:10B01000DFF870080078DFF83C18097888420FD014
:10B020000020DFF864180870FAF7AEFAF8F738FB7A
:10B03000DFF820080078DFF84C18087000F078FB83
:10B04000EDB22800312800F01581322800F01C8173
:10B05000332800F06981362800F03481372800F069
:10B060003B81382800F04281392800F0498142288C
:10B0700038D0432800F0AE8044285BD0472800F049
:10B08000EF804F2842D0502800F0E08053285BD05A
:10B09000542845D0552800F0898056285ED058287D
:10B0A0002AD05A2878D0622800F0BC80652869D060
:10B0B000692800F0C1806E2800F096806F2800F0AB
:10B0C000F780702800F0EA80712800F097807328DC
:10B0D0004ED0742800F01E81752871D0762800F0BB
:10B0E00097802BE1DFF8A4176846F5F7D4FADDE97D
:10B0F0000001FFF74FFE21E1DFF894176846F5F7EE
:10B10000CAFADDE90001FFF745FE17E1DFF8841711
:10B110006846F5F7C0FADDE90001FFF73BFE0DE1F7
:10B12000DFF874176846F5F7B6FADDE90001FFF7B6
:10B1300031FE03E1DFF864176846F5F7ACFADDE9A4
:10B140000001FFF727FEF9E0DFF854176846F5F72E
:10B15000A2FADDE90001FFF71DFEEFE0DFF8541D64
:10B160006846F5F798FADDE90001FFF713FEE5E020
:10B17000DFF8441D6846F5F78EFADDE90001FFF7B8
:10B1800009FEDBE0DFF8341D6846F5F784FADDE9F7
:10B190000001FFF7FFFDD1E0DFF8241D6846F5F759
:10B1A0007AFADDE90001FFF7F5FDC7E0DFF8141DCD
:10B1B0006846F5F770FADDE90001FFF7EBFDBDE049
:10B1C000DFF8041D6846F5F766FADDE90001FFF7D0
:10B1D000E1FDB3E0DFF8F41C6846F5F75CFADDE961
:10B1E0000001FFF7D7FDA9E0DFF8E41C6846F5F79A
:10B1F00052FADDE90001FFF7CDFD9FE0DFF8D41C36
:10B200006846F5F748FADDE90001FFF7C3FD95E070
:10B21000DFF8C41C6846F5F73EFADDE90001FFF7E8
:10B22000B9FD8BE0DFF8B41C6846F5F734FADDE9C8
:10B230000001FFF7AFFD81E0DFF8A41C6846F5F7D9
:10B240002AFADDE90001FFF7A5FD77E0DFF8941C9D
:10B250006846F5F720FADDE90001FFF79BFD6DE098
:10B26000DFF8841C6846F5F716FADDE90001FFF700
:10B2700091FD63E0DFF8741C6846F5F70CFADDE930
:10B280000001FFF787FD59E0DFF8641C6846F5F719
:10B2900002FADDE90001FFF77DFD4FE0DFF8541C05
:10B2A0006846F5F7F8F9DDE90001FFF773FD45E0C1
:10B2B000DFF8441C6846F5F7EEF9DDE90001FFF719
:10B2C00069FD3BE0DFF8341C6846F5F7E4F9DDE999
:10B2D0000001FFF75FFD31E0DFF8241C6846F5F759
:10B2E000DAF9DDE90001FFF755FD27E0DFF8141C6E
:10B2F0006846F5F7D0F9DDE90001FFF74BFD1DE0E9
:10B30000DFF8041C6846F5F7C6F9DDE90001FFF730
:10B3100041FD13E0DFF8F41B6846F5F7BCF9DDE901
:10B320000001FFF737FD09E0DFF8E41B6846F5F799
:10B33000B2F9DDE90001FFF72DFDFFE70C228021C6
:10B340000020FBF731FBDFF80805D0F802100AA84F
:10B350000AF078FBDFF8F804D0F8021007A80AF02A
:10B36000B1FB0A9E0B9FDDF830800D2F01D30C201E
:10B370000700022F04D116F0030F01D1012000E0D5
:10B380000020DFF8901B394411F8011CC0B250FABC
:10B3900081F0404516D2022F04D116F0030F01D1DF
:10B3A000012000E00020DFF86C1B394411F8011C7B
:10B3B000C0B250FA81F0002802D05FF0010801E02D
:10B3C0005FF000086420B6FBF0F100FB11600A2179
:10B3D000B0FBF1F030308DF80E000A20B6FBF0F132
:10B3E00000FB116030308DF80F002F208DF80A001F
:10B3F0002F208DF80D000A20B7FBF0F030308DF8CB
:10B400000B000A20B7FBF0F100FB117030308DF813
:10B410000C000A20B8FBF0F030308DF808000A204C
:10B42000B8FBF0F100FB118030308DF809000520E9
:10B4300081460E2004005FF0000A5FFA8AFABAF132
:10B44000080F19DA02A85FFA8AFA10F80A20210018
:10B45000C9B24846C0B2FAF723FF02A85FFA8AFAD7
:10B4600010F80A002F2802D019F1080901E019F19B
:10B4700006091AF1010AE0E73A208DF8160007984C
:10B480001821B0FBF1F201FB12000A21B0FBF1F030
:10B4900030308DF8140007981821B0FBF1F201FB51
:10B4A00012000A21B0FBF1F201FB120030308DF8DE
:10B4B000150008983C21B0FBF1F201FB12000A21B3
:10B4C000B0FBF1F030308DF8170008983C21B0FB4C
:10B4D000F1F201FB12000A21B0FBF1F201FB1200B4
:10B4E00030308DF818005A2081465FF0000A5FFA6C
:10B4F0008AFABAF1050F19DA05A85FFA8AFA10F884
:10B500000A202100C9B24846C0B2FAF7C9FE05A810
:10B510005FFA8AFA10F80A003A2802D019F10809ED
:10B5200001E019F105091AF1010AE0E7D4480078B1
:10B53000012840F0F280C7480078022803D0C548AF
:10B54000007803280DD1C248D0F8061000EE101A7A
:10B55000DFF8C40990F83710BD48807B01F07AFA13
:10B56000DBE0BC48007801280DD1B948D0F80A10BA
:10B5700000EE101ADFF8A00990F83610B448807B6E
:10B5800001F08EFDC9E0B248D0F8061000EE101AA6
:10B59000FFEE000AB4EE600AF1EE10FA0BD0AC48F0
:10B5A000D0F80F1000EE101AFFEE000AB4EE600A99
:10B5B000F1EE10FA08D10623032280210020FAF7C9
:10B5C00001F800F0B5F80EE0AF48007801280AD184
:10B5D0000623032280210020F9F7F4FF00F0A8F8E9
:10B5E0000020A94908709A48D0F8061000EE101AF9
:10B5F000FFEE000AB4EE600AF1EE10FA07D1042162
:10B60000002000F04FF901209F49087034E0904875
:10B61000D0F8061000EE101ADFED870A20EE200A9F
:10B62000BCEEC08ADFF8F00890F8350000281ED183
:10B63000DFF8E40890F83400012818D18448D0F8E5
:10B64000061000EE101AF7EE000AB4EE600AF1EEF2
:10B6500010FA0CD57E48D0F8061000EE101ADFED77
:10B660007B0A20EE200ABCEEC00AB0EE408A02211E
:10B6700018EE100A00F016F97548D0F80F1000EE19
:10B68000101AFFEE000AB4EE600AF1EE10FA06D1CD
:10B69000042300220020002100F04EFC3DE06C4815
:10B6A000D0F80F1000EE101ADFED630A20EE200A2A
:10B6B00010EE100A0DF09AFC82468B46DFF858080F
:10B6C00090F83500002820D1DFF84C0890F83400BD
:10B6D00001281AD15E48D0F80F1000EE101AF7EECC
:10B6E000000AB4EE600AF1EE10FA0ED55848D0F810
:10B6F0000F1000EE101ADFED550A20EE200A10EEB2
:10B70000100A0DF073FC82468B465148D0F8132086
:10B7100002235046594600F00FFC0EB0BDEC028BE0
:10B72000BDE8F18F4CDB0A083C350020C4EE0A0866
:10B73000FF20DFF8E8170870FF20DFF8E0174870F7
:10B74000FF20DFF8D8178870FF20DFF8D017C87007
:10B75000FF20DFF8C8174871FF20DFF8C017087115
:10B76000FF20DFF8B8178871FF20DFF8B017C87125
:10B77000FF20DFF8A8170872FF20DFF8A417087071
:10B78000FF20DFF89C174870FF20DFF894178870BF
:10B79000FF20DFF88C17C870FF20DFF8841748718E
:10B7A000FF20DFF87C170871FF20DFF8741788711D
:10B7B000FF20DFF86C17C871FF20DFF864170872EC
:10B7C000FF20DFF860170870FF20DFF85817487077
:10B7D000FF20DFF850178870FF20DFF84817C87087
:10B7E000FF20DFF840174871FF20DFF83817087195
:10B7F000FF20DFF8301788713020DFF82817C87174
:10B80000FF20DFF820170872FF20DFF818174872B2
:10B81000FF20DFF810178872FF20DFF80817C872C2
:10B82000FF20DFF800170873FF20DFF8F8164873D1
:10B8300070470000D02800200000C842DC02002031
:10B8400078DB0A08983800209A3800200050C34757
:10B8500084360020B7380020E0E00A08C8E00A0873
:10B8600080E00A0898E00A08B0E00A0848E60A08FA
:10B8700010F10A0804F10A08B5380020B638002093
:10B88000B9380020B8380020BA3800201CF10A0866
:10B8900034F10A0828F10A084CF10A0858F10A089C
:10B8A00040F10A082DE9F04184B007000C000026A1
:10B8B0000025E4B2042C40F082801A200500DFF855
:10B8C000580690F83D00012801D1192005002520D7
:10B8D0000600DFF8440690F83D00012837D1CC225D
:10B8E0002900C9B23000C0B2FAF7DAFC0836DD220E
:10B8F0002900C9B23000C0B2FAF7D2FC0836C4221F
:10B900002900C9B23000C0B2FAF7CAFC08362022BA
:10B910002900C9B23000C0B2FAF7C2FC08364F2283
:10B920002900C9B23000C0B2FAF7BAFC0836562274
:10B930002900C9B23000C0B2FAF7B2FC08364C2276
:10B940002900C9B23000C0B2FAF7AAFCB0E2442222
:10B950002900C9B23000C0B2FAF7A2FC083645226D
:10B960002900C9B23000C0B2FAF79AFC0836522258
:10B970002900C9B23000C0B2FAF792FC0836202282
:10B980002900C9B23000C0B2FAF78AFC08364F224B
:10B990002900C9B23000C0B2FAF782FC083656223C
:10B9A0002900C9B23000C0B2FAF77AFC08364C223E
:10B9B0002900C9B23000C0B2FAF772FC78E2DFF8B1
:10B9C000580590F83500012801D164204743DFF87D
:10B9D000480590F835008DF80400DFF83C0590F834
:10B9E0003500002815D1DFF8300590F83400012823
:10B9F0000FD1DFF83405D0F8061000EE101AF7EE7C
:10BA0000000AB4EE600AF1EE10FA02D5012004003B
:10BA100014E0DFF81805874206D3DFF81405B7FBFA
:10BA2000F0F70020040009E0DFF80805874205D39D
:10BA30004FF47A70B7FBF0F703200400B7F57A7F74
:10BA40001FD26420B7FBF0F030308DF800002E20BC
:10BA50008DF801000A20B7FBF0F00A21B0FBF1F2EB
:10BA600001FB120030308DF802000A20B7FBF0F124
:10BA700000FB117030308DF8030000208DF80500B8
:10BA80004BE042F21070874223D24FF47A70B7FB3A
:10BA9000F0F030308DF800006420B7FBF0F00A21A0
:10BAA000B0FBF1F201FB120030308DF801002E20C6
:10BAB0008DF802000A20B7FBF0F00A21B0FBF1F28A
:10BAC00001FB120030308DF8030001208DF80500D5
:10BAD00023E042F21070B7FBF0F030308DF8000038
:10BAE0004FF47A70B7FBF0F00A21B0FBF1F201FBE2
:10BAF000120030308DF801006420B7FBF0F00A210D
:10BB0000B0FBF1F201FB120030308DF802002E2064
:10BB10008DF8030002208DF805008DF80640052001
:10BB200006001A2005009DF80500DFF8F01349799A
:10BB3000884211D05FF000085FFA88F8B8F1030F6F
:10BB40000ADA20222900C9B23000C0B2FAF7A8FBF5
:10BB50000A3618F10108EFE7052006009DF80500F8
:10BB6000DFF8B813497988422FD19DF805000228E3
:10BB70002BD05FF000085FFA88F8B8F1040F69DA9B
:10BB800068465FFA88F810F80800DFF890135FFA4B
:10BB900088F811F8081088420AD068465FFA88F8D9
:10BBA00010F808202900C9B23000C0B2FAF778FBBB
:10BBB00068465FFA88F810F808002E2801D0083689
:10BBC00000E0761D18F10108D5E79DF80500022870
:10BBD00021D15FF000085FFA88F8B8F1030F0EDAA0
:10BBE00068465FFA88F810F808202900C9B23000CA
:10BBF000C0B2FAF755FB083618F10108EBE720222E
:10BC00002900C9B23000C0B2FAF74AFB761DFF2006
:10BC1000C24988711EE05FF000085FFA88F8B8F149
:10BC2000040F17DA68465FFA88F810F80820290030
:10BC3000C9B23000C0B2FAF733FB68465FFA88F841
:10BC400010F808002E2801D0083600E0761D18F103
:10BC50000108E2E79DF80600B0498979884206D1DB
:10BC60009DF80400AD490979884200F0DA8025206A
:10BC700006005FF000085FFA88F8B8F1050F0CDAEB
:10BC80001A20050020222900C9B23000C0B2FAF7FC
:10BC900007FB083618F10108EDE79F4890F83D00D2
:10BCA000012801D119200500252006009DF8060075
:10BCB000012816D1984890F83D00012808D1ED22BE
:10BCC0002900C9B23000C0B2FAF7EAFA08364EE0ED
:10BCD0006E222900C9B23000C0B2FAF7E1FA083684
:10BCE00045E09DF8060002281ED18B4890F83D00E3
:10BCF000012810D1EC222900C9B23000C0B2FAF7F5
:10BD0000CFFA0836EA222900C9B23000C0B2FAF7E9
:10BD1000C7FAF61D2BE075222900C9B23000C0B267
:10BD2000FAF7BEFA083622E09DF80600032816D17D
:10BD3000794890F83D00012808D1EC222900C9B2C9
:10BD40003000C0B2FAF7ACFA0C3610E06D222900D0
:10BD5000C9B23000C0B2FAF7A3FA0C3607E02022CD
:10BD60002900C9B23000C0B2FAF79AFA08369DF835
:10BD70000400002824D1684890F83D0001280FD124
:10BD8000C7222900C9B23000C0B2FAF789FA0836D2
:10BD9000E2222900C9B23000C0B2FAF781FA23E0EA
:10BDA00053222900C9B23000C0B2FAF779FA083636
:10BDB00076222900C9B23000C0B2FAF771FA13E056
:10BDC000554890F83D00012807D1D0222900C9B27A
:10BDD0003000C0B2FAF764FA06E052222900C9B274
:10BDE0003000C0B2FAF75CFA08362F222900C9B237
:10BDF0003000C0B2FAF754FAB61D474890F83D003B
:10BE0000012807D1F7222900C9B23000C0B2FAF7E1
:10BE100047FA06E068222900C9B23000C0B2FAF73A
:10BE20003FFA1A2005004048807B0A2190FBF1F080
:10BE30008DF807003C48807B0A2190FBF1F201FB62
:10BE400012008DF808003548C0799DF80710884227
:10BE500005D13248007A9DF80810884220D05E2033
:10BE600006009DF8070010F13002D2B22900C9B2D5
:10BE70003000C0B2FAF714FA08369DF8080010F145
:10BE80003002D2B22900C9B23000C0B2FAF708FAC3
:10BE9000083625222900C9B23000C0B2FAF700FAEC
:10BEA0001E486946B1E80C10A0E80C100C390C389B
:10BEB000BDE8FF8164F10A0870F10A087CF10A0804
:10BEC00088F10A0894F10A08A0F10A08B8F10A08F2
:10BED000C4F10A08D0F10A08DCF10A08F4F10A08F2
:10BEE000E8F10A0800F20A080CF20A0818F20A0837
:10BEF00030F20A0824F20A083CF20A0848F20A085A
:10BF0000ACF10A0854F20A0860F20A0888EE0A083E
:10BF10006CF20A08F8E70A08C03500205437002000
:10BF200060370020383700208436002000E1F50516
:10BF300040420F00A08601002DE9FC4F87B00600AB
:10BF40000F00052426255FF004097FF00208002079
:10BF50008DF8140000208DF8000000208DF80100FD
:10BF60000020ADF802005FF0000A9DF820000428D0
:10BF700040F0928021200400DFF8C00A90F83D00D4
:10BF8000012848D143465BB2C4224946C9B22000C9
:10BF9000C0B2F9F73DFF083443465BB2CE224946B2
:10BFA000C9B22000C0B2F9F733FF083443465BB290
:10BFB000C7224946C9B22000C0B2F9F729FF0834A8
:10BFC00043465BB2C0224946C9B22000C0B2F9F76D
:10BFD0001FFF083420222900C9B22000C0B2FAF79E
:10BFE0005FF908344F222900C9B22000C0B2FAF725
:10BFF00057F9083456222900C9B22000C0B2FAF716
:10C000004FF908344C222900C9B22000C0B2FAF717
:10C0100047F900F010BD44222900C9B22000C0B287
:10C02000FAF73EF908344F222900C9B22000C0B205
:10C03000FAF736F9083453222900C9B22000C0B2F9
:10C04000FAF72EF9083445222900C9B22000C0B2FF
:10C05000FAF726F9083420222900C9B22000C0B21C
:10C06000FAF71EF908344F222900C9B22000C0B2E5
:10C07000FAF716F9083456222900C9B22000C0B2D6
:10C08000FAF70EF908344C222900C9B22000C0B2D8
:10C09000FAF706F900F0CFBCDFF8A00990F83500F8
:10C0A0008DF80800DFF8940990F83500012809D1CF
:10C0B00064220023A2FB060102FB071103FB061109
:10C0C00006000F00DFF8740990F83500002816D13B
:10C0D000DFF8680990F83400012810D1DFF8600912
:10C0E000D0F80F1000EE101AF7EE000AB4EE600A56
:10C0F000F1EE10FA03D501208DF820002CE0DFF8D6
:10C10000440900218F420FD301D886420CD330005E
:10C110003900DFF83429002307F0AAF906000F00E0
:10C1200000208DF8200017E0DFF8200900218F4261
:10C130000FD301D886420CD3300039004FF47A7205
:10C14000002307F095F906000F0003208DF820006A
:10C1500002E002208DF82000002F2BD802D3B6F584
:10C160007A7F27D2300039006422002307F080F95B
:10C1700030308DF804002E208DF805003000390095
:10C180000A22002307F074F90A22002307F070F94D
:10C1900012F130008DF80600300039000A22002329
:10C1A00007F066F912F130008DF8070000208DF8D5
:10C1B000090061E042F2107000218F422FD801D3B4
:10C1C00086422CD2300039004FF47A72002307F0F7
:10C1D0004FF930308DF8040030003900642200231C
:10C1E00007F046F90A22002307F042F912F1300065
:10C1F0008DF805002E208DF80600300039000A2247
:10C20000002307F035F90A22002307F031F912F173
:10C2100030008DF8070001208DF809002CE0300077
:10C22000390042F21072002307F022F930308DF805
:10C230000400300039004FF47A72002307F018F937
:10C240000A22002307F014F912F130008DF80500DE
:10C25000300039006422002307F00AF90A22002383
:10C2600007F006F912F130008DF806002E208DF847
:10C27000070002208DF809009DF820008DF80A00C3
:10C280009DF80900DFF8C8174979884230D19DF838
:10C29000090002282CD05FF0000B5FFA8BFBBBF18A
:10C2A000040F80F2978001A85FFA8BFB10F80B0057
:10C2B000DFF89C175FFA8BFB11F80B1088420AD04D
:10C2C00001A85FFA8BFB10F80B202900C9B22000EF
:10C2D000C0B2F9F7E5FF01A85FFA8BFB10F80B007D
:10C2E0002E2801D0083400E0641D1BF1010BD4E7B7
:10C2F0009DF80900022836D15FF0000B5FFA8BFB36
:10C30000BBF1040F0ADA20222900C9B22000C0B212
:10C31000F9F7C6FF08341BF1010BEFE70520040015
:10C320005FF0000B5FFA8BFBBBF1030F0EDA01A885
:10C330005FFA8BFB10F80B202900C9B22000C0B2B5
:10C34000F9F7AEFF08341BF1010BEBE720222900BF
:10C35000C9B22000C0B2F9F7A3FF641DFF20DFF8C7
:10C36000F016887136E05FF0000B5FFA8BFBBBF1D3
:10C37000040F0ADA20222900C9B22000C0B2F9F75E
:10C380008FFF08341BF1010BEFE7FF20DFF8C01629
:10C390008871052004005FF0000B5FFA8BFBBBF196
:10C3A000040F17DA01A85FFA8BFB10F80B202900A5
:10C3B000C9B22000C0B2F9F773FF01A85FFA8BFB86
:10C3C00010F80B002E2801D0083400E0641D1BF18A
:10C3D000010BE2E79DF80A00DFF8741689798842BC
:10C3E00007D19DF80800DFF868160979884200F047
:10C3F000C780242004005FF0000B5FFA8BFBBBF1C9
:10C40000040F0ADA20222900C9B22000C0B2F9F7CD
:10C4100047FF08341BF1010BEFE7242004009DF8CF
:10C420000A00012819D1DFF8140690F83D00012810
:10C430000AD143465BB2ED224946C9B22000C0B2E0
:10C44000F9F7E6FC083456E06E222900C9B2200054
:10C45000C0B2F9F725FF08344DE09DF80A00022824
:10C4600023D1DFF8D80590F83D00012814D14346C8
:10C470005BB2EC224946C9B22000C0B2F9F7C8FC51
:10C48000083443465BB2EA224946C9B22000C0B232
:10C49000F9F7BEFCE41D2EE075222900C9B2200088
:10C4A000C0B2F9F7FDFE083425E09DF80A00032824
:10C4B00019D1DFF8880590F83D0001280AD14346DC
:10C4C0005BB2EC224946C9B22000C0B2F9F7A0FC29
:10C4D000083410E06D222900C9B22000C0B2F9F77B
:10C4E000DFFE0C3407E020222900C9B22000C0B2D0
:10C4F000F9F7D6FE08349DF80800002829D1DFF8A6
:10C500003C0590F83D00012813D143465BB2C72299
:10C510004946C9B22000C0B2F9F77AFC0834434654
:10C520005BB2E2224946C9B22000C0B2F9F770FC02
:10C5300026E053222900C9B22000C0B2F9F7B0FEAC
:10C54000083476222900C9B22000C0B2F9F7A8FE4B
:10C5500016E0DFF8E80490F83D00012809D14346D1
:10C560005BB2D0224946C9B22000C0B2F9F750FCF4
:10C5700006E052222900C9B22000C0B2F9F790FEAD
:10C580000798DFF8141B884280F0BB8007984FF4AF
:10C590006161B0FBF1F08DF8000007983C21B0FB21
:10C5A000F1F09DF800103C225143401A8DF8140020
:10C5B00030208DF80B009DF800000A2190FBF1F06F
:10C5C0000A2190FBF1F201FB120030308DF80C00D3
:10C5D0009DF800000A2190FBF1F201FB12003030BF
:10C5E0008DF80D00DFF8540490F83D00002801D1CB
:10C5F000482000E0D7208DF80E009DF814000A2195
:10C6000090FBF1F00A2190FBF1F201FB12003030B7
:10C610008DF80F009DF814000A2190FBF1F201FB48
:10C62000120030308DF81000DFF8100490F83D0053
:10C63000002801D14D2000E0CC208DF81100002011
:10C64000C0B207280EDA01A9C0B20144C979DFF8E7
:10C650000024C0B20244D279914201D001218A461D
:10C66000401CEDE75FFA8AFABAF1000F00F0DD81B5
:10C67000432004005FF0000B5FFA8BFBBBF1070F58
:10C680000ADA20222900C9B22000C0B2F9F708FE58
:10C6900008341BF1010BEFE74B2004005FF0010BA6
:10C6A0005FFA8BFBBBF1070F80F2BF8101A85FFA35
:10C6B0008BFB5844C0793A2814DBDFF8800390F8EC
:10C6C0003D0001280ED143465BB201A85FFA8BFB07
:10C6D0005844C2794946C9B22000C0B2F9F798FB64
:10C6E000A41C0AE001A85FFA8BFB5844C279290018
:10C6F000C9B22000C0B2F9F7D3FD08341BF1010B19
:10C70000CEE70798DFF89419884280F0CE8007982A
:10C71000DFF88419B0FBF1F0ADF8020007984FF490
:10C720006161B0FBF1F0BDF8021018225143401ACC
:10C730008DF80000BDF80200642190FBF1F00A21A1
:10C7400090FBF1F201FB120030308DF80B00BDF8C8
:10C7500002000A2190FBF1F00A2190FBF1F201FBAB
:10C76000120030308DF80C00BDF802000A2190FB59
:10C77000F1F201FB120030308DF80D00AF4890F857
:10C780003D00002801D1442000E0C4208DF80E00B7
:10C790009DF800000A2190FBF1F00A2190FBF1F2D4
:10C7A00001FB120030308DF80F009DF800000A21C7
:10C7B00090FBF1F201FB120030308DF810009F4821
:10C7C00090F83D00002801D1482000E0D7208DF8E6
:10C7D00011000020C0B207280DDA01A9C0B201443F
:10C7E000C9799B4AC0B20244D279914201D0012159
:10C7F0008A46401CEEE75FFA8AFABAF1000F00F0B1
:10C800001481432004005FF0000B5FFA8BFBBBF147
:10C81000070F0ADA20222900C9B22000C0B2F9F7B6
:10C820003FFD08341BF1010BEFE7432004009DF8A6
:10C830000B00302808D09DF80B202900C9B2200039
:10C84000C0B2F9F72DFD08345FF0010B5FFA8BFBE6
:10C85000BBF1070F80F2E98001A85FFA8BFB584417
:10C86000C0793A2812DB754890F83D0001280DD1B7
:10C8700043465BB201A85FFA8BFB5844C279494634
:10C88000C9B22000C0B2F9F7C3FA0AE001A85FFA02
:10C890008BFB5844C2792900C9B22000C0B2F9F715
:10C8A000FFFC08341BF1010BD0E70798DFF8EC1709
:10C8B000B0FBF1F08DF801000798DFF8DC17B0FB52
:10C8C000F1F09DF8011040F26D125143401AADF89D
:10C8D00002009DF801000A2190FBF1F00A2190FB73
:10C8E000F1F201FB120030308DF80B009DF80100D1
:10C8F0000A2190FBF1F201FB120030308DF80C00A0
:10C900004E4890F83D00002801D1592000E0C32096
:10C910008DF80D00BDF80200642190FBF1F00A21B2
:10C9200090FBF1F201FB120030308DF80E00BDF8E3
:10C9300002000A2190FBF1F00A2190FBF1F201FBC9
:10C94000120030308DF80F00BDF802000A2190FB74
:10C95000F1F201FB120030308DF81000374890F8EA
:10C960003D00002801D1442000E0C4208DF81100D2
:10C970000020C0B207280DDA01A9C0B20144C9796C
:10C98000334AC0B20244D279914201D001218A4691
:10C99000401CEEE75FFA8AFABAF1000F45D0432057
:10C9A00004005FF0000B5FFA8BFBBBF1070F0ADAA4
:10C9B00020222900C9B22000C0B2F9F771FC083466
:10C9C0001BF1010BEFE7432004005FF0000B5FFA5F
:10C9D0008BFBBBF1070F28DA01A85FFA8BFB5844E9
:10C9E000C0793A2812DB154890F83D0001280DD196
:10C9F00043465BB201A85FFA8BFB5844C2794946B3
:10CA0000C9B22000C0B2F9F703FA0AE001A85FFA40
:10CA10008BFB5844C2792900C9B22000C0B2F9F793
:10CA20003FFC08341BF1010BD1E701A80FC8DFF868
:10CA300020C08CE80F0009B0BDE8F08FC0350020A1
:10CA40008436002000E1F50540420F00A086010079
:10CA5000383700202DE9F8432DED028B84B0B0EE7D
:10CA6000408A04000D0000260027DFED728A0020B6
:10CA70008DF8040000208DF80600F0EE488ABFEE25
:10CA8000000AF4EE408AF1EE10FA31D1DFF80C0E14
:10CA9000007800282CD10120DFF8001E0870062342
:10CAA000032280210020F8F78DFDF6F7F9FDFEF74F
:10CAB0003FFE032006002420070018230022310037
:10CAC000C9B23800C0B2F8F761FE143718230C223F
:10CAD0003100C9B23800C0B2F8F758FE1437182335
:10CAE0000D223100C9B23800C0B2F8F74FFECDE2D6
:10CAF000BFEE000AF4EE408AF1EE10FA00F0C682B2
:10CB0000DFF8980D007800280BD00020DFF88C1D8E
:10CB100008700623032280210020F8F753FDF6F762
:10CB2000BFFDEDB2012D03D19FEDBA0A68EE808AF8
:10CB30009FEDB90AF4EE408AF1EE10FA07DB9FEDA3
:10CB4000B60AC8EE808A02208DF806000DE09FED3F
:10CB5000B30AF4EE408AF1EE10FA06DB9FEDAF0A5D
:10CB6000C8EE808A01208DF80600B2EE040AF4EEC9
:10CB7000408AF1EE10FA2AD5BCEEE80A10EE100A4F
:10CB80008DF800000A208DF80100B2EE040A28EEAC
:10CB9000800ABCEEC00A10EE100A0A21B0FBF1F2C6
:10CBA00001FB12008DF802009FED9D0A28EE800A1D
:10CBB000BCEEC00A10EE100A0A21B0FBF1F201FB34
:10CBC00012008DF8030000208DF805005CE09FED59
:10CBD000940AF4EE408AF1EE10FA2DD5B2EE040A72
:10CBE00088EE800ABCEEC00A10EE100A8DF8000034
:10CBF000BCEEE80A10EE100A0A21B0FBF1F201FBCC
:10CC000012008DF801000A208DF80200B2EE040A2D
:10CC100028EE800ABCEEC00A10EE100A0A21B0FB12
:10CC2000F1F201FB12008DF8030001208DF80500E0
:10CC30002AE000BF00000000BCEEE80A10EE100A77
:10CC40006421B0FBF1F08DF80000BCEEE80A10EEB4
:10CC5000100A0A21B0FBF1F00A21B0FBF1F201FB4E
:10CC600012008DF80100BCEEE80A10EE100A0A214D
:10CC7000B0FBF1F201FB12008DF802000A208DF8E2
:10CC8000030002208DF8050008200700032006009D
:10CC90009DF80500DFF8881D4979884205D00623F4
:10CCA000032259210020F8F78DFC9DF80500022889
:10CCB0001FD05FF000085FFA88F8B8F1040F53DA6C
:10CCC000182368465FFA88F810F808203100C9B2C6
:10CCD0003800C0B2F8F75AFD68465FFA88F810F8D5
:10CCE00008000A2801D0143700E0083718F10108BD
:10CCF000E1E79DF80500022816D15FF000085FFA11
:10CD000088F8B8F1030F2FDA182368465FFA88F81D
:10CD100010F808203100C9B23800C0B2F8F736FD6B
:10CD2000143718F10108EAE75FF000085FFA88F8A5
:10CD3000B8F1040F18DA182368465FFA88F810F87B
:10CD400008203100C9B23800C0B2F8F71FFD6846AC
:10CD50005FFA88F810F808000A2801D0143700E0BC
:10CD6000083718F10108E1E75A20070006200600FD
:10CD7000E4B2642C01DB63200400E4B20A2094FBDB
:10CD8000F0F08DF80700E4B20A2094FBF0F100FB0C
:10CD900011408DF808007FF0030843465BB29DF810
:10CDA000070010F13002D2B23100C9B23800C0B26F
:10CDB000F8F7E5FE083743465BB29DF8080010F12E
:10CDC0003002D2B23100C9B23800C0B2F8F7D7FE93
:10CDD000FF1D43465BB225223100C9B23800C0B204
:10CDE000F8F7CDFE032006005A200700DFF8500DAB
:10CDF00090F83D0000286ED19DF80600022811D160
:10CE000000234D223100C9B23800C0B2F8F7B7FE96
:10CE1000083714E0000070420024744900007A448E
:10CE20000000C8429DF80600012808D100236B22AB
:10CE30003100C9B23800C0B2F8F7A1FE08370023AC
:10CE400070223100C9B23800C0B2F8F798FE083736
:10CE5000002370223100C9B23800C0B2F8F78FFE4B
:10CE60000837EDB2012D08D100236D223100C9B27F
:10CE70003800C0B2F8F783FE07E0002373223100C8
:10CE8000C9B23800C0B2F8F77AFE242272215620C7
:10CE9000F9F78AFD761C5A2007007FF0030363220E
:10CEA0003100C9B23800C0B2F8F7B2FF08377FF0DE
:10CEB00003036D223100C9B23800C0B2F8F7A8FFF1
:10CEC0000B377FF0030323223100C9B23800C0B210
:10CED000F8F79EFFD1E09DF8060002280BD1532001
:10CEE00007000023CC223100C9B23800C0B2F8F7E5
:10CEF00046FE083730E09DF80600012816D1532081
:10CF000007007FF0030320223100C9B23800C0B20D
:10CF1000F8F735FE542007000023EA223100C9B299
:10CF20003800C0B2F8F72BFEFF1D15E05FF00009D6
:10CF30005FFA89F9B9F1060F0CDA7FF003032022BA
:10CF40003100C9B23800C0B2F8F719FE083719F13C
:10CF50000109EDE7572007000023F7223100C9B28D
:10CF60003800C0B2F8F70BFE08370023E02231008A
:10CF7000C9B23800C0B2F8F702FE08370023F12228
:10CF80003100C9B23800C0B2F8F7F9FDFF1D002327
:10CF9000F2223100C9B23800C0B2F8F7F0FD242205
:10CFA00080214F20F9F700FD761C502007007FF00C
:10CFB0000303F1223100C9B23800C0B2F8F728FFEC
:10CFC000FF1D7FF00303EC223100C9B23800C0B26C
:10CFD000F8F71EFF08377FF0030323223100C9B2A0
:10CFE0003800C0B2F8F714FF7F1D7FF001032E2236
:10CFF0003100C9B23800C0B2F8F70AFF3F1DEDB2E8
:10D00000012D1DD17FF00303EC223100C9B238009D
:10D01000C0B2F8F7FDFE08377FF00303E8223100C5
:10D02000C9B23800C0B2F8F7F3FE08377FF0030347
:10D03000ED223100C9B23800C0B2F8F7E9FE1CE0B9
:10D040007FF00303F1223100C9B23800C0B2F8F713
:10D05000DFFE08377FF00303E5223100C9B2380054
:10D06000C0B2F8F7D5FE08377FF00303EA2231009B
:10D07000C9B23800C0B2F8F7CBFEDFF8A4096946A0
:10D08000B1E80C10A0E80C100C390C3804B0BDEC61
:10D09000028BBDE8F1830000805101008033E10183
:10D0A0002DE9F0412DED028B84B0B0EE408A0400F2
:10D0B0000D0000260027DFED728A00208DF80400A5
:10D0C00000208DF80600F0EE488ABFEE000AF4EE6C
:10D0D000408AF1EE10FA31D1DFF8C007007800285D
:10D0E0002CD10120DFF8B417087006230322802119
:10D0F0000020F8F767FAF6F7D3FAFEF719FB0320DA
:10D10000060024200700182300223100C9B238008D
:10D11000C0B2F8F73BFB143718230C223100C9B218
:10D120003800C0B2F8F732FB143718230D22310053
:10D13000C9B23800C0B2F8F729FB5BE2BFEE000AC3
:10D14000F4EE408AF1EE10FA00F05482DFF84C075A
:10D15000007800280BD00020DFF840170870062365
:10D16000032280210020F8F72DFAF6F799FAEDB2A4
:10D17000012D03D19FEDBA0A68EE808A9FEDB90AAE
:10D18000F4EE408AF1EE10FA07DB9FEDB70AC8EE25
:10D19000808A02208DF806000DE09FEDB40AF4EEBF
:10D1A000408AF1EE10FA06DB9FEDB10AC8EE808AE4
:10D1B00001208DF80600B2EE040AF4EE408AF1EE8A
:10D1C00010FA2AD5BCEEE80A10EE100A8DF800001D
:10D1D0000A208DF80100B2EE040A28EE800ABCEEA7
:10D1E000C00A10EE100A0A21B0FBF1F201FB120096
:10D1F0008DF802009FED9F0A28EE800ABCEEC00A5F
:10D2000010EE100A0A21B0FBF1F201FB12008DF8BA
:10D21000030000208DF805005CE09FED960AF4EE17
:10D22000408AF1EE10FA2DD5B2EE040A88EE800A9B
:10D23000BCEEC00A10EE100A8DF80000BCEEE80A41
:10D2400010EE100A0A21B0FBF1F201FB12008DF87A
:10D2500001000A208DF80200B2EE040A28EE800ACE
:10D26000BCEEC00A10EE100A0A21B0FBF1F201FB7D
:10D2700012008DF8030001208DF805002AE000BFA0
:10D2800000000000BCEEE80A10EE100A6421B0FBBA
:10D29000F1F08DF80000BCEEE80A10EE100A0A2149
:10D2A000B0FBF1F00A21B0FBF1F201FB12008DF8A6
:10D2B0000100BCEEE80A10EE100A0A21B0FBF1F200
:10D2C00001FB12008DF802000A208DF803000220F5
:10D2D0008DF805000A200700032006009DF80500D0
:10D2E000DFF83C174979884205D0062303225921EB
:10D2F0000020F8F767F99DF8050002281FD05FF0BD
:10D3000000085FFA88F8B8F1040F53DA182368466A
:10D310005FFA88F810F808203100C9B23800C0B2AE
:10D32000F8F734FA68465FFA88F810F808000A2817
:10D3300001D0143700E0083718F10108E1E79DF843
:10D340000500022816D15FF000085FFA88F8B8F1EE
:10D35000030F2FDA182368465FFA88F810F80820C0
:10D360003100C9B23800C0B2F8F710FA143718F11A
:10D370000108EAE75FF000085FFA88F8B8F1040FE7
:10D3800018DA182368465FFA88F810F80820310088
:10D39000C9B23800C0B2F8F7F9F968465FFA88F800
:10D3A00010F808000A2801D0143700E0083718F1F7
:10D3B0000108E1E75A20070006200600E4B2642CC9
:10D3C00001DB63200400E4B20A2094FBF0F08DF846
:10D3D0000700E4B20A2094FBF0F100FB11408DF845
:10D3E00008007FF0030843465BB29DF8070010F188
:10D3F0003002D2B23100C9B23800C0B2F8F7BFFB78
:10D40000083743465BB29DF8080010F13002D2B2F3
:10D410003100C9B23800C0B2F8F7B1FBFF1D434676
:10D420005BB225223100C9B23800C0B2F8F7A7FBC1
:10D430000320060057200700DFF8040790F83D009E
:10D44000002857D19DF80600022815D100234D224F
:10D450003100C9B23800C0B2F8F791FB21E000BF3B
:10D4600000007042012474490024744901007A4488
:10D4700000007A440000C8429DF80600012808D147
:10D4800000234B223100C9B23800C0B2F8F777FB55
:10D4900007E0002320223100C9B23800C0B2F8F7FB
:10D4A0006EFB61200700002363223100C9B23800FF
:10D4B000C0B2F8F764FB0837002370223100C9B20C
:10D4C0003800C0B2F8F75BFB0837EDB2012D08D188
:10D4D00000236D223100C9B23800C0B2F8F74FFB0B
:10D4E0007FE0002373223100C9B23800C0B2F8F7E0
:10D4F00046FB76E0552007009DF80600022809D17A
:10D500007FF004034D223100C9B23800C0B2F8F7F1
:10D5100036FB16E09DF80600012809D17FF00403D0
:10D520004B223100C9B23800C0B2F8F728FB08E03E
:10D530007FF0040320223100C9B23800C0B2F8F7EE
:10D540001EFB612007000023E8223100C9B2380029
:10D55000C0B2F8F714FB08370023EC223100C9B23F
:10D560003800C0B2F8F70BFB09370023EF22310077
:10D57000C9B23800C0B2F8F702FB24227A215F203A
:10D58000F9F712FA761C61200700EDB2012D1DD1CA
:10D590007FF00303EC223100C9B23800C0B2F8F7C3
:10D5A00037FC09377FF00303E8223100C9B23800A5
:10D5B000C0B2F8F72DFC08377FF00303ED223100ED
:10D5C000C9B23800C0B2F8F723FC0AE06A200700AD
:10D5D0007FF00303F1223100C9B23800C0B2F8F77E
:10D5E00017FCDFF83C046946B1E80C10A0E80C1009
:10D5F0000C390C3804B0BDEC028BBDE8F08138B5B5
:10D6000000250024DFF86406DFF864162C22F7F703
:10D61000A5FDF5F700FEF7F768FCF6F741F8DFF82F
:10D620002005B0F83F000500ADB23C2D02DA002025
:10D63000040005E0ADB23C2095FBF0F501200400AC
:10D64000ADB20A2095FBF0F08DF80000ADB20A20D3
:10D6500095FBF0F100FB11508DF80100E4B214F0DD
:10D660000100DFF808168862DFF80006806A000112
:10D67000DFF8F8158862DFF8F405806A9DF800107D
:10D6800050FA81F0DFF8E4158862DFF8E005806A7F
:10D690000001DFF8D8158862DFF8D005806A9DF8B0
:10D6A000011050FA81F0DFF8C4158862DFF8BC057C
:10D6B000806ADFF8B815896A50EA0140DFF8AC15D6
:10D6C00088620121002000F001F831BD2DE9F04110
:10D6D00082B004000D000026DFF89005806A000A81
:10D6E00010F001000600DFF88405806AC0F3031023
:10D6F0008DF80000DFF8740590F8280010F00F0096
:10D700008DF801009DF800000A2802DB09208DF841
:10D7100000009DF801000A2802DB09208DF80100B5
:10D720002C20DFF850150870022080462C200700BE
:10D73000E4B2012C13D118239DF800204146C9B250
:10D740003800C0B2F8F722F8DFF82805027817F1A0
:10D750001001C9B23800C0B2F9F760F915E0EDB2B6
:10D76000002D12D0DFF80C05027817F11001C9B2B4
:10D770003800C0B2F9F78CF918239DF80020414613
:10D78000C9B23800C0B2F8F701F81037E4B2022C81
:10D7900013D118239DF801204146C9B23800C0B208
:10D7A000F7F7F4FFDFF8CC04027817F11001C9B2E3
:10D7B0003800C0B2F9F732F915E0EDB2002D12D001
:10D7C000DFF8B004027817F11201C9B23800C0B214
:10D7D000F9F75EF918239DF801204146C9B23800D7
:10D7E000C0B2F7F7D3FF5720070003208046F6B2F8
:10D7F000002E1AD1002353224146C9B23800C0B2CC
:10D80000F8F7BDF90837002345224146C9B2380070
:10D81000C0B2F8F7B4F90837002343224146C9B231
:10D820003800C0B2F8F7ABF919E000234D224146A9
:10D83000C9B23800C0B2F8F7A2F90B370023492269
:10D840004146C9B23800C0B2F8F799F97F1D0023EC
:10D850004E224146C9B23800C0B2F8F790F95520BF
:10D860000700E4B2032C0AD1DFF80804027817F1AC
:10D870001C01C9B23800C0B2F9F7D0F80CE0EDB223
:10D88000002D09D0DFF8EC03027817F11C01C9B2B2
:10D890003800C0B2F9F7FCF8BDE8F381BA380020CF
:10D8A00080B5DFF8C803008A00280AD1DFF8C80372
:10D8B000DFF8B81388600120DFF8B0130873F5F7BC
:10D8C000EFFEDFF8A803008A032807DADFF89C03DD
:10D8D000008A401CDFF89413088203E00120DFF87F
:10D8E0008C1308820121DFF88403008AC0B2FFF79D
:10D8F000EDFE01BD38B500240025DFF87003008A75
:10D90000012804D06DD3032849D026D369E0DFF87D
:10D910005C03806AC0F303100500EDB2062D01DA46
:10D920006D1C01E000200500DFF84003806A30F044
:10D93000F000DFF838138862DFF83003806AEDB258
:10D9400050EA0510DFF8241388620021DFF81C0379
:10D95000008AC0B2FFF7BAFE44E0DFF8100390F887
:10D96000280010F00F000500EDB2092D01DA6D1C42
:10D9700001E000200500DFF8F402806A00090001E0
:10D98000BA498862B948806AEDB22843B7498862CB
:10D990000021B648008AC0B2FFF798FE22E0B348E3
:10D9A000806A000A10F001000400E4B2002C02D1E9
:10D9B0000120040001E000200400AC48806A30F43B
:10D9C0008070AA498862A948806AE4B250EA0420BB
:10D9D000A64988620021A548008AC0B2FFF776FEFA
:10D9E00000E01CE0A148806A000CA049896A89B265
:10D9F00088420AD09D484068A04988420FD09F487D
:10DA00009A494860F5F74CFE09E0984840689B4900
:10DA1000884204D19A4895494860F5F741FE31BDE6
:10DA20006037002038B5002400259048008A01287E
:10DA300004D065D3032841D020D361E08B48806AAD
:10DA4000C0F303100500EDB2002D01D06D1E01E002
:10DA5000062005008548806A30F0F000834988621E
:10DA60008248806AEDB250EA051080498862002140
:10DA70007E48008AC0B2FFF729FE42E07B4890F85A
:10DA8000280010F00F000500EDB2002D01D06D1E32
:10DA900001E0092005007548806A0009000173490A
:10DAA00088627248806AEDB228437049886200211A
:10DAB0006E48008AC0B2FFF709FE22E06B48806A18
:10DAC000000A10F003000400E4B2002C02D101208F
:10DAD000040001E0002004006448806A30F4807093
:10DAE000624988626148806AE4B250EA04205F4972
:10DAF000886200215D48008AC0B2FFF7E7FD00E0C0
:10DB00001CE05A48806A000C5849896A89B28842E8
:10DB10000AD056484068594988420FD0574853495F
:10DB20004860F5F7BDFD09E0504840685349884218
:10DB300004D153484D494860F5F7B2FD31BD0000AE
:10DB4000C035002038B54948008A002877D0002425
:10DB50000020464908824548806A000A10F001000A
:10DB600004004248806AC0F303150A2015FB00F543
:10DB70003E4890F8280010F00F004519ADB23D2D39
:10DB800013DB3C2005000120384988623748806A51
:10DB90000001364988623548806A801D33498862B1
:10DBA0003248806A000131498862E4B2012C02D116
:10DBB0003C2015FB00F5ADB2052D0DDA0520050062
:10DBC0002A48806A000C0004284988622748806A35
:10DBD00050F005002549886201210020FFF776FDFD
:10DBE00022484068254988421DD126481F4948607F
:10DBF00025481E49886000201C490873F5F750FD30
:10DC00002248A0F83F5000F02DFB1848806A80B2EF
:10DC1000164988621548806A1449896A50EA0140A9
:10DC2000124988620DE017481049486016480F49AC
:10DC3000886000200D490873F5F732FD01E0FDF71B
:10DC40001DF831BD80B508F015FF084810492C2299
:10DC5000F7F784FA022005490882F5F7DCFAF5F7B0
:10DC60001FFDF7F760F9F2F7BDFF01BDD0280020D6
:10DC7000A4DB0A08D3020020B8EB0A0890EC0A08DB
:10DC8000C4EB0A08ACEB0A08D0EB0A08C035002048
:10DC90004CDB0A0880B5A248A2492C22F7F75EFAAD
:10DCA000F5F7B9FAF5F7FCFCF7F73DF9F2F79AFF4B
:10DCB0009D4890F83B009D4908709B4890F83C00B7
:10DCC0009B490870984890F842009A490870994812
:10DCD0000278974801789548007800F037F901BD3F
:10DCE00080B58F4840689449884202D1F2F752FBD0
:10DCF00022E091488A494860904889498860F5F750
:10DD0000CFFC894890F83B00884908708748007824
:10DD1000F7F7DDFB844890F83C008549087082489D
:10DD200090F8420083490870824802788048017860
:10DD30007E48007800F00AF901BD80B57848806817
:10DD40007E49884206D17E48754948607D487449BD
:10DD500088603EE079487249886077487049486039
:10DD6000714890F83B007149097888420DD16E489E
:10DD700090F83C006E490978884206D16A4890F8CC
:10DD800042006C490978884223D068480078664987
:10DD900081F83B0066480078634981F83C0062489E
:10DDA00090F83C0068494875624800785E4981F8FF
:10DDB00042005D4890F84200634981F8780000F025
:10DDC00051FA5C4802785A4801785848007800F0C7
:10DDD000BDF8F5F765FC01BD80B55148806857492D
:10DDE000884202D1F3F76AF945E04D48008A0028DD
:10DDF00010D14E480078401C4C4908704B480078C0
:10DE00001F2802DB1E204949087048480078F7F7B0
:10DE10005EFB30E04248008A012814D14448007873
:10DE2000002803D105204249087004E040480078EA
:10DE3000401C3F4908703E4800783D281BDB3C20D1
:10DE40003B49087017E03648008A022813D1394848
:10DE50000078002803D105203649087004E03548D1
:10DE60000078401C33490870324800783D2802DBB6
:10DE70003C20304908702F4802782D4801782B4803
:10DE8000007800F063F801BD80B5254880682B4913
:10DE9000884202D1F2F7A6FE38E02148008A002825
:10DEA00011D122480078002805D020480078401E73
:10DEB0001E49087002E000201C4908701B480078C9
:10DEC000F7F705FB22E01648008A01280DD1184813
:10DED0000078062805DB16480078401E14490870B3
:10DEE00014E000201249087010E00D48008A022852
:10DEF0000CD110480078062805DB0E480078401E3B
:10DF00000C49087002E000200A49087009480278AC
:10DF1000074801780548007800F018F801BD0000B6
:10DF2000D0280020E8D30A08C0350020B2380020ED
:10DF3000B3380020B4380020C4EB0A08D0EB0A083C
:10DF4000DCEB0A0890EC0A083C3500202DE9F04192
:10DF500082B004000D0016005FF000080027E4B254
:10DF60000A2094FBF0F030308DF80000E4B20A2073
:10DF700094FBF0F100FB114030308DF8010064207B
:10DF80008046102007009DF800203900C9B24046A5
:10DF9000C0B2F8F785F918F108089DF8012039009A
:10DFA000C9B24046C0B2F8F77BF9EDB2002D14D1EA
:10DFB000642080461C2007002D223900C9B240464B
:10DFC000C0B2F8F76DF918F108082D223900C9B26E
:10DFD0004046C0B2F8F764F92AE0EDB23D2D01DB0E
:10DFE0003C200500EDB20A2095FBF0F030308DF8B2
:10DFF0000000EDB20A2095FBF0F100FB115030302B
:10E000008DF80100642080461C2007009DF8002048
:10E010003900C9B24046C0B2F8F742F918F1080811
:10E020009DF801203900C9B24046C0B2F8F738F96E
:10E03000F6B2002E14D164208046282007002D223D
:10E040003900C9B24046C0B2F8F72AF918F10808F9
:10E050002D223900C9B24046C0B2F8F721F92AE0B2
:10E06000F6B23D2E01DB3C200600F6B20A2096FBFC
:10E07000F0F030308DF80000F6B20A2096FBF0F197
:10E0800000FB116030308DF80100642080462820AC
:10E0900007009DF800203900C9B24046C0B2F8F729
:10E0A000FFF818F108089DF801203900C9B2404670
:10E0B000C0B2F8F7F5F8BDE8F381520010B40023C0
:10E0C00010F15004230013EB81031A6010BC704759
:10E0D0000200002012F15003180010EB81000068CC
:10E0E000704710B5002400200400E4B2082C0ADABE
:10E0F000DFF83C0BE4B2005DDFF8381BE4B22144EA
:10E100000876641CF1E700200400E4B2092C0BDA65
:10E11000DFF8240BE4B2005DDFF8181BE4B2214401
:10E1200081F82000641CF0E7DFF8080BDFF80C1B17
:10E130000160DFF8000BDFF8041B4160DFF8F40A30
:10E14000DFF8FC1A8160DFF8EC0ADFF8F41AC1602E
:10E15000DFF8E00ADFF8E81A01610020DFF8D41ADE
:10E1600081F835000020DFF8CC1A81F83600012054
:10E17000DFF8C01A81F837000120DFF8B81A81F8FB
:10E1800038000120DFF8AC1A81F839000120DFF8EF
:10E19000A41A81F83A000F20DFF8981A81F83B00A2
:10E1A0000F20DFF8901A81F83C001E20DFF8841A57
:10E1B00081F842000120DFF87C1A81F83D0001203F
:10E1C000DFF8701A81F83E004FF46160DFF8641ADE
:10E1D000A1F83F000120DFF85C1A81F8410000201F
:10E1E000DFF8501A81F83400DFF8480ADFF8541AD3
:10E1F000C0F84310DFF83C0ADFF84C1AC0F84710AB
:10E20000DFF8300ADFF8441AC0F84B10DFF8240AB0
:10E210000021C0F84F10DFF81C0ADFF8341AC0F8EC
:10E220005310DFF8100A0021C0F85710DFF8040A75
:10E23000DFF8201A41610120DFF8F81981F85B004E
:10E24000DFF8F009DFF80C1AC1650020DFF8E419E7
:10E2500081F869000020DFF8DC1981F86A0000F01D
:10E2600065F810BD80B5DFF8CC0900F0FBF8DFF8E9
:10E27000C40900F001F801BDF8B504006D250022C5
:10E280002900DFF8B0090AF018FF060015F0070FA3
:10E2900002D0ED08ED000835AD08DFF8BC0950F8F4
:10E2A0002570B7420AD05FF000500090DFF8A8391F
:10E2B0006D22DFF8A41920000AF0D1FF0120F2BD81
:10E2C000F8B504006D2600223100DFF868090AF075
:10E2D000F4FE050016F0070F02D0F608F600083627
:10E2E000B608DFF8740950F82670AF420AD05FF024
:10E2F00000500090DFF860396D22DFF85C192000D3
:10E300000AF0ADFFDFF8540950F826000700AF42CD
:10E310000AD05FF000500090DFF840396D22DFF83E
:10E320003C1920000AF09BFF0120F2BD10B56D24BE
:10E3300014F0070F02D0E408E400083400222100A2
:10E34000DFF814090AF0B9FE04F1006111F5A031FB
:10E35000096890EA010F0CD10020A04207D2DFF833
:10E36000F818095CDFF8CC281154401CF5E70120AF
:10E370002BE000222100DFF8E4080AF09EFE04F101
:10E38000006111F5A431096890EA010F14D1002051
:10E39000A04207D2DFF8C418095CDFF898281154AE
:10E3A000401CF5E7DFF8B808007850F00800DFF807
:10E3B000B0180870022008E0DFF8A408007850F0D8
:10E3C0001000DFF89C180870002010BD10B56D24F7
:10E3D00014F0070F02D0E408E40008340022210002
:10E3E000DFF878080AF069FE04F1006111F5A43144
:10E3F000096890EA010F0CD10020A04207D2DFF893
:10E400005C18095CDFF82C281154401CF5E7022049
:10E4100000E0002010BD000038B52DED048BB0EEFB
:10E42000408AF0EE608A9FED0E9A19EE100A08F00D
:10E43000B7FB02000B0014001D0038EE680A10EE56
:10E44000100A08F0ADFB31F0004122002B0004F06F
:10E4500063FC01D2012000E00020BDEC048B32BD42
:10E4600017B7D13838B50400012594F839000228CF
:10E4700004DB012084F8390000200500D4F84B00AB
:10E4800000EE100AB5EE400AF1EE10FA05D8DFF8FA
:10E49000BC07C4F84B000020050094F86A0002286D
:10E4A00004DB002084F86A000020050094F83C009A
:10E4B0003D2804DB0F2084F83C000020050094F880
:10E4C00042003D2804DB1E2084F83C0000200500AB
:10E4D000D4F8530000EE100AB5EE400AF1EE10FA3F
:10E4E00005D8DFF86C07C4F853000020050094F845
:10E4F0003B001F2808DB0F2084F83B0000200500AC
:10E5000094F83B00F6F7E3FF94F83600022804DBAA
:10E51000002084F8360000200500D4F8430000EE07
:10E52000100AB5EE400AF1EE10FA05D8DFF814072C
:10E53000C4F8430000200500D4F8470000EE100A9C
:10E54000B5EE400AF1EE10FA05D8DFF8FC06C4F883
:10E55000470000200500206800EE100ADFEDA80A41
:10E56000B4EE600AF1EE10FA04D5DFF8D0062060B0
:10E5700000200500206800EE100ADFEDA20AB4EECC
:10E58000600AF1EE10FA04DBDFF8B006206000202C
:10E590000500606800EE100ADFED990AB4EE600A2B
:10E5A000F1EE10FA04D5DFF8940660600020050053
:10E5B000606800EE100ADFED940AB4EE600AF1EE36
:10E5C00010FA04DBDFF87406606000200500A06824
:10E5D00000EE100ADFED8A0AB4EE600AF1EE10FADE
:10E5E00004D5DFF85C06606000200500A06800EE3E
:10E5F000100ADFED860AB4EE600AF1EE10FA04DBD1
:10E60000DFF83C06A06000200500E06800EE100A7C
:10E61000DFED7F0AB4EE600AF1EE10FA04D5DFF800
:10E620002006E06000200500E06800EE100ADFED43
:10E63000790AB4EE600AF1EE10FA04DBDFF80006A6
:10E64000E06000200500206900EE100ADFED6C0A92
:10E65000B4EE600AF1EE10FA04D5DFF8E4052061AB
:10E6600000200500206900EE100ADFED6A0AB4EE12
:10E67000600AF1EE10FA04DBDFF8C4052061002027
:10E68000050094F83A00022804DB002084F83A00E0
:10E690000020050094F83500022804DB002084F8EF
:10E6A00035000020050094F83700022804DB012023
:10E6B00084F837000020050094F83800022804DBB5
:10E6C000012084F8380000200500B4F83F00052838
:10E6D00004DBB4F83F00B0F5616F05DD4FF4616015
:10E6E000A4F83F000020050094F84100022804DB54
:10E6F000012084F841000020050094F83E00022823
:10E7000004DB012084F83E000020050094F85B0043
:10E71000022804DB012084F85B0000200500A068CB
:10E7200000EE100AB5EE400AF1EE10FA04D1DFF85F
:10E730001005A0600020050094F86600642804DB42
:10E74000002084F866000020050094F86700642823
:10E7500004DB002084F867000020050094F86800BE
:10E76000642804DB002084F868000020050060694C
:10E7700000EE100ADFEDA10AB4EE600AF1EE10FA25
:10E7800004D5DFF8D004606100200500606900EE68
:10E79000100ADFED9B0AB4EE600AF1EE10FA04DB1A
:10E7A000DFF8B00460610020050094F8340002280E
:10E7B00004DB002084F834000020050094F86A008F
:10E7C000022804DB002084F86A0000200500B4F869
:10E7D0006B00002805D140F23A20A4F86B0000201D
:10E7E0000500B4F86B00B0F57A7F05DD40F23A2001
:10E7F000A4F86B00002005002800C0B232BD000064
:10E80000CDCCCC3D017C924821BCBE4C0150C349CB
:10E8100090C2F53C0150C34770B504000121DFF8F8
:10E820004404FFF755FC05000020050094F837006C
:10E83000000310F48050451994F83800800210F459
:10E840008060451994F83600000210F48070451974
:10E8500094F83400C00110F08000451994F841008C
:10E86000800110F04000451994F83500400110F087
:10E870002000451994F86A00000110F010004519B5
:10E8800094F83A00C00010F00800451994F83900D7
:10E89000800010F00400451994F86900400010F061
:10E8A0000200451994F83D0010F0010045192A00B6
:10E8B0000121DFF8B003FFF701FC22681921DFF81E
:10E8C000A403FFF7FBFB94F84200400410F47E0021
:10E8D000050094F85B00000410F48030054394F8C0
:10E8E0003B00000210F4FE40054394F83C0010F099
:10E8F0007F0005432A000A21DA48FFF7DFFBB4F85E
:10E900003F200821D748FFF7D9FB0026002005004B
:10E910000020C0B208280CDA2D01C0B204EB0001BF
:10E92000097E30390E00F6B216F00F010D43401C7F
:10E93000EFE72A001521CB48FFF7C0FB62681121E1
:10E94000C848FFF7BBFBE2681721C648FFF7B6FBD4
:10E9500022691821C348FFF7B1FBA2681421C148FE
:10E96000FFF7ACFBD4F84B201621BE48FFF7A6FBFF
:10E97000D4F853200D21BB48FFF7A0FBE26D1E2108
:10E98000B848FFF79BFB94F860201F21B548FFF7BC
:10E9900095FB94F866000004050094F8670055EABA
:10E9A000002594F8680005432A001221AD48FFF7BE
:10E9B00085FBD4F843200B21AA48FFF77FFBD4F84E
:10E9C00047200C21A748FFF779FB62690621A5487B
:10E9D000FFF774FB94F83E200521A248FFF76EFB79
:10E9E000B4F86B2003219F48FFF768FB5FF0A53266
:10E9F00000219C48FFF762FB70BD0000FCA9713D3F
:10EA00000100803F38B5040001219648FFF760FB04
:10EA100000900098000B10F0010084F83700009877
:10EA2000800A10F0010084F838000098000A10F005
:10EA3000010084F836000098C0F3C01084F8340058
:10EA40000098C0F3801084F841000098C0F3401093
:10EA500084F835000098C0F3001084F86A0000982C
:10EA6000C0F3C00084F83A000098C0F3800084F836
:10EA700039000098C0F3400084F86900009810F055
:10EA8000010084F83D0094F83D00022190FBF1F272
:10EA900001FB120084F83D000A217248FFF718FBC1
:10EAA00000900098400C10F07F0084F8420000981D
:10EAB000000C10F0010084F85B000098000A10F0D0
:10EAC0007F0084F83B00009810F07F0084F83C0041
:10EAD00019216448FFF7FCFA00900098206011218A
:10EAE0006048FFF7F5FA00900098606014215D48D7
:10EAF000FFF7EEFA00900098A06017215948FFF741
:10EB0000E7FA00900098E06018215648FFF7E0FA15
:10EB100000900098206116215248FFF7D9FA009022
:10EB20000098C4F84B000D214E48FFF7D1FA009031
:10EB30000098C4F853000B214A48FFF7C9FA009027
:10EB40000098C4F843000C214648FFF7C1FA009032
:10EB50000098C4F8470006214248FFF7B9FA009030
:10EB60000098606108213F48FFF7B2FAA4F83F001F
:10EB700005213C48FFF7ACFA84F83E0003213948F0
:10EB8000FFF7A6FAA4F86B001E213648FFF7A0FA9B
:10EB900000900098E0651F213248FFF799FA84F849
:10EBA0006000002515212F48FFF792FA0090002001
:10EBB000C0B208280DDA009911F00F010D003035B0
:10EBC000009909090091C0B241422144CD77401C0F
:10EBD000EEE794F8660000040090009894F867103F
:10EBE00050EA01200090009894F8681008430090C3
:10EBF00012211C48FFF76CFA00900098000C84F872
:10EC000066000098000A84F86700009884F868009D
:10EC1000012032BD80B500211248FFF759FA0100EA
:10EC2000B1F1A53F01D1012000E0002002BD0000AC
:10EC3000F4F90A08C0350020C0F20A080000FA44BE
:10EC400000002041A2E7BB3485EB813F8FC2F53D38
:10EC500052B81E3F8FC2753D0040010800480108B0
:10EC6000A63800200028004030B587B0DFF8D00C6F
:10EC7000DFF8D01C2C22F6F771FAF4F7CCFAF6F78D
:10EC800034F9F4F70DFD684604F0F4F903A804F034
:10EC9000B5F90098A0F2E470400210F47E40DFF86D
:10ECA000A01C8862DFF8980C806A0199491E49010E
:10ECB00011F4F0710818DFF8881C8862DFF8800C06
:10ECC000806A0299491E11F01F010818DFF8701CB4
:10ECD0008862DFF86C0C806A039910EBC160DFF882
:10ECE000601C8862DFF8580C806A0499490511F0AD
:10ECF000FC610818DFF8481C8862DFF8440C806A61
:10ED0000DFF8441C08602C250224002303980A2104
:10ED1000B0FBF1F010F13002D2B22100C9B22800EC
:10ED2000C0B2F6F72CFF083503980A210023B0FB88
:10ED3000F1F201FB120010F13002D2B22100C9B28F
:10ED40002800C0B2F6F71BFF0A3502233A22210041
:10ED5000C9B22800C0B2F6F712FFAD1D0023049817
:10ED60000A21B0FBF1F010F13002D2B22100C9B299
:10ED70002800C0B2F6F703FF083504980A210023E3
:10ED8000B0FBF1F201FB120010F13002D2B221000F
:10ED9000C9B22800C0B2F6F7F2FE1D20050004201B
:10EDA0000400002302980A21B0FBF1F010F13002B8
:10EDB000D2B22100C9B22800C0B2F6F7E0FE083591
:10EDC00002980A210023B0FBF1F201FB120010F1BE
:10EDD0003002D2B22100C9B22800C0B2F6F7CFFE8D
:10EDE0000A3500232F222100C9B22800C0B2F6F74D
:10EDF000C6FE0A35002301980A21B0FBF1F010F19C
:10EE00003002D2B22100C9B22800C0B2F6F7B7FE74
:10EE1000083501980A210023B0FBF1F201FB120032
:10EE200010F13002D2B22100C9B22800C0B2F6F708
:10EE3000A6FE0A3500232F222100C9B22800C0B245
:10EE4000F6F79DFE0A3500980A21B0FBF1F00A2181
:10EE50000023B0FBF1F201FB120010F13002D2B23C
:10EE60002100C9B22800C0B2F6F789FE0835009823
:10EE70000A210023B0FBF1F201FB120010F1300275
:10EE8000D2B22100C9B22800C0B2F6F778FE07B0AE
:10EE900030BD80B5DFF8A80A8068DFF8B01A884274
:10EEA0000AD1DFF8AC0ADFF8981A88600120DFF891
:10EEB000901A0873F4F7F4FBDFF8840A008A00283C
:10EEC0000DD0DFF8900A0278DFF88C0A007810F194
:10EED0001001C9B2DFF8800A0078F7F7D9FDDFF832
:10EEE000600A008A052807DADFF8540A008A401C05
:10EEF000DFF84C1A088203E00120DFF8441A088288
:10EF0000DFF83C0A008A03280DDADFF8340A008AA9
:10EF1000182148431330DFF8401A08701C20DFF82E
:10EF2000341A08700CE0DFF8180A008A1C214843E4
:10EF30003938DFF8241A08702D20DFF8181A087005
:10EF4000DFF8100A0278DFF8100A007810F11001DB
:10EF5000C9B2DFF8040A0078F7F760FD01BD2DE9BA
:10EF6000F04700240025002600275FF0000A5FF02C
:10EF700000085FF00009DFF8C809806AC0F3462086
:10EF800000F2E4708146DFF8B809806AC0F34310EC
:10EF9000401C8046DFF8A80990F8280010F01F00F8
:10EFA000401C8246DFF89809806AC00E0600DFF830
:10EFB0009009806AC0F3455007003C2F01D33B20E5
:10EFC0000700B8F10D0F01D30C208046B8F1020FF5
:10EFD00004D119F0030F01D1012000E00020DFF877
:10EFE0007C19414411F8011CC0B250FA81F050451F
:10EFF00017D2B8F1020F04D119F0030F01D101208B
:10F0000000E00020DFF85419414411F8011CC0B29F
:10F0100050FA81F0002802D05FF0010A01E05FF0B1
:10F02000000ADFF81C09008A01280AD0C0F0EF802E
:10F03000032857D02ED3052800F0B880C0F08C806C
:10F04000E5E0172E01D2761C01E0002006002C20FE
:10F0500004000220050000230A20B6FBF0F010F1A6
:10F060003002D2B22900C9B22000C0B2F6F787FD43
:10F0700008340A200023B6FBF0F100FB116010F108
:10F080003002D2B22900C9B22000C0B2F6F777FD33
:10F090000A34BCE03B2F01D27F1C01E000200700B6
:10F0A000442004000220050000230A20B7FBF0F0F2
:10F0B00010F13002D2B22900C9B22000C0B2F6F776
:10F0C0005EFD08340A200023B7FBF0F100FB11704D
:10F0D00010F13002D2B22900C9B22000C0B2F6F756
:10F0E0004EFD94E0B8F1020F04D119F0030F01D1E5
:10F0F000012000E00020DFF86418414411F8011CF1
:10F10000C0B250FA81F0824502D21AF1010A01E040
:10F11000012082461D2004000420050000230A204F
:10F12000BAFBF0F010F13002D2B22900C9B22000CF
:10F13000C0B2F6F724FD08340A200023BAFBF0F130
:10F1400000FB11A010F13002D2B22900C9B2200098
:10F15000C0B2F6F714FD5AE0B8F10C0F02D218F164
:10F16000010801E001208046392004000420050048
:10F1700000230A20B8FBF0F010F13002D2B22900CF
:10F18000C9B22000C0B2F6F7FAFC08340A20002306
:10F19000B8FBF0F100FB118010F13002D2B229006F
:10F1A000C9B22000C0B2F6F7EAFC30E040F6330006
:10F1B000814502D219F1010902E040F2E470814672
:10F1C00055200400042005000A20B9FBF0F00A21B4
:10F1D0000023B0FBF1F201FB120010F13002D2B2B9
:10F1E0002900C9B22000C0B2F6F7C9FC08340A20D1
:10F1F0000023B9FBF0F100FB119010F13002D2B204
:10F200002900C9B22000C0B2F6F7B9FCFFE7DFF869
:10F210003007008A401EDFF828170882FFF739FE02
:10F22000A9F2E470400210F47E40DFF814178862FF
:10F23000DFF80C07806AB8F10101490111F4F0719F
:10F240000818DFF8FC168862DFF8F406806ABAF165
:10F25000010111F01F010818DFF8E4168862DFF8D9
:10F26000E006806A10EBC660DFF8D4168862DFF82B
:10F27000D006806A790511F0FC610818DFF8C01625
:10F280008862DFF8C4060068DFF8B416896A88422D
:10F290000ED0DFF8AC064068DFF8C416884215D0FF
:10F2A000DFF8BC06DFF898164860F4F7F9F90DE0CE
:10F2B000DFF88C064068DFF8A816884206D1DFF830
:10F2C000A406DFF87C164860F4F7EAF9BDE8F08799
:10F2D0002DE9F04700240025002600275FF0000AF2
:10F2E0005FF000085FF00009DFF85406806AC0F3A1
:10F2F000462000F2E4708146DFF84406806AC0F3DD
:10F300004310401C8046DFF8380690F8280010F0C3
:10F310001F00401C8246DFF82806806AC00E0600E7
:10F32000DFF81C06806AC0F3455007003C2F01D36C
:10F330003B200700B8F10D0F01D30C208046B8F137
:10F34000020F04D119F0030F01D1012000E00020C9
:10F35000DFF80816414411F8011CC0B250FA81F0E0
:10F36000504517D2B8F1020F04D119F0030F01D1A3
:10F37000012000E00020DFF8E415414411F8011CF1
:10F38000C0B250FA81F0002802D05FF0010A01E01B
:10F390005FF0000ADFF8A805008A01280AD0C0F053
:10F3A000EC80032857D02ED3052800F0B580C0F09C
:10F3B0008980E2E0002E01D0761E01E017200600D1
:10F3C0002C2004000220050000230A20B6FBF0F0E8
:10F3D00010F13002D2B22900C9B22000C0B2F6F753
:10F3E000CEFB08340A200023B6FBF0F100FB1160CD
:10F3F00010F13002D2B22900C9B22000C0B2F6F733
:10F40000BEFB0A34B9E0002F01D07F1E01E03B2093
:10F410000700442004000220050000230A20B7FB57
:10F42000F0F010F13002D2B22900C9B22000C0B20F
:10F43000F6F7A5FB08340A200023B7FBF0F100FB28
:10F44000117010F13002D2B22900C9B22000C0B24E
:10F45000F6F795FB91E0BAF1020F02D3BAF1010A77
:10F460000EE0DFF8F804404410F8010C8246B8F1D1
:10F47000020F05D119F0030F02D11AF1010AFFE7BB
:10F480001D2004000420050000230A20BAFBF0F030
:10F4900010F13002D2B22900C9B22000C0B2F6F792
:10F4A0006EFB08340A200023BAFBF0F100FB11A028
:10F4B00010F13002D2B22900C9B22000C0B2F6F772
:10F4C0005EFB5AE0B8F1020F02D3B8F1010801E087
:10F4D0000C208046392004000420050000230A2067
:10F4E000B8FBF0F010F13002D2B22900C9B220000E
:10F4F000C0B2F6F744FB08340A200023B8FBF0F151
:10F5000000FB118010F13002D2B22900C9B22000F4
:10F51000C0B2F6F734FB30E040F2E570814502D32B
:10F52000B9F1010902E040F633008146552004009C
:10F53000042005000A20B9FBF0F00A210023B0FBEB
:10F54000F1F201FB120010F13002D2B22900C9B26F
:10F550002000C0B2F6F713FB08340A200023B9FBE1
:10F56000F0F100FB119010F13002D2B22900C9B2C3
:10F570002000C0B2F6F703FBFFE7DFF8C403008A00
:10F58000401EDFF8BC130882FFF783FCA9F2E47089
:10F59000400210F47E40DFF8A8138862DFF8A00371
:10F5A000806AB8F10101490111F4F0710818DFF81F
:10F5B00090138862DFF88803806ABAF1010111F0C4
:10F5C0001F010818DFF878138862DFF87403806A77
:10F5D00010EBC660DFF868138862DFF86403806AA6
:10F5E000790511F0FC610818D5498862D648006891
:10F5F000D349896A88420AD0D1484068D8498842AC
:10F6000015D0D748CE494860F4F74AF80FE0CC4807
:10F610004068D34988420AD1D248C9494860CB489A
:10F62000C74988600020C6490873F4F739F8BDE877
:10F63000F08780B5C248008A002804D1C0484068DD
:10F64000C749884243D1C3480278C348007810F1C3
:10F650001001C9B2C0480078F7F71AFA0020B8497B
:10F660000882B7484068BE49884235D100F035F875
:10F67000BD480078012811D1BC48006850F4805082
:10F68000BA490860B748AE494860B048AC4988609C
:10F690000020AB490873F4F703F81DE00120B249DC
:10F6A00008700020B24981F880000020B1498871BB
:10F6B000AF4890F8330050F00700AD4981F83300AF
:10F6C000F5F762FFF2F700FEF2F776FE04E00120A4
:10F6D000A5490870F0F75EFE01BD30B589B09848C5
:10F6E000846A210089B206A803F0FAFD03A806A9DE
:10F6F0002CC92CC00C390C3803A803F089FD9048A4
:10F70000806AC00E00908E48806AC0F34550019018
:10F7100000200290684603F041FD8948806A8A49CA
:10F72000086009B030BD0FB438B5854885492C2232
:10F73000F5F714FDF3F76FFDF5F7D7FB884880491F
:10F740004860F3F7ADFF05208A49487102208949D6
:10F7500088710498A0F2E470400210F47E40784969
:10F7600088627748806A0599491E490111F4F07151
:10F770000818734988627248806A0699491E11F018
:10F780001F0108186E4988626D48806A079910EB5E
:10F79000C1606B4988626A48806A0899490511F01E
:10F7A000FC610818664988626548806A6649086095
:10F7B0002C250224002307980A21B0FBF1F010F158
:10F7C0003002D2B22100C9B22800C0B2F6F7D7F990
:10F7D000083507980A210023B0FBF1F201FB120063
:10F7E00010F13002D2B22100C9B22800C0B2F6F73F
:10F7F000C6F90A3502233A222100C9B22800C0B254
:10F80000F6F7BDF9AD1D002308980A21B0FBF1F011
:10F8100010F13002D2B22100C9B22800C0B2F6F70E
:10F82000AEF9083508980A210023B0FBF1F201FB7C
:10F83000120010F13002D2B22100C9B22800C0B2C9
:10F84000F6F79DF91D20050004200400002306980A
:10F850000A21B0FBF1F010F13002D2B22100C9B29E
:10F860002800C0B2F6F78BF9083506980A21002364
:10F87000B0FBF1F201FB120010F13002D2B2210014
:10F88000C9B22800C0B2F6F77AF90A3500232F2250
:10F890002100C9B22800C0B2F6F771F90A35002379
:10F8A00005980A21B0FBF1F010F13002D2B221002C
:10F8B000C9B22800C0B2F6F762F9083505980A21E6
:10F8C0000023B0FBF1F201FB120010F13002D2B2C2
:10F8D0002100C9B22800C0B2F6F751F90A35002359
:10F8E0002F222100C9B22800C0B2F6F748F90A3524
:10F8F00004980A21B0FBF1F00A210023B0FBF1F2D9
:10F9000001FB120010F13002D2B22100C9B228006E
:10F91000C0B2F6F734F9083504980A210023B0FB89
:10F92000F1F201FB120010F13002D2B22100C9B293
:10F930002800C0B2F6F723F931BC5DF814FB0000D3
:10F94000D028002020DB0A0840380020D0EB0A082D
:10F95000B8EB0A08D4020020B1380020F8E70A0802
:10F9600090EC0A08C4EB0A08A53800201C380020D7
:10F970003C350020DC02002030B589B053485449A2
:10F980002C22F5F7EBFBF3F746FCF5F7AEFAF3F7AD
:10F9900087FE002400254F4904A8F0F77CFE01A84B
:10F9A00004A90522F5F7CAFB0DF10501086800213D
:10F9B0000091EDB20C2101FB05F111F108030422C5
:10F9C0009DF80410F0F7AEFE00200090EDB20C2080
:10F9D00000FB05F010F10803402208213E48F0F733
:10F9E000A1FE012005003D4904A8F0F754FE01A83E
:10F9F00004A90522F5F7A2FB0DF105010868002115
:10FA00000091EDB20C2101FB05F111F10803042274
:10FA10009DF80410F0F786FE5D200090002301227F
:10FA20002F4906A8F7F772FC040000200090EDB201
:10FA30000C2000FB05F010F108035622E4B221006F
:10FA400006A8F0F76FFE02200500264904A8F0F78B
:10FA500022FE01A804A90522F5F770FB0DF10501AE
:10FA6000086800210091EDB20C2101FB05F111F1B4
:10FA7000080304229DF80410F0F754FE00221A4BEC
:10FA80001A4903A8F7F742FC040000200090EDB2E9
:10FA90000C2000FB05F010F108036B22E4B22100FA
:10FAA00003A8F0F73FFEF7F705F9114800780028A2
:10FAB0000AD07FF003030E48007810F13002D2B272
:10FAC00006216E20F6F75BF809B030BDD028002083
:10FAD000D0DB0A089CF20A08D8350020A8F20A08F0
:10FAE00058E60A08B4F20A080000F03FECF90A08E8
:10FAF000A638002070B52DED028B82B09FEDC98A2B
:10FB0000002400250026F3F786FBF5F7EEF9DFF871
:10FB1000600C90F83E00002805D1DFF8580CDFF8A3
:10FB2000C41D88600AE0DFF8500C90F866000128D8
:10FB300004D1DFF8480CDFF8AC1D8860F3F7B0FDA6
:10FB4000DFF82C0C016800EE101AB0EE408ADFF8E6
:10FB5000200C90F83500012803D19FEDB30A28EE60
:10FB6000008A9FEDB10AB4EE408AF1EE10FA53DB41
:10FB70009FEDAE0AB4EE408AF1EE10FA4CD50320A8
:10FB800004009FEDAB0AB4EE408AF1EE10FA21D5E5
:10FB900000200600B2EE040A88EE000ABCEEC00A9D
:10FBA00010EE100A05006420B5FBF0F08DF800009F
:10FBB0000A20B5FBF0F00A21B0FBF1F201FB1200C4
:10FBC0008DF801000A20B5FBF0F100FB11508DF813
:10FBD0000200C2E0012006009FED930A88EE000AB1
:10FBE000BCEEC00A10EE100A05006420B5FBF0F070
:10FBF0008DF800000A20B5FBF0F00A21B0FBF1F20D
:10FC000001FB12008DF801000A20B5FBF0F100FBAA
:10FC100011508DF80200A0E09FED840AB4EE408AF6
:10FC2000F1EE10FA4DDB002004009FED810A88EE12
:10FC3000000ABCEEC00A10EE100A0500B5F57A7F86
:10FC400021D3012006004FF47A70B5FBF0F00A21B1
:10FC5000B0FBF1F201FB12008DF800006420B5FB4F
:10FC6000F0F00A21B0FBF1F201FB12008DF8010067
:10FC70000A20B5FBF0F00A21B0FBF1F201FB120003
:10FC80008DF8020069E0002006006420B5FBF0F06A
:10FC90000A21B0FBF1F201FB12008DF800000A20EE
:10FCA000B5FBF0F00A21B0FBF1F201FB12008DF878
:10FCB00001000A20B5FBF0F100FB11508DF80200A5
:10FCC0004BE002200400B2EE040AB4EE408AF1EEEA
:10FCD00010FA21D5002006009FED530A28EE000AF5
:10FCE000BCEEC00A10EE100A05006420B5FBF0F06F
:10FCF0008DF800000A20B5FBF0F00A21B0FBF1F20C
:10FD000001FB12008DF801000A20B5FBF0F100FBA9
:10FD100011508DF8020020E001200600B2EE040A26
:10FD200028EE000ABCEEC00A10EE100A050064209E
:10FD3000B5FBF0F08DF800000A20B5FBF0F00A21C9
:10FD4000B0FBF1F201FB12008DF801000A20B5FBB7
:10FD5000F0F100FB11508DF8020014F00300DFF801
:10FD6000841B8862DFF87C0B806A4000DFF8741B1C
:10FD70008862002E01D0012000E00020DFF8641B23
:10FD8000896A4018DFF85C1B8862DFF8580B806ACC
:10FD90004000DFF8501B8862DFF8480B806A0001E2
:10FDA000DFF8401B8862DFF83C0B806A9DF800108A
:10FDB00050FA81F0DFF82C1B8862DFF8280B806A8C
:10FDC0000001DFF8201B8862DFF8180B806A9DF8BD
:10FDD000011050FA81F0DFF80C1B8862DFF8040B89
:10FDE000806A0001DFF8FC1A8862DFF8F80A806A8E
:10FDF0009DF8021050FA81F0DFF8E81A8862DFF807
:10FE0000E40A806ADFF8DC1A896A50EA0140DFF808
:10FE1000D41A88620121002000F00CF802B0BDEC79
:10FE2000028B70BD000000000000C8420050C347B4
:10FE300000401C462DE9FC4704000D000026002769
:10FE4000DFF8A00A806AC0F381300600DFF8940A68
:10FE5000806AC0F340300700DFF8880A806A000A31
:10FE600010F00F008DF80400DFF8780A806AC0F304
:10FE700003108DF80500DFF86C0A90F8280010F0E8
:10FE80000F008DF806009DF804000A2802DB092007
:10FE90008DF804009DF805000A2802DB09208DF882
:10FEA00005009DF806000A2802DB09208DF80600EF
:10FEB0002C20DFF8CC1A0870022081460C208046E6
:10FEC000012C13D118239DF804204946C9B240469D
:10FED000C0B2F5F75BFCDFF8A80A027818F1100150
:10FEE000C9B24046C0B2F6F799FD14E0002D12D019
:10FEF000DFF88C0A027818F11001C9B24046C0B28E
:10FF0000F6F7C6FD18239DF804204946C9B24046BD
:10FF1000C0B2F5F73BFC002F5CD118F11408022C9D
:10FF200013D118230A224946C9B24046C0B2F5F798
:10FF30002DFCDFF84C0A027818F10801C9B2B8F1BB
:10FF40000400C0B2F6F76AFD14E0002D12D0DFF80D
:10FF5000300A027818F10801C9B2B8F10400C0B241
:10FF6000F6F796FD18230A224946C9B24046C0B2A8
:10FF7000F5F70CFC18F10A08032C13D118239DF88F
:10FF800005204946C9B24046C0B2F5F7FFFBDFF88D
:10FF9000F009027818F11001C9B24046C0B2F6F774
:10FFA0003DFD14E0002D12D0DFF8D409027818F1DD
:10FFB0001201C9B24046C0B2F6F76AFD18239DF897
:10FFC00005204946C9B24046C0B2F5F7DFFB18F13B
:10FFD0000A086CE018F11408022C1CD118230B221B
:10FFE0004946C9B218F10400C0B2F5F7CFFB182397
:10FFF0009DF805204946C9B24046C0B2F5F7C6FB98
:020000040809E9
:10000000DFF87C09027818F11001C9B24046C0B28D
:10001000F6F704FD1EE0002D1CD0DFF8640902781D
:1000200018F11001C9B2B8F10400C0B2F6F730FD02
:1000300018230B224946C9B218F10400C0B2F5F7E3
:10004000A5FB18239DF805204946C9B24046C0B219
:10005000F5F79CFB18F11408032C13D118230A227E
:100060004946C9B24046C0B2F5F790FBDFF8100927
:10007000027818F10801C9B2B8F10400C0B2F6F76D
:10008000CDFC14E0002D12D0DFF8F408027818F14E
:100090000A01C9B2B8F10400C0B2F6F7F9FC18239E
:1000A0000A224946C9B24046C0B2F5F76FFB18F1C3
:1000B0000A08042C13D118239DF806204946C9B21A
:1000C0004046C0B2F5F762FBDFF8B408027818F1D9
:1000D0001001C9B24046C0B2F6F7A0FC14E0002DF2
:1000E00012D0DFF89C08027818F11001C9B240461E
:1000F000C0B2F6F7CDFC18239DF806204946C9B2D8
:100100004046C0B2F5F742FB052C01D0002C17D1B8
:1001100055208046032081465FF0000A5FFA8AFA84
:10012000BAF1060F0CDA002320224946C9B2404634
:10013000C0B2F5F724FD18F108081AF1010AEDE73D
:100140005520804603208146022E28D1DFF8200664
:1001500090F83D00012814D10023EC224946C9B291
:100160004046C0B2F5F70BFD18F108080023EA225B
:100170004946C9B24046C0B2F5F701FD18F107087B
:100180002AE00E2000900D23DFF8F8274946C9B277
:100190004046C0B2F5F73DFC18F108081CE0032EFC
:1001A0001AD1DFF8CC0590F83D0001280AD10023D0
:1001B000EC224946C9B24046C0B2F5F7E0FC18F15E
:1001C000080809E000236D224946C9B24046C0B282
:1001D000F5F7D5FC18F10C08DFF8940590F8350018
:1001E00000282FD1DFF8880590F83D00012814D1B0
:1001F0000023C7224946C9B24046C0B2F5F7BFFC4A
:1002000018F107080023E2224946C9B24046C0B2AD
:10021000F5F7B5FC18F107082FE0002353224946F3
:10022000C9B24046C0B2F5F7AAFC18F1080800238D
:1002300076224946C9B24046C0B2F5F7A0FC18F193
:1002400007081AE0DFF8280590F83D0001280AD1D8
:100250000023D0224946C9B24046C0B2F5F78FFC10
:1002600018F1070809E0002352224946C9B2404666
:10027000C0B2F5F784FC18F10708DFF8F40490F831
:100280003D0001280CD118F107080023F722494648
:10029000C9B24046C0B2F5F772FCB8F107080BE0EE
:1002A00018F10708002368224946C9B24046C0B287
:1002B000F5F765FCB8F1070800232F224946C9B2BB
:1002C0004046C0B2F5F7A4FD55208046052C0AD162
:1002D000DFF8AC06027818F12601C9B24046C0B278
:1002E000F6F79CFB0BE0002D09D0DFF894060278AE
:1002F00018F12601C9B24046C0B2F6F7C9FBBDE805
:10030000F38780B5DFF8680490F83E0001282CD10F
:10031000DFF8640490F86600002826D1DFF868064C
:10032000008A00280AD1DFF86406DFF85C168860CE
:100330000120DFF854160873F3F7B2F9DFF8480626
:10034000008A052807DADFF84006008A401CDFF83B
:100350003816088203E00120DFF82C1608820121FC
:10036000DFF82406008AFFF765FD01BD38B50024DB
:10037000DFF87005008A01280AD0C0F0EC8003285D
:1003800064D028D3052800F0BF80C0F09A80E2E056
:10039000DFF85005806AC0F303200500092D01D263
:1003A0006D1C01E000200500DFF83805806A30F49C
:1003B0007060DFF830158862DFF82805806A50EA3F
:1003C0000520DFF8201588620021DFF81805008A73
:1003D000FFF730FDC0E0DFF80C05806A800412D41E
:1003E000DFF80005806A50F40050DFF8F8148862E6
:1003F0000320DFF8F01408820121DFF8E804008A06
:10040000FFF718FD21E0DFF8DC04806AC0F3031079
:100410000500092D01D26D1C01E000200500DFF868
:10042000C404806A30F0F000DFF8B8148862DFF8A6
:10043000B404806A50EA0510DFF8A814886200212D
:10044000DFF8A004008AFFF7F5FC85E0DFF89404EC
:10045000806A800412D5DFF88C04806A30F4005082
:10046000DFF8801488620220DFF878140882012106
:10047000DFF87004008AFFF7DDFC21E0DFF8640498
:10048000806AC0F303100500092D01D26D1C01E044
:1004900000200500DFF84C04806A30F0F000DFF83F
:1004A00044148862DFF83C04806A50EA0510DFF8E3
:1004B000341488620021DFF82C04008AFFF7BAFCAC
:1004C0004AE0DFF8200490F8280010F00F00050043
:1004D000092D01D26D1C01E000200500DFF80404A5
:1004E000806A00090001DFF8FC138862DFF8F4037A
:1004F000806A2843DFF8EC1388620021DFF8E40308
:10050000008AFFF797FC27E0DFF8D803806AC0F382
:1005100081300400032C01D2641C01E0002004009F
:10052000012C01D102200400DFF8B803806A30F406
:100530004040DFF8B0138862DFF8A803806A50EA11
:100540008430DFF8A01388620021DFF89803008A66
:10055000FFF770FC00E020E0DFF88803806A000C01
:10056000DFF88013896A89B288420BD0DFF8740300
:100570004068DFF81C1488420FD0DFF8140400F044
:10058000DEF90AE0DFF85C034068DFF80414884213
:1005900003D1DFF8000400F0D2F931BD38B50024F2
:1005A000DFF84003008A01280AD0C0F0C580032884
:1005B00054D023D3052800F09E80C0F07F80BBE09C
:1005C000DFF82003806AC0F303200500002D01D06E
:1005D0006D1E01E009200500C248806A30F4706099
:1005E000C0498862BF48806A50EA0520BD498862D8
:1005F0000021BC48008AFFF71DFC9EE0B948806AD4
:1006000080040ED4B748806A50F40050B54988621F
:100610000320B44908820121B248008AFFF70AFC8E
:100620001BE0B048806AC0F303100500002D01D024
:100630006D1E01E009200500AA48806A30F0F00034
:10064000A8498862A748806A50EA0510A5498862CF
:100650000021A448008AFFF7EDFB6EE0A148806A04
:1006600080040ED59F48806A30F400509D4988620E
:1006700002209C49088201219A48008AFFF7DAFB90
:100680001BE09848806AC0F303100500002D01D0DC
:100690006D1E01E0092005009248806A30F0F000EC
:1006A000904988628F48806A50EA05108D498862B7
:1006B00000218C48008AFFF7BDFB3EE0894890F896
:1006C000280010F00F000500002D01D06D1E01E084
:1006D000092005008348806A000900018149886279
:1006E0008048806A28437F49886200217D48008ACB
:1006F000FFF7A0FB21E07B48806AC0F38130040053
:10070000002C01D0641E01E003200400012C01D163
:10071000002004007348806A30F4404071498862C8
:100720007048806A50EA84306E49886200216D48C2
:10073000008AFFF77FFB00E018E06A48806A000C3F
:100740006849896A89B2884208D0664840689049F9
:1007500088420BD08E4800F0F2F807E0614840680C
:100760008B49884202D18B4800F0E9F831BD000086
:10077000C035002058EE0A083C350020C4EE0A08B7
:1007800010B52DED028B8048008A002800F0928081
:10079000814890F86600002840F08C8000247F4853
:1007A000016808EE101A0020774908827648806AAE
:1007B000C0F3813004007448806AC0F3032000EE67
:1007C000100AF8EE408AB2EE040A68EE808A6E489B
:1007D000806AC0F3031000EE100AB8EE400A70EE13
:1007E000288AB2EE040A68EE808A674890F82800EA
:1007F00010F00F0000EE100AB8EE400A70EE288AE2
:100800006148806A800404D5B2EE040AC8EE808A8A
:1008100003E09FED540AC8EE808A032C04D19FEDBB
:10082000520A68EE808A05E0002C03D19FED4F0A42
:1008300068EE808A9FED4E0A78EE808A574890F8DD
:100840003500012803D19FED470AC8EE808A9FED4D
:10085000490AF4EE408AF1EE10FA04DB9FED460AF5
:10086000F0EE408A0AE09FED450AF4EE408AF1EE90
:1008700010FA03D59FED410AF0EE408AF0EE680AC7
:10088000B0EE480AFDF7C8FD002805D1434818EE30
:10089000901A0160FDF7E6FC3E483B49486040483D
:1008A00039498860002038490873F2F7F9FEFFF7EC
:1008B00021F913E000203B49087133483A492C22C2
:1008C000F4F74CFCF2F7A7FCF2F7EAFEF4F72BFB87
:1008D000344840792C490882F0F784F9BDEC028B4A
:1008E00010BD0000D028002010B500242A4890F840
:1008F0006600002822D12448008A2A4948712248EB
:10090000008A002802D0012803D005E0002004005E
:1009100004E00120040001E0002004001F4890F8DA
:1009200035002100C9B2884206D01C4880F8354005
:10093000FDF798FCF1F7C8FCF1F7EEF910BD1FB513
:100940000400210002A8EFF7A6FE0F4844600E48FD
:1009500041686846EFF79FFE0022DDE90001F2F7EB
:1009600005FE1FBD0000C84200007A4400247449FF
:1009700017B7D138017C9248007C9248CDCCCC3D51
:10098000D402002060DE0A08D0280020B8EB0A0854
:1009900090EC0A08C4EB0A083C350020C035002062
:1009A000D0EB0A08DC02002064D30A0810B582B03C
:1009B0000024DFF81005DFF810152C22F4F7CEFB29
:1009C000DFF80405DFF804152C22F4F7C7FBF2F773
:1009D00022FCF4F78AFAF2F763FEDFF8E804407BC2
:1009E000152804D0DFF8DC04407B162805D1DFF899
:1009F000E00490F8660004001EE0DFF8C804407BC5
:100A00004F2804D0DFF8BC04407B4E2805D1DFF826
:100A1000C00490F8670004000EE0DFF8A804407BF3
:100A20004D2804D0DFF89C04407B4C2804D1DFF82B
:100A3000A00490F868000400E4B20A2094FBF0F0EF
:100A40008DF80000E4B20A2094FBF0F100FB1140A5
:100A50008DF80100DFF87004806A9DF8001050FAEC
:100A600081F0DFF864148862DFF85C04806A0001BA
:100A7000DFF854148862DFF85004806A9DF8011092
:100A800050FA81F0DFF840148862DFF83C04806A95
:100A9000DFF83414896A50EA0140DFF82C148862C8
:100AA0000121002000F007F81823252202215A20F6
:100AB000F4F76CFE13BDF8B504000D00DFF8080470
:100AC000806AC0F303108DF80000DFF8FC0390F893
:100AD000280010F00F008DF801009DF800000A2892
:100AE00002DB09208DF800009DF801000A2802DBD6
:100AF00009208DF801002C20DFF8D813087002209F
:100B000007002E200600012C13D118239DF8002089
:100B10003900C9B23000C0B2F4F738FEDFF8B403D0
:100B2000027816F11001C9B23000C0B2F5F776FFB5
:100B300014E0002D12D0DFF89C03027816F11001AA
:100B4000C9B23000C0B2F5F7A3FF18239DF800200A
:100B50003900C9B23000C0B2F4F718FE1436022CC6
:100B600013D118239DF801203900C9B23000C0B25A
:100B7000F4F70CFEDFF85C03027816F11001C9B23D
:100B80003000C0B2F5F74AFF14E0002D12D0DFF8B4
:100B90004403027816F11001C9B23000C0B2F5F773
:100BA00077FF18239DF801203900C9B23000C0B288
:100BB000F4F7ECFDF1BD80B5DFF80C03008A0028E6
:100BC0000AD1DFF81403DFF8001388600120DFF892
:100BD000F8120873F2F764FDDFF8EC02008A0228CD
:100BE00006DADFF8E402008A401CB749088202E016
:100BF0000120B54908820121B348008AFFF75BFF55
:100C000001BD10B5B048008A012802D002281DD0CD
:100C100039E0AD48806AC0F303100400092C01D20A
:100C2000641C01E000200400A748806A30F0F00056
:100C3000A5498862A448806A50EA0410A2498862E3
:100C40000021A148008AFFF736FF1DE09E4890F87A
:100C5000280010F00F000400092C01D2641C01E0F0
:100C6000002004009848806A0009000196498862C3
:100C70009548806A20439449886200219248008AFE
:100C8000FFF719FF00E01FE08F48806A000C8E49D3
:100C9000896A89B288420AD08B4840688F49884265
:100CA00012D08E4888494860F2F7FAFC0CE086487A
:100CB00040688A49884207D18948834948600020B2
:100CC00081490873F2F7ECFC10BD10B57E48008A2C
:100CD000012802D002281DD039E07B48806AC0F389
:100CE00003100400002C01D0641E01E00920040060
:100CF0007548806A30F0F000734988627248806AF3
:100D000050EA04107049886200216F48008AFFF79A
:100D1000D2FE1DE06C4890F8280010F00F0004008F
:100D2000002C01D0641E01E0092004006648806A9E
:100D300000090001644988626348806A204362496F
:100D4000886200216048008AFFF7B5FE00E01FE0DE
:100D50005D48806A000C5C49896A89B288420AD081
:100D6000594840685D49884212D05C4856494860FD
:100D7000F2F796FC0CE0544840685849884207D185
:100D800057485149486000204F490873F2F788FCE2
:100D900010BD10B54C48008A002871D000204A4987
:100DA00008824948806AC0F303140A2014FB00F447
:100DB000454890F8280010F00F000419E4B2642CA4
:100DC00012DB4148806A000C00043F4988623E48BB
:100DD000806A3D49896A50EA11403B49886240482F
:100DE00039494860F2F75CFC3E483749886000208A
:100DF00035490873F2F754FC01210020FFF75BFE30
:100E000031484068354988425AD135482E494860B2
:100E1000F2F746FC2B48407B152803D02948407B3D
:100E2000162803D12A4880F8664016E02548407B02
:100E30004F2803D02348407B4E2803D1244880F814
:100E400067400AE01F48407B4D2803D01D48407B87
:100E50004C2802D11E4880F86840FDF703FA22486A
:100E600080F845401848806A80B217498862164861
:100E7000806A1549896A50EA0140134988621FE077
:100E800000201949087110480E492C22F4F766F920
:100E9000F2F7C1F9F2F704FCF4F745F80948407B92
:100EA000152803D00748407B162804D10E48407906
:100EB0000549088202E0022003490882EFF792FE0A
:100EC00010BD000030360020D028002074D50A085C
:100ED000C0350020D4020020B8EB0A0890EC0A08C4
:100EE000C4EB0A08D0EB0A08DC02002070B52DED37
:100EF000028B82B09FEDCF8A002400250026F2F7F6
:100F00008AF9F3F7F2FFDFF8C80C90F83E000028EA
:100F100005D1DFF8C00CDFF8C01C88600AE0DFF8FC
:100F2000BC0C90F86600012804D1DFF8B40CDFF89F
:100F3000A81C8860F2F7B4FBDFF8940C816800EE1F
:100F4000101AB0EE408ADFF8880C90F836000128BD
:100F500003D19FEDB90A28EE008A9FEDB80AB4EEDE
:100F6000408AF1EE10FA7CDB9FEDB50AB4EE408AC0
:100F7000F1EE10FA75D5012004009FEDB20AB4EE2F
:100F8000408AF1EE10FA21D500200600B2EE040AE4
:100F900088EE000ABCEEC00A10EE100A05006420BC
:100FA000B5FBF0F08DF800000A20B5FBF0F00A2147
:100FB000B0FBF1F201FB12008DF801000A20B5FB35
:100FC000F0F100FB11508DF80200CCE09FED9C0A7F
:100FD000B4EE408AF1EE10FA21D5012006009FED13
:100FE000970A88EE000ABCEEC00A10EE100A05004F
:100FF0006420B5FBF0F08DF800000A20B5FBF0F09E
:101000000A21B0FBF1F201FB12008DF801000A2069
:10101000B5FBF0F100FB11508DF80200A3E00220B7
:1010200006009FED890A88EE000ABCEEC00A10EEA9
:10103000100A05006420B5FBF0F08DF800000A20CE
:10104000B5FBF0F00A21B0FBF1F201FB12008DF8C4
:1010500001000A20B5FBF0F100FB11508DF80200F1
:1010600081E09FED770AB4EE408AF1EE10FA4DDB95
:10107000022004009FED730A88EE000ABCEEC00A4D
:1010800010EE100A0500B5F57A7F21D30120060085
:101090004FF47A70B5FBF0F00A21B0FBF1F201FBDE
:1010A00012008DF800006420B5FBF0F00A21B0FBBF
:1010B000F1F201FB12008DF801000A20B5FBF0F0FF
:1010C0000A21B0FBF1F201FB12008DF802004AE0A8
:1010D000002006006420B5FBF0F00A21B0FBF1F21D
:1010E00001FB12008DF800000A20B5FBF0F00A2188
:1010F000B0FBF1F201FB12008DF801000A20B5FBF4
:10110000F0F100FB11508DF802002CE000200400EB
:101110009FED4E0AB4EE408AF1EE10FA02DB022097
:10112000060001E001200600B2EE040A28EE000AE3
:10113000BCEEC00A10EE100A05006420B5FBF0F00A
:101140008DF800000A20B5FBF0F00A21B0FBF1F2A7
:1011500001FB12008DF801000A20B5FBF0F100FB45
:1011600011508DF8020014F00300DFF86C1A886249
:10117000DFF8640A806A4000DFF85C1A8862F6B221
:10118000002E01D0012000E00020DFF84C1A896A0F
:101190004018DFF8441A8862DFF83C0A806A400091
:1011A000DFF8341A8862DFF8300A806A0001DFF85D
:1011B000281A8862DFF8200A806A9DF8001050FA29
:1011C00081F0DFF8141A8862DFF80C0A806A0001E7
:1011D000DFF8041A8862DFF8000A806A9DF80110BF
:1011E00050FA81F0DFF8F0198862DFF8EC09806AC4
:1011F0000001DFF8E4198862DFF8DC09806A9DF8F5
:10120000021050FA81F0DFF8D0198862DFF8C809BF
:10121000806ADFF8C419896A50EA0140DFF8B8191A
:1012200088620121002000F013F802B0BDEC028BAF
:1012300070BD000000000000000070420000C842C5
:101240000050C34700401C4600007A44CDCCCC3D42
:101250002DE9F04782B004000D0000265FF0000980
:10126000DFF87409806AC0F381300600DFF868098E
:10127000806A400B10F001008146DFF85C09806A4B
:10128000000A10F00F008DF80000DFF84C09806AAA
:10129000C0F303108DF80100DFF83C0990F8280036
:1012A00010F00F008DF802009DF800000A2802DB04
:1012B00009208DF800009DF801000A2802DB0920B2
:1012C0008DF801009DF802000A2802DB09208DF844
:1012D00002002C20DFF8C81A0870022080460C207B
:1012E0000700012C13D118239DF800204146C9B2F4
:1012F0003800C0B2F4F74AFADFF8A40A027817F10E
:101300001001C9B23800C0B2F5F788FB14E0002D17
:1013100012D0DFF88C0A027817F11001C9B2380038
:10132000C0B2F5F7B5FB18239DF800204146C9B2BD
:101330003800C0B2F4F72AFA5FFA89F9B9F1000F60
:1013400057D11437022C12D118230A224146C9B2B0
:101350003800C0B2F4F71AFADFF8440A027817F13D
:101360000801C9B2381FC0B2F5F758FB13E0002DD1
:1013700011D0DFF82C0A027817F10801C9B2381F22
:10138000C0B2F5F785FB18230A224146C9B23800DE
:10139000C0B2F4F7FBF90A37032C13D118239DF8D8
:1013A00001204146C9B23800C0B2F4F7EFF9DFF8C6
:1013B000F009027817F11001C9B23800C0B2F5F790
:1013C0002DFB14E0002D12D0DFF8D409027817F1BC
:1013D0001201C9B23800C0B2F5F75AFB18239DF8C4
:1013E00001204146C9B23800C0B2F4F7CFF90A373C
:1013F00065E01437022C1BD118230B224146C9B2D9
:10140000381DC0B2F4F7C2F918239DF801204146F7
:10141000C9B23800C0B2F4F7B9F9DFF8840902782C
:1014200017F11001C9B23800C0B2F5F7F7FA1CE0A5
:10143000002D1AD0DFF86809027817F11001C9B23F
:10144000381FC0B2F5F724FB18230B224146C9B25E
:10145000381DC0B2F4F79AF918239DF801204146CF
:10146000C9B23800C0B2F4F791F91437032C12D185
:1014700018230A224146C9B23800C0B2F4F786F9EF
:10148000DFF81C09027817F10801C9B2381FC0B291
:10149000F5F7C4FA13E0002D11D0DFF80409027843
:1014A00017F10A01C9B2381FC0B2F5F7F1FA1823D3
:1014B0000A224146C9B23800C0B2F4F767F90A37C8
:1014C000042C13D118239DF802204146C9B23800DC
:1014D000C0B2F4F75BF9DFF8C808027817F1100121
:1014E000C9B23800C0B2F5F799FA14E0002D12D055
:1014F000DFF8AC08027817F11001C9B23800C0B2A9
:10150000F5F7C6FA18239DF802204146C9B2380003
:10151000C0B2F4F73BF903208046052C14D15620C5
:1015200007005FF0000A5FFA8AFABAF1060F0BDAD9
:10153000002320224146C9B23800C0B2F4F71FFB95
:1015400008371AF1010AEEE756200700DFF8800697
:1015500090F83D00002863D1022E09D100234D22CE
:101560004146C9B23800C0B2F4F709FB0B3714E0AA
:10157000012E09D100234B224146C9B23800C0B226
:10158000F4F7FDFA0B3708E0002320224146C9B2E8
:101590003800C0B2F4F7F3FA0B37DFF8340690F8EE
:1015A000360000281AD1002363224146C9B2380010
:1015B000C0B2F4F7E4FA0837002370224146C9B2FA
:1015C0003800C0B2F4F7DBFA083700237322414633
:1015D000C9B23800C0B2F4F7D2FA99E0DFF8F005EA
:1015E00090F83600012840F09380002363224146A2
:1015F000C9B23800C0B2F4F7C2FA0837002370222B
:101600004146C9B23800C0B2F4F7B9FA083700232E
:101610006D224146C9B23800C0B2F4F7B0FA77E0A3
:1016200054200700022E09D17FF001034D224146CC
:10163000C9B23800C0B2F4F7A2FA13E0012E09D102
:101640007FF001034B224146C9B23800C0B2F4F723
:1016500096FA07E0002320224146C9B23800C0B202
:10166000F4F78DFA622007000423E8224146C9B24C
:101670003800C0B2F4F783FAFF1D0423EC22414680
:10168000C9B23800C0B2F4F77AFA08370423EF225F
:101690004146C9B23800C0B2F4F771FA18F1010836
:1016A000DFF82C0590F8360000280AD16A200700E0
:1016B0000323F1224146C9B23800C0B2F4F7A8FBB7
:1016C00021E0DFF80C0590F8360001281BD16220DC
:1016D00007000323EC224146C9B23800C0B2F4F738
:1016E0004EFA08370323E8224146C9B23800C0B297
:1016F000F4F745FAFF1D0323ED224146C9B2380035
:10170000C0B2F4F73CFA20227B215F20F5F74CF9B8
:1017100055200700052C0AD1DFF88406027817F15E
:101720002501C9B23800C0B2F5F778F90BE0002DF9
:1017300009D0DFF86C06027817F12501C9B238002C
:10174000C0B2F5F7A5F9BDE8F38780B5DFF88004EE
:1017500090F83E0001282CD1DFF8800490F8660054
:10176000002826D1DFF83C06008A00280AD1DFF8DD
:101770003806DFF8301688600120DFF82816087375
:10178000F1F78EFFDFF81C06008A052807DADFF87C
:101790001406008A401CDFF80C16088203E00120C2
:1017A000DFF8001608820121DFF8F805008AFFF74C
:1017B0004FFD01BD38B50024DFF8E805008A012897
:1017C0000AD0C0F0E880032864D028D3052800F0B0
:1017D000BF80C0F09A80DEE0DFF8C805806AC0F301
:1017E00003200500092D01D26D1C01E00020050039
:1017F000DFF8B005806A30F47060DFF8A815886201
:10180000DFF8A005806A50EA0520DFF898158862A5
:101810000021DFF89005008AFFF71AFDBCE0DFF831
:101820008405806A800412D4DFF87805806A50F459
:101830000050DFF8701588620320DFF86815088211
:101840000121DFF86005008AFFF702FD21E0DFF8E3
:101850005405806AC0F303100500092D01D26D1CE8
:1018600001E000200500DFF83C05806A30F0F00060
:10187000DFF830158862DFF82C05806A50EA051021
:10188000DFF8201588620021DFF81805008AFFF7CD
:10189000DFFC81E0DFF80C05806A800412D5DFF8F8
:1018A0000405806A30F40050DFF8F81488620220E2
:1018B000DFF8F01408820121DFF8E804008AFFF75E
:1018C000C7FC21E0DFF8DC04806AC0F303100500E8
:1018D000092D01D26D1C01E000200500DFF8C404D1
:1018E000806A30F0F000DFF8BC148862DFF8B404DE
:1018F000806A50EA0510DFF8AC1488620021DFF836
:10190000A404008AFFF7A4FC46E0DFF8980490F8EE
:10191000280010F00F000500092D01D26D1C01E018
:1019200000200500DFF87C04806A00090001DFF870
:1019300074148862DFF86C04806A2843DFF864144A
:1019400088620021DFF85C04008AFFF781FC23E055
:10195000DFF85004806AC0F381300400022C01D209
:10196000641C01E000200400DFF83804806A30F4D1
:101970004040DFF830148862DFF82804806A50EABB
:101980008430DFF8201488620021DFF81804008A10
:10199000FFF75EFC00E026E0DFF80804806A000C38
:1019A000DFF80014896A89B288420ED0DFF8F403A8
:1019B0004068DFF8F813884215D0DFF8F003DFF84D
:1019C000E4134860F1F76CFE0DE0DFF8D8034068DF
:1019D000DFF8D813884206D1DFF8D403DFF8C41348
:1019E0004860F1F75DFE31BD38B50024DFF8B4037F
:1019F000008A01280AD0C0F0CC8003285FD028D309
:101A0000052800F0A980C0F08A80C2E0DFF89403C6
:101A1000806AC0F303200500002D01D06D1E01E097
:101A200009200500DFF87C03806A30F47060DFF87D
:101A300074138862DFF86C03806A50EA0520DFF8CF
:101A4000641388620021DFF85C03008AFFF700FC62
:101A5000A0E0DFF85003806A800412D4DFF844036A
:101A6000806A50F40050DFF83C1388620320DFF8EE
:101A7000341308820121DFF82C03008AFFF7E8FB0A
:101A80001CE0DFF82003806AC0F303100500002D7E
:101A900001D06D1E01E009200500C248806A30F0C7
:101AA000F000C0498862BF48806A50EA0510BD490D
:101AB00088620021BB48008AFFF7CAFB6AE0B94888
:101AC000806A80040ED5B748806A30F40050B5496A
:101AD00088620220B34908820121B248008AFFF7D8
:101AE000B7FB1BE0AF48806AC0F303100500002D70
:101AF00001D06D1E01E009200500AA48806A30F07F
:101B0000F000A8498862A748806A50EA0510A549F4
:101B100088620021A348008AFFF79AFB3AE0A148B7
:101B200090F8280010F00F000500002D01D06D1E68
:101B300001E0092005009B48806A000900019949DD
:101B400088629848806A28439649886200219548AF
:101B5000008AFFF77DFB1DE09248806AC0F3813068
:101B60000400002C01D0641E01E0022004008D4816
:101B7000806A30F440408B4988628A48806A50EA23
:101B800084308849886200218648008AFFF760FB1C
:101B900000E01CE08348806A000C8249896A89B2AF
:101BA00088420AD07F484068804988420FD07F48E9
:101BB0007C494860F1F774FD09E07A4840687B4948
:101BC000884204D17A4877494860F1F769FD31BD10
:101BD000C035002058EE0A08D02800203C350020EF
:101BE000C4EE0A0810B52DED028B6E48008A00285D
:101BF00000F0AA806F4890F86600002840F0A480AA
:101C000000246D48816808EE101A0020654908829A
:101C10006448806AC0F3813004006248806AC0F37F
:101C2000032000EE100AF8EE408AB2EE040A68EED5
:101C3000808A5C48806AC0F3031000EE100AB8EE98
:101C4000400A70EE288AB2EE040A68EE808A55488F
:101C500090F8280010F00F0000EE100AB8EE400ACD
:101C600070EE288A012C04D19FED430A68EE808A29
:101C700005E0022C03D19FED410A68EE808A4948B5
:101C8000806A800404D5B2EE040AC8EE808A03E0BC
:101C90009FED3B0AC8EE808A9FED3A0A78EE808A73
:101CA000454890F8360001281BD19FED370AF4EE25
:101CB000408AF1EE10FA04DB9FED340AF0EE408A20
:101CC0000AE0B1EE080AF4EE408AF1EE10FA03D50C
:101CD000B1EE080AF0EE408A9FED2D0AC8EE808A28
:101CE00016E09FED2C0AF4EE408AF1EE10FA04DBC8
:101CF0009FED290AF0EE408A0AE09FED280AF4EEF3
:101D0000408AF1EE10FA03D59FED240AF0EE408AE6
:101D1000F0EE680AB0EE480AFCF77EFB002805D119
:101D2000254818EE901A8160FCF79CFA20481D495E
:101D3000486022481B49886000201A490873F1F75F
:101D4000AFFCFFF7D3F813E000201D4908711548D8
:101D50001C492C22F3F702FAF1F75DFAF1F7A0FC27
:101D6000F3F7E1F8164840790E490882EEF73AFF9A
:101D7000BDEC028B10BD000000007A4400247449C1
:101D80000000C84217B7D138011BB74C001BB74C35
:101D9000000070420150C3490050C349CDCCCC3D36
:101DA000D4020020D0280020B8EB0A0890EC0A08E2
:101DB000C4EB0A083C350020C0350020D0EB0A08EF
:101DC000DC02002090D30A0870B52DED028B82B0A2
:101DD0009FEDC98A002400250026F1F71CFAF3F7CD
:101DE00084F8DFF8400C90F83E00002805D1DFF8B9
:101DF000380CDFF8A41D88600AE0DFF8300C90F89A
:101E00006600012804D1DFF8280CDFF88C1D8860FB
:101E1000F1F746FCDFF80C0C416800EE101AB0EE4A
:101E2000408ADFF8000C90F83500012803D19FEDBF
:101E3000B30A28EE008A9FEDB10AB4EE408AF1EEB3
:101E400010FA53DB9FEDAE0AB4EE408AF1EE10FAC1
:101E50004CD5032004009FEDAB0AB4EE408AF1EEAE
:101E600010FA21D500200600B2EE040A88EE000A1E
:101E7000BCEEC00A10EE100A05006420B5FBF0F0BD
:101E80008DF800000A20B5FBF0F00A21B0FBF1F25A
:101E900001FB12008DF801000A20B5FBF0F100FBF8
:101EA00011508DF80200C2E0012006009FED930A58
:101EB00088EE000ABCEEC00A10EE100A050064208D
:101EC000B5FBF0F08DF800000A20B5FBF0F00A2118
:101ED000B0FBF1F201FB12008DF801000A20B5FB06
:101EE000F0F100FB11508DF80200A0E09FED840A94
:101EF000B4EE408AF1EE10FA4DDB002004009FEDB5
:101F0000810A88EE000ABCEEC00A10EE100A050035
:101F1000B5F57A7F21D3012006004FF47A70B5FB26
:101F2000F0F00A21B0FBF1F201FB12008DF8000085
:101F30006420B5FBF0F00A21B0FBF1F201FB1200C6
:101F40008DF801000A20B5FBF0F00A21B0FBF1F298
:101F500001FB12008DF8020069E0002006006420F9
:101F6000B5FBF0F00A21B0FBF1F201FB12008DF895
:101F700000000A20B5FBF0F00A21B0FBF1F201FBF2
:101F800012008DF801000A20B5FBF0F100FB1150A2
:101F90008DF802004BE002200400B2EE040AB4EE19
:101FA000408AF1EE10FA21D5002006009FED530A79
:101FB00028EE000ABCEEC00A10EE100A05006420EC
:101FC000B5FBF0F08DF800000A20B5FBF0F00A2117
:101FD000B0FBF1F201FB12008DF801000A20B5FB05
:101FE000F0F100FB11508DF8020020E00120060006
:101FF000B2EE040A28EE000ABCEEC00A10EE100A87
:1020000005006420B5FBF0F08DF800000A20B5FB58
:10201000F0F00A21B0FBF1F201FB12008DF8010093
:102020000A20B5FBF0F100FB11508DF8020014F00E
:102030000300DFF8641B8862DFF85C0B806A4000F5
:10204000DFF8541B8862002E01D0012000E0002040
:10205000DFF8441B896A4018DFF83C1B8862DFF810
:10206000380B806A4000DFF8301B8862DFF8280BED
:10207000806A0001DFF8201B8862DFF81C0B806A91
:102080009DF8001050FA81F0DFF80C1B8862DFF831
:10209000080B806A0001DFF8001B8862DFF8F80A8D
:1020A000806A9DF8011050FA81F0DFF8EC1A88621E
:1020B000DFF8E40A806A0001DFF8DC1A8862DFF8E2
:1020C000D80A806A9DF8021050FA81F0DFF8C81A29
:1020D0008862DFF8C40A806ADFF8BC1A896A50EAAD
:1020E0000140DFF8B41A88620121002000F00CF8EA
:1020F00002B0BDEC028B70BD000000000000C842C1
:102100000050C34700401C462DE9FC4704000D0069
:1021100000260027DFF8800A806AC0F381300600BD
:10212000DFF8740A806AC0F340300700DFF8680AFD
:10213000806A000A10F00F008DF80400DFF8580ADA
:10214000806AC0F303108DF80500DFF84C0A90F8A0
:10215000280010F00F008DF806009DF804000A28F2
:1021600002DB09208DF804009DF805000A2802DB37
:1021700009208DF805009DF806000A2802DB0920D9
:102180008DF806002C20DFF8DC1A0870022081464A
:102190000C208046012C13D118239DF804204946B9
:1021A000C9B24046C0B2F3F7F1FADFF8B80A0278D4
:1021B00018F11001C9B24046C0B2F4F72FFC14E088
:1021C000002D12D0DFF89C0A027818F11001C9B274
:1021D0004046C0B2F4F75CFC18239DF80420494641
:1021E000C9B24046C0B2F3F7D1FA002F5CD118F162
:1021F0001408022C13D118230A224946C9B24046BA
:10220000C0B2F3F7C3FADFF85C0A027818F10801EC
:10221000C9B2B8F10400C0B2F4F700FC14E0002D1C
:1022200012D0DFF8400A027818F10801C9B2B8F1FB
:102230000400C0B2F4F72CFC18230A224946C9B2A4
:102240004046C0B2F3F7A2FA18F10A08032C13D1E2
:1022500018239DF805204946C9B24046C0B2F3F79D
:1022600095FADFF8000A027818F11001C9B2404669
:10227000C0B2F4F7D3FB14E0002D12D0DFF8E4096C
:10228000027818F11201C9B24046C0B2F4F700FC5E
:1022900018239DF805204946C9B24046C0B2F3F75D
:1022A00075FA18F10A086CE018F11408022C1CD118
:1022B00018230B224946C9B218F10400C0B2F3F743
:1022C00065FA18239DF805204946C9B24046C0B2B8
:1022D000F3F75CFADFF88C09027818F11001C9B243
:1022E0004046C0B2F4F79AFB1EE0002D1CD0DFF888
:1022F0007409027818F11001C9B2B8F10400C0B233
:10230000F4F7C6FB18230B224946C9B218F10400A2
:10231000C0B2F3F73BFA18239DF805204946C9B22D
:102320004046C0B2F3F732FA18F11408032C13D167
:1023300018230A224946C9B24046C0B2F3F726FA2A
:10234000DFF82009027818F10801C9B2B8F10400D9
:10235000C0B2F4F763FB14E0002D12D0DFF80409DB
:10236000027818F10A01C9B2B8F10400C0B2F4F75A
:102370008FFB18230A224946C9B24046C0B2F3F780
:1023800005FA18F10A08042C13D118239DF8062029
:102390004946C9B24046C0B2F3F7F8F9DFF8C408BD
:1023A000027818F11001C9B24046C0B2F4F736FB0A
:1023B00014E0002D12D0DFF8AC08027818F11001FB
:1023C000C9B24046C0B2F4F763FB18239DF806205B
:1023D0004946C9B24046C0B2F3F7D8F9052C17D127
:1023E00057208046032081465FF0000A5FFA8AFA90
:1023F000BAF1060F0CDA002320224946C9B2404642
:10240000C0B2F3F7BCFB18F108081AF1010AEDE7B6
:102410005F20804603208146DFF8080690F83D00E3
:1024200000283FD1022E0DD10E2000900D23DFF8A1
:1024300038284946C9B24046C0B2F3F7EAFA18F163
:1024400008080BE0032E09D100236D224946C9B2CA
:102450004046C0B2F3F793FB18F10C08DFF8C4054F
:1024600090F83500002812D1002353224946C9B202
:102470004046C0B2F3F783FB18F108080023762228
:102480004946C9B24046C0B2F3F779FB57E0002392
:1024900052224946C9B24046C0B2F3F770FB18F168
:1024A00008084CE0002E02D118F1080822E0022EA4
:1024B00014D10023EC224946C9B24046C0B2F3F71A
:1024C0005EFB18F108080023EA224946C9B24046DB
:1024D000C0B2F3F754FB18F107080BE0032E09D143
:1024E0000023EC224946C9B24046C0B2F3F747FB8D
:1024F00018F10908DFF82C0590F83500002814D1F0
:102500000023C7224946C9B24046C0B2F3F737FBA1
:1025100018F107080023E2224946C9B24046C0B27A
:10252000F3F72DFB18F1070809E00023D0224946F4
:10253000C9B24046C0B2F3F722FB18F108085A208E
:102540008046052C0AD1DFF81C07027818F120011B
:10255000C9B24046C0B2F4F761FA0BE0002D09D0D1
:10256000DFF80007027818F12001C9B24046C0B276
:10257000F4F78EFABDE8F38780B5DFF8A80490F889
:102580003E0001282CD1DFF8A40490F86600002852
:1025900026D1DFF8D806008A00280AD1DFF8D00655
:1025A000DFF8C81688600120DFF8C0160873F1F75D
:1025B00077F8DFF8B806008A052807DADFF8AC06F6
:1025C000008A401CDFF8A416088203E00120DFF82F
:1025D0009C1608820121DFF89406008AFFF794FD1B
:1025E00001BD38B50024DFF88406008A01280AD02E
:1025F000C0F0EC80032864D028D3052800F0BF8009
:10260000C0F09A80E2E0DFF86406806AC0F303203D
:102610000500092D01D26D1C01E000200500DFF846
:102620004C06806A30F47060DFF840168862DFF88C
:102630003C06806A50EA0520DFF8301688620021E7
:10264000DFF82806008AFFF75FFDC0E0DFF81C0610
:10265000806A800412D4DFF81406806A50F40050B7
:10266000DFF8081688620320DFF8001608820121CF
:10267000DFF8F805008AFFF747FD21E0DFF8EC05F9
:10268000806AC0F303100500092D01D26D1C01E022
:1026900000200500DFF8D405806A30F0F000DFF894
:1026A000CC158862DFF8C405806A50EA0510DFF8AF
:1026B000BC1588620021DFF8B405008AFFF724FD0D
:1026C00085E0DFF8A805806A800412D5DFF89C0554
:1026D000806A30F40050DFF8941588620220DFF839
:1026E0008C1508820121DFF88405008AFFF70CFDB4
:1026F00021E0DFF87805806AC0F303100500092D9A
:1027000001D26D1C01E000200500DFF86005806A41
:1027100030F0F000DFF854158862DFF85005806A69
:1027200050EA0510DFF8441588620021DFF83C0507
:10273000008AFFF7E9FC4AE0DFF8300590F828004E
:1027400010F00F000500092D01D26D1C01E00020E2
:102750000500DFF81805806A00090001DFF80C1594
:102760008862DFF80805806A2843DFF80015886270
:102770000021DFF8F804008AFFF7C6FC27E0DFF845
:10278000EC04806AC0F381300400032C01D2641C85
:1027900001E000200400012C01D102200400DFF838
:1027A000CC04806A30F44040DFF8C0148862DFF85F
:1027B000BC04806A50EA8430DFF8B01488620021DB
:1027C000DFF8A804008AFFF79FFC00E026E0DFF8AE
:1027D0009C04806A000CDFF89414896A89B28842EC
:1027E0000ED0DFF888044068DFF88814884215D0DE
:1027F000DFF88004DFF874144860F0F751FF0DE053
:10280000DFF868044068DFF86C14884206D1DFF80E
:102810006804DFF858144860F0F742FF31BD38B55E
:102820000024DFF84804008A01280AD0C0F0DB80C9
:10283000032864D028D3052800F0B480C0F0958028
:10284000D1E0DFF82804806AC0F303200500002DE2
:1028500001D06D1E01E009200500DFF81004806A38
:1028600030F47060DFF804148862DFF80004806AD6
:1028700050EA0520DFF8F41388620021DFF8EC034A
:10288000008AFFF741FCAFE0DFF8E003806A8004D4
:1028900012D4DFF8D803806A50F40050DFF8CC136C
:1028A00088620320DFF8C41308820121DFF8BC032B
:1028B000008AFFF729FC21E0DFF8B003806AC0F34B
:1028C00003100500002D01D06D1E01E00920050058
:1028D000DFF89803806A30F0F000DFF89013886228
:1028E000DFF88803806A50EA0510DFF880138862F9
:1028F0000021DFF87803008AFFF706FC74E0DFF8B8
:102900006C03806A800412D5DFF86003806A30F4BB
:102910000050DFF8581388620220DFF85013088255
:102920000121DFF84803008AFFF7EEFB1CE0DFF827
:102930003C03806AC0F303100500002D01D06D1E1A
:1029400001E009200500C948806A30F0F000C7495D
:102950008862C648806A50EA0510C449886200212E
:10296000C248008AFFF7D0FB3EE0C04890F828003C
:1029700010F00F000500002D01D06D1E01E00920B0
:102980000500BA48806A00090001B8498862B74862
:10299000806A2843B54988620021B448008AFFF75D
:1029A000B3FB21E0B148806AC0F381300400002C01
:1029B00001D0641E01E003200400012C01D100209D
:1029C0000400AA48806A30F44040A8498862A748B9
:1029D000806A50EA8430A54988620021A348008AB1
:1029E000FFF792FB00E01CE0A048806A000C9F49C2
:1029F000896A89B288420AD09C4840689D498842C9
:102A00000FD09C4899494860F0F74AFE09E0974882
:102A100040689849884204D1974894494860F0F743
:102A20003FFE31BDC035002058EE0A083C3500207D
:102A3000C4EE0A0810B52DED028B8C48008A0028E0
:102A400000F092808D4890F86600002840F08C805D
:102A500000248B48416808EE101A00208349088240
:102A60008248806AC0F3813004008048806AC0F3E5
:102A7000032000EE100AF8EE408AB2EE040A68EE77
:102A8000808A7A48806AC0F3031000EE100AB8EE1C
:102A9000400A70EE288AB2EE040A68EE808A734813
:102AA00090F8280010F00F0000EE100AB8EE400A6F
:102AB00070EE288A6D48806A800404D5B2EE040A5C
:102AC000C8EE808A03E09FED600AC8EE808A032C7E
:102AD00004D19FED5E0A68EE808A05E0002C03D1E8
:102AE0009FED5B0A68EE808A9FED5A0A78EE808A35
:102AF000634890F83500012803D19FED530AC8EED2
:102B0000808A9FED550AF4EE408AF1EE10FA04DB5C
:102B10009FED520AF0EE408A0AE09FED510AF4EE72
:102B2000408AF1EE10FA03D59FED4D0AF0EE408A8F
:102B3000F0EE680AB0EE480AFBF76EFC002805D1FB
:102B40004F4818EE901A4160FBF78CFB4A48474902
:102B500048604C4845498860002044490873F0F7B4
:102B60009FFDFFF731F913E00020474908713F4806
:102B700046492C22F2F7F2FAF0F74DFBF0F790FD00
:102B8000F2F7D1F94048407938490882EEF72AF83F
:102B9000BDEC028B10BD0000D028002010B53748D6
:102BA00090F86600002823D100243048008A364976
:102BB00048712E48008A002802D0012803D005E081
:102BC0000020040004E00120040001E000200400D3
:102BD0002B4890F835002100C9B2884206D0284819
:102BE00080F83540FBF73EFBEFF744FCEFF73AFA8D
:102BF00010BD80B52149086D204950F480600865FA
:102C0000214800220023026243621F4800218162A2
:102C1000EFF728FA582003F05BFE01BD80B50020D5
:102C200019490871114819492C22F2F797FAF0F75F
:102C3000F2FAF0F735FDF2F776F9134840790B49CF
:102C40000882EDF7CFFF01BD0000C84200007A44C2
:102C50000024744917B7D13801B3714900B37149E1
:102C6000CDCCCC3DD40200207CDE0A08D028002048
:102C7000B8EB0A0890EC0A08C4EB0A083C350020BF
:102C8000C0350020D0EB0A08DC020020BCD30A08C3
:102C90004FF4001C1CEB410F94BF1CEB430F09E0E9
:102CA00041EA030C50EA4C0C52EA0C0C03D28B4262
:102CB00008BF8242704714BF994290427047D000CB
:102CC000490080F0228000BF4A0DA2F580621E3AC2
:102CD0000ADC5242202A18DA890241F0004141EA16
:102CE00050500021D0407047D2F1200210D4890208
:102CF00041F0004141EA5051C002D04061FA02F374
:102D00005840D14080EA0100704700200021704700
:102D1000D0170100704703034FF4001C1CEB410F58
:102D200094BF1CEB430F09E041EA030C50EA4C0C42
:102D300052EA0C0C03D2994208BF9042704714BF6C
:102D40008B42824270470A00B0B581EA030C0CF056
:102D5000004C40F2FF7515EA11541DBF15EA1357D8
:102D6000AC42AF4239E0E41923EA455343F48013FF
:102D7000C90241F0004141EA505EC7021100A7FBC1
:102D8000020200284FF00000EEFB01204FF000018E
:102D9000E3FB072118BF42F001024018002149411E
:102DA000E3FB0E01A4F580640F0302D25200404100
:102DB000494154F101046CDD470872F1004250F1C1
:102DC000000051EB0451A1F580115CBF41EA0C01F8
:102DD000B0BD4CEA05510020B0BD05EA1357AC4226
:102DE00014BFAF4241E050EA410E1CBF52EA430E0D
:102DF00002E061460020B0BD24423C441BD15FEAA2
:102E0000070EF6D0090302BF01460020AEF1140EF2
:102E1000B1FA81F7AEEB070401FA07FE0C37C7F1F0
:102E2000200100FA07F7C8404EEA000E23EA455396
:102E300043F48013A2E733F00043B3FA83F704BFEF
:102E4000B2FA82FE77440B3FE41BB7F1200E2FBF8E
:102E500002FA0EF3BB40C7F1200E22FA0EFE38BF75
:102E600043EA0E03BA40641C82E750EA410E14BFE5
:102E700052EA430E6FF000014FF4001717EB430FB7
:102E80008ABF194617EB410FB5E74CEA0551002000
:102E9000B0BDD4F10104B4F120070FDAC4F120076A
:102EA000520828BF42F0010210FA07F501FA07F7AD
:102EB000E1BF2A43E0403843E1400FE0352C98DC85
:102EC000C7F1200452EA400220FA07F218BF42F08C
:102ED000010231FA07F0A1400A43002172F10042D9
:102EE00050F1000051EB0C01B0BD00005FF0FF316C
:102EF000C16070477FF08001C1607047816851F008
:102F0000200181607047816831F020018160704745
:102F1000FF2141627047CA214162532141627047DB
:102F20000068C0F3054070470068C0F30620704792
:102F3000006810F07F007047F0B4049C0025160470
:102F400016F470060E43170417F470273E431F0251
:102F500017F470473E431F0217F470673E4314F0A6
:102F6000F0073E4314F00F073E4335000668DFF8D4
:102F7000E8743E402E430660F0BC70474068C0F3E2
:102F8000074070474068C0F304207047406810F065
:102F90003F007047F0B4049C0025260416F4700628
:102FA00056EA4136270417F470273E431F0217F4F0
:102FB00070473E431F0217F470673E4312F0F0075C
:102FC0003E4312F00F073E4335004668DFF88C742D
:102FD0003E402E434660F0BC7047C068800910F048
:102FE00001007047C068400910F001007047C168D7
:102FF00011F0800171F0A001C160704770B584B01C
:103000000400DFF85C04FFF78BFFC0B205090A2655
:10301000DFF84C04FFF784FF10F00F0006FB0500FB
:10302000C0B20090DFF83804FFF77EFFC0B2050998
:103030000A26DFF82C04FFF777FF10F00F0006FBDD
:103040000500C0B20190DFF81804FFF771FFC0B2AD
:1030500005090A26DFF80804FFF76AFF10F00F00E1
:1030600006FB0500C0B2029068460EC80EC40C38BC
:103070000C3C7FBD70B584B00400DFF8E403FFF7BB
:103080007DFFC0B205090A26DFF8D403FFF776FFFB
:1030900010F00F0006FB0500C0B210F5FA600090BA
:1030A000DFF8BC03FFF76EFFC0B205090A26DFF8A0
:1030B000B003FFF767FF10F00F0006FB0500C0B27A
:1030C0000190DFF89C03FFF761FFC0B205090A26F3
:1030D000DFF88C03FFF75AFF10F00F0006FB050026
:1030E000C0B20290009840F2E471884202D240F2ED
:1030F000E470009068460EC80EC40C380C3C7FBDCE
:1031000010B584B000246846FFF778FF0098C0022D
:1031100004000198400110F4FC6004190298C0F307
:1031200044000419200080B204B010BD10B584B072
:1031300000246846FFF79EFF009840F2BC71401AD9
:10314000400204000198400110F4F07004199DF849
:10315000080010F01F000419200080B204B010BD58
:1031600080B2042190FBF1F201FB1201002912D17F
:1031700080B2642190FBF1F201FB1201002908D119
:1031800080B24FF4C87190FBF1F201FB12000028ED
:1031900001D1012000E00020C0B27047F8B5040062
:1031A000AF48FFF7B8FE00F02EF9A5680A2662685E
:1031B0000A2320680A21A7685FF00A0CB7FBFCF716
:1031C000B5FBF6FC06FB1C5555EA0715EDB200955C
:1031D00065680A26B5FBF6F5B2FBF3F603FB16228B
:1031E00052EA0513DBB222680A25B2FBF5F2B0FB06
:1031F000F1F501FB150050EA0212D2B20021984805
:10320000FFF79AFE00F009F99548FFF781FEF1BD3E
:10321000F8B50400206840F2E471884202D24FF40D
:10322000FD602060206840F63401884202D340F6F9
:10323000330020606068002801D101206060606870
:103240000D2801D30C206060A068002801D1012066
:10325000A060A068202801D31F20A0608048FFF74D
:103260005AFE00F0D0F82568642620686421B0FB7F
:10327000F1F201FB12075FF00A0C62680A23A068F2
:103280000A21B5FBF6FE06FB1E550A26B5FBF6F530
:10329000B7FBFCF60CFB167656EA0515EDB2009569
:1032A00065680A26B5FBF6F5B2FBF3F603FB1622BA
:1032B00052EA0513DBB2A2680A25B2FBF5F2B0FBB5
:1032C000F1F501FB150050EA0212D2B20121644867
:1032D000FFF760FE00F0A1F86148FFF719FEF1BDAD
:1032E0003EB40A0092B2520A92B202F2E472009222
:1032F000C1F3431292B2521C019289B211F01F0223
:10330000521C02926A4638CA38C00C3A0C3837BC94
:10331000704710B402000020914202D38B1A1800AB
:103320000BE0514BB2FBF3F34F4C04FB031303F5DB
:10333000003313F523439B1A180010BC70472DE986
:10334000F84F04000D0016001F00DDF82880DDF89E
:103350002C9040F2E470844201D2002034E05FF00F
:10336000000AA4F2E470824640F26D1000FB0AFAF3
:10337000B4F5FC601AEB900A14F0030F01D1BAF116
:10338000010A5FF0010BAB450BD2594689B2200010
:1033900080B200F01BF81AFA80F082461BF1010B94
:1033A000F1E716EB0A0ABAF1010A304800FB0AFA03
:1033B0004FF461603C2101FB08F100FB071019EBA1
:1033C000000010EB0A0A5046BDE8F28F38B5040041
:1033D0000D00ADB2002D02D0ADB20D2D01DB0020ED
:1033E00010E0ADB2022D07D1200080B2FFF7B8FE89
:1033F000002801D01D2005E01A48ADB2284410F87D
:10340000010C80B232BD80B51548FFF76FFD14483E
:10341000FFF7E3FD0128FAD101BD80B51048FFF7A1
:1034200072FD0F48FFF777FD0D48FFF763FD00F0D1
:1034300007F80B48FFF762FD0948FFF769FD01BD7A
:1034400080B50748FFF7D3FD0548FFF7CBFD0128FE
:10345000FAD101BD00000000808080FFC00000FFA5
:1034600000280040F8E70A0800A30200805101008C
:103470001B4213D1094236D12AB18446B0FBF2F087
:1034800002FB10C2704706F04DB8FCD300220023A7
:1034900070470B000200002100207047904271EB42
:1034A000030CF6D370B5B1FA81F4B3FA83F52C1B93
:1034B000A340C4F1200532FA05F63343A2405FF081
:1034C0000046E64002E05B085FEA3202841A71EBD4
:1034D000030524BF204629467641F4D302000B00A1
:1034E0003000002170BD012ACFD970B5140C20D056
:1034F000B1FA81F4B2FA82F5C4F120046419B4F18E
:103500002006D6D3B2405FF00044F440002502E02C
:1035100052085FEA3303C61A71EB020E24BF30462D
:10352000714664416D41F3D302000B002000290075
:1035300070BD0C46B1FBF2F102FB11452D0445EACA
:103540001045B5FBF2F402FB145580B240EA054584
:10355000B5FBF2F002FB105240EA044070BD0000DF
:10356000DFF84C080068C0F30220704740B2002822
:1035700009D4012110F01F029140DFF8382840B231
:10358000430942F82310704740B200280DD40121AE
:1035900010F01F029140DFF8202840B2430942F8A2
:1035A0002310BFF34F8FBFF36F8F704740B20028D7
:1035B00009D4012110F01F029140DFF8002840B229
:1035C000430942F82310704710B440B2002805D4D4
:1035D0000A01DFF8EC3740B21A5408E00A01DFF8BC
:1035E000E43740B210F00F04234403F8042C10BC5D
:1035F000704770B4030013F00704D4F10706052EDA
:1036000001D3042001E0D4F10700261D072E01D2CA
:10361000002500E0E51E012616FA00F0401E0840D5
:10362000A8400121A940491E1140084370BC7047C1
:10363000DFF894070068400F10F001007047DFF8D2
:103640008807006850F40000DFF87C1708607047B6
:1036500081B0DFF8781709680143DFF8702711603F
:10366000DFF86817096801400091009901B07047C0
:1036700010B4DFF85C2711F0030352F8232032EA7C
:1036800011420B0C93FAA3F3B3FA83F310FA03F38A
:103690001A43DFF83C3711F0030443F8242010BC30
:1036A0007047DFF83007006830F00200DFF82417B9
:1036B00008607047DFF81C07006830F00400DFF88E
:1036C000141708607047DFF81007006830F4806056
:1036D000DFF804170860704702688A430260704789
:1036E000021D12688A43031D1A60704730B40368D4
:1036F00091FAA1F4B4FA84F40325E4B2640015FA53
:1037000004F4A34391FAA1F4B4FA84F4E4B264009B
:1037100012FA04F42343036030BC704730B4C3682A
:1037200091FAA1F4B4FA84F40325E4B2640015FA22
:1037300004F4A34391FAA1F4B4FA84F4E4B264006B
:1037400012FA04F42343C36030BC70470069084098
:10375000884201D1012000E000207047816170475C
:103760008162704701684908490001607047026A38
:103770008A4302627047C16849084900C1607047C6
:10378000C16831F00401C160704700B589B006A876
:103790000021002200230EC00C386846DFF83C16DA
:1037A00091EC060B80EC060B0120FFF751FF022085
:1037B000FFF74EFF0420FFF74BFF8020FFF748FF85
:1037C0000220FFF745FF0820FFF742FF012000F02D
:1037D0002DFB00F0CDFAFFF72BFF01200090002019
:1037E00001900020049069465FF0904005F01FFFB3
:1037F0004FF4FA6000F01AFB01215FF09040FFF7F0
:10380000A5FF002801D007F01DFFFFF718FFFFF705
:103810005AFF4FF48071DFF8C805FFF75DFF1021F4
:10382000DFF8C005FFF75CFF012000F0FFFA4FF45E
:10383000F8715FF09040FFF793FF0121DFF8A805D2
:10384000FFF78EFF0221DFF8A005FFF789FF41F2A5
:10385000FF11DFF89805FFF783FF0421DFF89005DB
:10386000FFF77EFF0321DFF88C05FFF779FF0E20BD
:103870000090002001900120049069465FF0904084
:1038800005F0D5FE40F2016000900020019000207C
:10389000049069465FF0904005F0C9FE4FF4C550B2
:1038A0000090032001900220049069465FF0904050
:1038B00005F0BDFE502000900120019000200290F4
:1038C000002003900020049069465FF0904005F0CE
:1038D000AEFE2021DFF81005FFF742FF8021DFF860
:1038E0000805FFF73DFF44F20620009001200190FB
:1038F0000020029000200390002004906946DFF829
:10390000E80405F094FE0421DFF8DC04FFF728FF4B
:103910000221DFF8D404FFF723FF4FF48041DFF8E2
:10392000C804FFF71BFF4BF64000009003200190F6
:10393000022004906946DFF8B00405F078FE80208C
:1039400000900120019003200290002003900020AD
:1039500004906946DFF8900405F069FE4FF480702A
:10396000009001200190032002900020039000208D
:1039700004906946DFF8700405F059FE4FF4807139
:10398000DFF86404FFF7ECFE4FF480600090002045
:103990000190002004906946DFF84C0405F047FED2
:1039A00040F2FF500090012001900320029000207F
:1039B0000390002004906946DFF8300405F037FEDC
:1039C0004FF49861DFF82404FFF7CAFE4FF48050EB
:1039D000009003200190022004906946DFF80C0457
:1039E00005F025FE4FF400500090002001900020CB
:1039F00004906946DFF8F40305F019FE4FF4006007
:103A0000009001200190002004906946DFF8DC035B
:103A100005F00DFE4FF40061DFF8D003FFF7A0FEC4
:103A200004200090012001900020029000200390CB
:103A3000002004906946DFF8B80305F0F8FD042182
:103A4000DFF8AC03FFF78CFE03200090012001900B
:103A50000020029000200390002004906946E54871
:103A600005F0E5FDE4490020FFF702FE4FF4806019
:103A700006900020079001208DF8200000208DF88E
:103A8000210003208DF8220006A807F0D3FE0022B3
:103A90004FF480615FF09040FFF740FE00224FF44A
:103AA00080615FF09040FFF721FEFFF759FD002293
:103AB0000021FFF79EFD01002820FFF785FD28204B
:103AC000FFF754FD09B000BD00B587B06846CB498B
:103AD00091EC060B80EC060B4FF460400090012047
:103AE00001900020049069465FF0904005F09FFD32
:103AF0001820009001200190002004906946BA48E7
:103B000005F095FDFFF7CDFDFFF7D4FD07B000BD33
:103B100000B58FB0BA4890F86500002844D109A8D4
:103B2000B84991EC060B80EC060B68460021002298
:103B300000230EC00C384FF48060009000200190EC
:103B400001208DF8080000208DF8090003208DF871
:103B50000A00684607F06EFE00224FF480615FF0B5
:103B60009040FFF7DBFD00224FF480615FF0904052
:103B7000FFF7BCFDFFF7F4FC00220021FFF739FD41
:103B800001002820FFF720FD2820FFF7EFFC4FF46D
:103B9000C050099003200A9002200D9009A95FF0FF
:103BA000904005F044FD33E003A8974991EC060BE3
:103BB00080EC060B4FF4805003900120049000200D
:103BC0000590002006900020079003A95FF0904028
:103BD00005F02DFD4FF480515FF09040FFF7C0FDE0
:103BE00000208A49884201D2401CFAE74FF48050F5
:103BF0000390002004900020079003A95FF09040FC
:103C000005F015FD00208149884201D2401CFAE7E9
:103C10000FB000BD00B587B068467D4991EC060B3A
:103C200080EC060BFF200090012001900020029004
:103C3000002003900020049069466C4805F0F7FCD2
:103C400007B000BD00B587B06846724991EC060B1D
:103C500080EC060BFF2000900020019000200490D3
:103C60006946624805F0E3FC07B000BDE0B5684670
:103C70000021002200230EC00C3867490120FFF705
:103C8000F7FC202000900020019000208DF8080013
:103C9000684607F0CFFD1720FFF776FC07BD00B59B
:103CA00087B0FFF7E3FF68465C4991EC060B80ECB8
:103CB000060B20200090022001900320029000209B
:103CC000039001200490022005906946464805F0C3
:103CD000AEFC07B000BDE0B568460021002200231D
:103CE0000EC00C384E48FFF74BFD4D48FFF743FD23
:103CF00010214B48FFF73BFD4948FFF733FD0022F9
:103D000020213948FFF70AFD002220213648FFF71D
:103D1000EDFC41490120FFF7ABFC20200090002082
:103D2000019001208DF8080000208DF80900012085
:103D30008DF80A00684607F07DFD202039490860AB
:103D40001720FFF733FCFFF70BFC00220021FFF7E1
:103D500050FC01001720FFF737FC1720FFF706FC87
:103D600007BD80B510215FF09040FFF7F9FC01BD61
:103D700000B58BB007F0FAFD4FF400402A49086007
:103D800007F00FFE684607F0BBFE0698400308D513
:103D9000042000902020059000200690684607F03F
:103DA00065FE07F00CFE07F0F4FD0BB000BD00004F
:103DB0000CED00E000E100E080E100E080E200E0E6
:103DC00000E400E018ED00E0941002404C100240C6
:103DD00008000140042004E008700040D8DF0A0811
:103DE0003070004020700040000400480008004887
:103DF000000C0048001C00480200000FF0DF0A0819
:103E00003C35002008E00A0820E00A08A0860100EE
:103E100038E00A0850E00A080100F00068E00A08EB
:103E200000040040140401401020024081B00B49FE
:103E3000096800910100009A11F1010F00D0491C9E
:103E4000002905D0054A1268D203F9D5491EF7E7C3
:103E500001B07047024908607047000010E000E0C0
:103E6000B40200202DE9F04F82460FF25860A5B051
:103E700015461E46D0E90023CDE9122303AF0020EA
:103E80007960B8620DF1500900E045440020ADF8BA
:103E9000020012AB4FF0FF3229460DF1020008F08C
:103EA000D7F88046B8F1010F08DA2878B0F1010898
:103EB00068EB08086FEA08004FEAD078BDF8020006
:103EC00025280CBFA8F1010BC346BBF1010F0EDB87
:103ED0002C4614F8011B7868D0470028786000F061
:103EE000F880B86A401CBBF1010BB862F1D1BDF893
:103EF0000200252807D1002038617861B861F86197
:103F00003862786205E00028BFD1B86AE2E240F08A
:103F1000010015F8011F2029F9D023290DD02B29E4
:103F200004D02D2906D030290AD00CE040F0020040
:103F300080B2EEE740F00400FAE740F00800F7E74F
:103F400040F01000F4E72A290ED13168316051F8B1
:103F5000042B3160002A3A6304D5514240F004003A
:103F6000396380B26D1C13E0002139630BE0396BBB
:103F70006FF00043994205D001EB810302EB43014E
:103F8000303939636D1C2A78A2F130010A29EED349
:103F900029782E2903D04FF0FF31F9621FE015F880
:103FA000011F2A2907D1316831606D1C51F8042B9B
:103FB0003160FA6213E00021F9620BE0F96A6FF0F8
:103FC0000043994205D001EB810302EB43013039F4
:103FD000F9626D1C2A78A2F130010A29EED3B88665
:103FE0000FF2E840297808F043F808B115F8010B02
:103FF0008DF842009DF84200682802BF29786829A0
:10400000622005D06C2804BF28786C2803D1712069
:104010008DF842006D1C14A8F86015F8014BB4F13E
:1040200025002AD01C3800F0DB80001F022840F257
:10403000D780133800F0FB80093800F0D180801E53
:1040400000F06581401E00F03C81401E022840F2D5
:10405000C780001F00F03581401F00F09280401E95
:1040600000F0E580401E37D0C01E0BD0801E00F04F
:10407000DE80C01E00F0DB806CE125208DF8500052
:10408000012070E19DF842006C283068306016D045
:1040900050F8048B3060C7F80880FC6A002C04D507
:1040A000404607F0F1FF044607E022460021404663
:1040B00008F006F808B1A0EB08047C6154E150F860
:1040C000042B306002A9504600F03EFA002840F16F
:1040D0004B814FF0FF30FDE131683160002251F833
:1040E000040B31604FF03C0E0021CDE9020114A811
:1040F000B860DDE902019142FC6808BF904201D13D
:10410000FA6AC2B100F00F033033DBB23A2BA8BF1A
:104110002733AEF101020009A354964640EA01702C
:1041200009090022914208BF904204D0BA6804EB0A
:104130000E039A42E6D304EB0E01B960CEF13C00C7
:10414000F96A7861884207DA081AF8614FF6EF7168
:10415000B88E0840B88607E1002940F1058197F83C
:10416000341001F01401102940F0FE80396B3A69D7
:10417000891AFA69891A081A0128C0F2F580F861CB
:10418000F2E09DF8420062281AD0682806D06A281A
:104190000CD06C281CD0712808D019E03068306031
:1041A00050F8041B3060B86A0880DDE03068306089
:1041B00050F8042B3060B86AC117C2E90001D3E09F
:1041C0003068306050F8041B3060B86A0870CBE08B
:1041D0003068306050F8041B3060B86A0860C3E093
:1041E0003068C01D20F007023260D2E900010832B9
:1041F0003260CDE90201002902D538692D2109E09C
:10420000B88E810702D538692B2103E0C00705D598
:104210003869202109F80010401C386114A8396958
:104220000844B860214602A800F09AFB9CE09DF883
:1042300042006C280DD0712818BF6A2809D1306857
:10424000C01D20F007023260D2E90001083232605E
:1042500005E03168316051F8040B31600021CDE98F
:1042600002019DF84200682803D1DDE9020180B215
:104270000BE0622803D1DDE90201C0B205E0742839
:1042800018BF7A2804D1DDE902010021CDE902013D
:1042900097F83400000731D5DDE90223002083427E
:1042A00008BF82422AD044F02000782826D13869FD
:1042B000302109F80010401C411C396109F8004008
:1042C0001CE09DF84200314600F007F9CDE90201FB
:1042D000DDE9022300218B4202DA38692D2109E051
:1042E000B88E810702D538692B2103E0C00705D5B8
:1042F0003869202109F80010401C386114A8396978
:104300000844B860214602A800F0A4FA2CE09DF809
:1043100042006C2809D0012038613068306050F8C4
:10432000041B30608DF850101EE03068306001AA28
:1043300050F8041B3060ADF804100020ADF8060002
:1043400002A94FF0FF30F862504600F0FDF8002857
:104350000AD5BEE625208DF85000012038611CB139
:1043600089F8014002203861386B3969401AF969CF
:10437000401A7969401A396A401AB969401A796A4B
:10438000A0EB010897F83400400711D42020B8F1C1
:10439000010F8DF800000BDB444601236A4602A999
:1043A000504600F007FE00287FF493AE641EF4D15F
:1043B000D7F810B0BBF1000F14AC0DD014F8011BEE
:1043C0007868D047002878603FF483AEB86A401C14
:1043D000BBF1010BB862F1D130208DF80000FC690F
:1043E000012C0ADB01236A4602A9504600F0E2FDD7
:1043F00000287FF46EAE641EF4D1D7F814B0BC6808
:10440000BBF1000F0DD014F8011B7868D0470028CD
:1044100078603FF45EAEB86A401CBBF1010BB86235
:10442000F1D130208DF800003C6A012C0ADB012319
:104430006A4602A9504600F0BDFD00287FF449AE4F
:10444000641EF4D1B8687969D7F818B04418BBF184
:10445000000F0DD014F8011B7868D0470028786051
:104460003FF437AEB86A401CBBF1010BB862F1D122
:1044700030208DF800007C6A012C0ADB01236A469B
:1044800002A9504600F096FD00287FF422AE641E7B
:10449000F4D197F8340040077FF5F8AC2020B8F14C
:1044A000010F8DF80000FFF6F1AC01236A4602A966
:1044B000504600F07FFD00287FF40BAEB8F10108F4
:1044C000F3D1E3E40000000000000000686A6C74AF
:1044D0007A4C000025B0BDE8F08F622826D068280D
:1044E0001DD06A2808D06C2827D0712804D07428E1
:1044F00023D07A280CD020E00868C01D20F00700E7
:104500000860D0E90023083008601946104670475B
:104510000A680A6052F8040B0A60002170470A68B2
:104520000A6052F8040B0A6000B20BE00A680A60E5
:1045300052F8040B0A6040B204E00A680A6052F8BC
:10454000040B0A60C11770472DE9F44F0D4694B073
:10455000D5F830A0BAF1000F804648BF6FF0004A8E
:1045600007F0DAFD696B401801900FF67820D0E96A
:104570000023CDE9022395F83800400702D40198C2
:10458000412805D240200DF110090190002609E0D4
:1045900007F0C8FD5FEA0009F8D14FF0FF3056E19F
:1045A000AAEB040ABAF1010FC0F2CE801498018878
:1045B00002AA0DF1010007F00DFE0028044600F1EB
:1045C000DE801498008810B9641E00F1D880A245DE
:1045D000C0F2BA80686901992218914280F0A280E5
:1045E0006E634042296A401AA969401A696A401AF2
:1045F000E969401AA96A461A95F83800400710D4AC
:104600002020012E8DF800000BDB374601236A467F
:104610002946404600F0CEFC002840F0B0807F1EC6
:10462000F4D1D5F814B0BBF1000F4F460DD017F8F8
:10463000011BA868C0470028A86000F0A080E86AB5
:10464000401CBBF1010BE862F1D130208DF8000075
:104650002F6A012F0ADB01236A462946404600F0F3
:10466000A9FC002840F08B807F1EF4D1D5F818B04B
:10467000EF68BBF1000F0CD017F8011BA868C0470A
:104680000028A8607BD0E86A401CBBF1010BE862FF
:10469000F2D130208DF800006F6A012F09DB012371
:1046A0006A462946404600F085FC002867D17F1EF7
:1046B000F5D1E868A969D5F81CB04718BBF1000F1F
:1046C0000CD017F8011BA868C0470028A86056D076
:1046D000E86A401CBBF1010BE862F2D130208DF892
:1046E0000000AF6A012F09DB01236A4629464046D4
:1046F00000F060FC002842D17F1EF5D195F838000B
:1047000040070DD52020012E8DF8000008DB012385
:104710006A462946404600F04DFC80BB761EF6D125
:1047200000266E61224668690DF101014844F0F7E8
:1047300005FD6869201868611498801C1490801E1B
:10474000008800287FF42CAF686B6969401A296AD9
:10475000401AA969401A696A401AE969401AA96AA7
:10476000A0EB010A95F83800400710D4BAF1010F08
:104770000DDB5446A8682021C047A86010B94FF04F
:10478000FF365DE0E86A401C641EE862F2D16B69A6
:104790004A462946404600F00DFC0028EFD12C6A1D
:1047A000012C0ADBA8683021C0470028A860E6D0A9
:1047B000E86A401C641EE862F4D1AB69EA682946E5
:1047C000404600F0F7FB0028D9D16C6A012C0ADBC7
:1047D000A8683021C0470028A860D0D0E86A401CF3
:1047E000641EE862F4D1E868A969EB6942182946B9
:1047F000404600F0DFFB0028C1D1AC6A012C0ADB87
:10480000A8683021C0470028A860B8D0E86A401CDA
:10481000641EE862F4D195F8380040070ED5BAF16D
:10482000010F0BDBA8682021C0470028A860A6D094
:10483000E86A401CBAF1010AE862F3D16E616E6366
:1048400004A881451CBF484607F0D2FC304615B08D
:10485000BDE8F08F2DE9F343054608462F696F2820
:1048600008BF082405D041F02001782914BF0A248C
:1048700010243C26D5E90023642818BF69289046F7
:10488000994606D100218B4203DAD8F1000869EB82
:1048900049090020814508BF80450CD1286B50B9DB
:1048A000082C38D195F83800000734D530203B2645
:1048B00087F83B002FE0701E0090064640464946B0
:1048C0002246E317FEF7D4FD02F13000C0B23A28C9
:1048D00003DB9DF8041051390818B8554946404685
:1048E0002246E317FEF7C4FD804689460020814535
:1048F00008BF804503D0E868B9198842DBD3082C8B
:1049000009D195F83800000705D5B85D302802D0E8
:10491000761E3020B855B919E960C6F13C00296B04
:10492000A861884208DA081A28624FF6EF71288FCA
:1049300008402887BDE8F38300290ED595F8381084
:1049400001F01401102908D1696B6A69891A2A6A71
:10495000891A0E1A012EA8BF2E62BDE8F38300004B
:104960002DE9F24F04468EB0D4E90001CDE90201F1
:1049700004AF9DF8380040F0200BBBF1610F0AD066
:10498000206B002848BF062004D408BFBBF1670F86
:1049900001D1012020636168C1F30A5040F2FF7227
:1049A00090421CD1080304BF2068002809D10320CD
:1049B000A0619DF8380061381A2835D30FF23861AC
:1049C00008E00320A0619DF8380061381A2828D338
:1049D0000FF21C61E0680322F0F7B0FBBDE1012893
:1049E00015DA204607F044FC012810DB00250020E2
:1049F000BBF1610F1FD1E16830220A708A1CE260AE
:104A00009DF83820612A0CBF782258220FE0626896
:104A100040F2FE3161F31E52451A62604FF0FF30E2
:104A2000E6E70FF2C851D5E70FF2C851D2E74A7056
:104A30006169891C616110B90026002584E1BBF120
:104A4000610F40F09880206BD4E900AB00284CBF88
:104A50002126461CDDE9020100220023FEF75CF955
:104A600036B23ABF8BF00040CDE902A0CDE902ABEF
:104A700006F101082D1FB8F1010F8DF810200DF17E
:104A8000110736DBDDE9020100220023FEF700F901
:104A90002FD21C2102A807F00DFCDDE9020102F073
:104AA00053FAA8F10708B8F1010F814609DB02F0BB
:104AB00077FA02460B46DDE9020107F085FCCDE9F5
:104AC0000201F81D072105E009F00F0200F8012D91
:104AD0004FEA2919B9F1010F01DB491EF4D5491E2E
:104AE0005CBF002200F8012DF9D5C71DB8F1010FF8
:104AF000C8DA0DF11100391AB142B8BF0E4636B20C
:104B000030000DF111072FD4884206DA04A90144C0
:104B100049780829A8BF0F2100DA002104AA02441D
:104B200000E0761E12F80139401E8B42F9D00F29A1
:104B300004D104A901444A78521C4A70002802D5C5
:104B400004AF761C2D1D36B2701E0DD439180A78AC
:104B50003032D2B23A2A03DB9DF838303A3B9A1809
:104B6000401E01F80129F2D5206B002840F1EC80AD
:104B7000701E2063E8E0DDE9020100220023FEF759
:104B8000CBF83CBF81F00041CDE902012DB247F2E4
:104B9000975068434B49DFF8309190FBF1F52DB207
:104BA000C5F1070ABAF1010F90461CDBDDE9026787
:104BB0005FEACA7007D542464B4630463946FEF793
:104BC000C3F806460F464046494642464B464FEA22
:104BD0006A0AFEF7B9F8BAF1000F80468946E7D1B4
:104BE000CDE9026724E0CAF1000A0026374F14E03D
:104BF0005FEACA7007D542464B4630463946FEF753
:104C0000A3F806460F464046494642464B46FEF745
:104C10009BF84FEA6A0A80468946BAF1000FE7D14D
:104C2000DDE9020132463B4602F062F8CDE90201BD
:104C3000BBF1660F216BDFF898900CBF05F10A00FD
:104C400006204618142EA8BF132630208DF8100019
:104C50000DF11107012E3DDBDDE9020102F08AF9B9
:104C600007F1080104220A23B0FBF3F303EB8307E7
:104C7000A0EB4700303001F8010C0A20B3FBF0F044
:104C800000EB8007A3EB47033033521E01F8023DCF
:104C9000E9D1083E012E01F10807DBDBDDE9020165
:104CA00002F068F902F086F902460B46DDE90201DE
:104CB00007F08AFB00224B46FEF746F8CDE90201D9
:104CC000CAE700BFA0860100000024400000F03FBA
:104CD00084D797410DF11100381A0DF1110702E048
:104CE000401E6D1E7F1C39783029F9D0BBF1660F4C
:104CF00008BF691C04D0BBF1650F0CBF0121002166
:104D0000226B8E1836B2B042B8BF064636B23100BA
:104D10001AD4814204DA785C3528A8BF392000DA39
:104D200030207A18521E00E0761E12F80139491E12
:104D30008342F9D0392802D1785C401C785400298C
:104D400002D57F1E761C6D1C2DB29DF83810009583
:104D500033B23A46204600F003F80FB0BDE8F08FBA
:104D60002DE9F04786B006468A4690461D4607F074
:104D700008FC012D406A376B90F8009002DA01259B
:104D80000FF278284AF02000BDF93840662808BFA5
:104D9000641C12D0672878D114F1040F7BDBBC426D
:104DA00079DA96F83800641C000702D4BD42B8BF17
:104DB0002F4624B23F1B48BF002724B2F068B169D8
:104DC000012C23DA4A1C30234354012F03DA96F8CE
:104DD0003800000703D5F06800F80290521CE74243
:104DE000B8BF7C4224B260427062E719AF42B26140
:104DF000B8BF3D46F068B3692DB2F5612A46414619
:104E00001844F0F79BF9781BB062BCE0224695424B
:104E1000084416DA2A464146F0F790F9B169691854
:104E2000601B012FB161706203DA96F83800000749
:104E300005D5F06800F80190F069401CF061B76298
:104E4000A1E04146F0F77AF9B06920182D1B012F37
:104E500003DA96F83810090703D5F16801F80090D5
:104E6000401CB0612DB2AF42B8BF3D46F068B36997
:104E70002DB22A4608EB04011844F0F75FF9B06937
:104E80002818B061781B70627DE0BAF1610F14D10F
:104E90004FF0700A16E0BD4204DA96F838100907A0
:104EA00058BF2F467F1E48BF0027BAF1670F14BFB7
:104EB0004FF0450A4FF0650A04E0BAF1410F08BF10
:104EC0004FF0500AB169F368481CB061012F18F81F
:104ED000012B5A5403DA96F83810090717D5F168F0
:104EE000431CB36101F80090012F10DB6D1E2DB241
:104EF000AF42B8BF3D46F0682DB22A46414618443D
:104F0000F0F71CF9B0692818B061781B7062F0687E
:104F1000B1690144200081F800A004D42B2048701E
:104F200001F1020804E02D224A7001F102086442F6
:104F3000002502AF08E00A22684607F03BFB019813
:104F400007F8010B6D1C009C21B20129F3DA022D38
:104F500006DA4AF02000652804BF302008F8010B6B
:104F60004DB9302008F8010B07E06D1E02A8405D26
:104F7000303008F8010B012DF7DAF068B169084408
:104F8000A8EB0000F06196F8380000F0140010283B
:104F90000DD17069B1690818716A0818F1690818AB
:104FA000B16A0818716B8842BCBF081A306206B03B
:104FB000BDE8F087F8B504460D4616461F460020AA
:104FC00077B116F8011BA868A047A86030B1E86A5D
:104FD000401CE86200207F1EF3D1F2BD4FF0FF308D
:104FE000F2BD000000000000000000006E616E00D5
:104FF0004E414E00696E6600494E4600300000008A
:1050000070B52DED048B04000D00160020680028FB
:1050100002D02868002801D100200CE194ED000A9C
:10502000B8EE408AD4E9020107F0CCFA00EE100A8B
:1050300088EE008A95ED000AF8EE408AD5E9020173
:1050400007F0C0FA00EE100AC8EE808A2068B0F5BA
:10505000C86F04D39FED790AB0EE409A0BE094ED4F
:10506000000AB8EE400A07F0D1FAF7EE000A80EE27
:10507000800AB0EE409A2868B0F5C86F04D39FED5F
:105080006F0AF0EE409A0BE095ED000AB8EE400A88
:1050900007F0BCFAF7EE000A80EE800AF0EE409AC4
:1050A0002068082802D30720010002E02068401E83
:1050B0000100DFF8E80690ED060ADFED610AB4EEC4
:1050C000600AF1EE10FA1BDBDFF8D406F6B2092213
:1050D00002FB06F21044C9B2405C00EE100AB8EEC2
:1050E000400A20EE080A20EE090AF2EE040A80EED9
:1050F000200A30EE080ADFF8AC0680ED000A0BE06B
:10510000B2EE030A28EE000AF0EE480A40EE090A61
:10511000DFF89006C0ED000ADFF88406F6B2092237
:1051200002FB06F21044007A00EE100AB8EE400AC4
:1051300020EE090AF2EE040A80EE200AF7EE000AD9
:10514000B4EE600AF1EE10FA08D5F0EE480A48EE27
:10515000400ADFF85406C0ED000A03E0DFF8480615
:10516000002202602868082802D30720010002E01C
:105170002868401E010068EEA90ADFF82406F6B28E
:10518000092202FB06F21044C9B2405C01EE100A8B
:10519000B8EE411A60EE810AB2EE041AC0EE810A3E
:1051A00070EEA80ADFF80406C0ED000ADFF8F0058B
:1051B000F6B2092202FB06F21044007A00EE900AD1
:1051C000F8EE600A60EEA90AB2EE041AC0EE810A97
:1051D000B7EE001AF4EE410AF1EE10FA08D5B0EE7F
:1051E000681A08EEE01ADFF8C80580ED001A03E03F
:1051F000DFF8BC0500220260DFF8B00590ED001A70
:10520000DFF8A405D0ED001AB4EE611AF1EE10FA41
:1052100001D501200FE0DFF88C0590ED001ADFF8D2
:105220009005D0ED001AB4EE611AF1EE10FA01D536
:10523000012000E00020BDEC048B70BDCDCCCC3C47
:1052400090C2753DF0B40B000024046000240025DA
:10525000C0E902459A420DD304681D682C19046008
:10526000D0E90245D3E90267A4197D41C0E90245AE
:105270001833EFE7F0BC704770B58CB06846DFF8C4
:10528000341591EC060B80EC060BDFF82C45002062
:10529000DFF828150870DFF824050078002818D1F9
:1052A0002068002815D1DFF8180500682060D4E9CF
:1052B0000201DFF80C25D2E9022380185941C4E924
:1052C00002012069DFF8F81409690818206100203C
:1052D00011E114F1480090EC060B684680EC060BD7
:1052E000482514F118062A002100300007F09CF927
:1052F000DFF8CC0400682060DFF8C404D0E90201C4
:10530000C4E90201DFF8B8040069206100980028B0
:1053100008D1DFF8B00400681830DFF8A81408607E
:105320000120E8E0DFF89804694691EC060B80EC78
:10533000060BDFF888040078401CDFF88014087042
:105340006034207D00281DD1DFF874040068002837
:1053500018D0DFF86C0400682060DFF86404D0E93E
:105360000201C4E90201DFF858040069206101204C
:105370002075DFF8500400681830DFF84814086022
:105380000120B8E0207D04281FD2DFF83404006833
:1053900000281AD02068DFF828140968081820604F
:1053A000D4E90201DFF81824D2E902238018594118
:1053B000C4E902012069DFF80814096908182061AE
:1053C000207D401C2075012095E0DFF8F403006883
:1053D000002837D014F1480090EC060B684680ECAA
:1053E000060B482514F118062A002100300007F0AA
:1053F0001BF9DFF8CC0300682060DFF8C403D0E9B4
:105400000201C4E90201DFF8B8030069206101204C
:105410002075DFF8AC03694691EC060B80EC060BB7
:10542000009800280ED1DFF8740390F821000228BC
:1054300008D3DFF8900300681830DFF8881308609D
:10544000012058E0DFF8740300780728FFF471AFFB
:10545000DFF86C03006800284CD0DFF860030078A8
:10546000072847D1DFF8340390F82100022841DBF8
:1054700060342068002816D1DFF8440300682060FB
:10548000DFF83C03D0E90201C4E90201DFF8300390
:1054900000692061DFF82C0300681830DFF824135E
:1054A0000860012027E014F1480090EC060B6846E4
:1054B00080EC060B482514F118062A002100300064
:1054C00007F0B2F806A8BE4991EC060B80EC060B7B
:1054D00006A890EC060B84EC060B0098002809D077
:1054E000AE4890F82100022804DBB6480068183066
:1054F000B449086001200CB070BD000070B5B1481F
:105500000068AD49401A182190FBF1F00128C0F263
:10551000DD80A9480068002833D1A7480069002829
:105520002FD09E4890ED060ADFED800AB4EE600AA7
:10553000F1EE10FA25DBA04890ED040AB8EE400A1F
:10554000F3EE040A80EE800A9448D0ED060AB4EE29
:10555000600AF1EE10FA14D597489A4908604FF4A2
:1055600052740025984E2A002100300007F098F868
:1055700003209649087096480078401C94490870AA
:10558000A4E0904800688C49401A182190FBF1F083
:105590000228C0F29B808B4802688B498D48FFF738
:1055A00051FE854800688C4908608348D0E90201B3
:1055B000894AC2E902018448884908608148006834
:1055C0008749086087487F490968884202D2854830
:1055D00083490860844890F87B207E497E48FFF725
:1055E0000FFD00283BD00020804908600020804942
:1055F00008607A4800687049401A182190FBF1F061
:10560000052814DA6C486F4908604FF4527400257D
:105610006D4E2A002100300007F042F803206B494C
:1056200008706B480078401C694908704EE06B4870
:1056300000681838634908604FF4577400256748BC
:1056400006682A002100300007F02AF801205F498F
:1056500008705F480078401C5D49087036E05E487D
:1056600000685E490968096808185B4908605A487B
:10567000D0E90201594A1268D2E90223801859413F
:10568000554AC2E90201554800681830534908607C
:1056900050480068514909680968401A4D49086036
:1056A0004C48D0E902014D4A1268D2E90223801A1F
:1056B0009941484AC2E902014948006847490968D6
:1056C000401A182190FBF1F0012883DA70BD70B503
:1056D00039483C4908604FF458740025364E2A007A
:1056E0002100300006F0DCFF02203849087000205D
:1056F000404981F82E003C48D0F86F1000EE101A97
:10570000264880ED060A6320244981F82100002004
:10571000224988836320344981F8430000203349BB
:10572000086000203249086070BD000090C2753DDD
:1057300070B504000D00160000202F4908600020FD
:1057400000212D4AC2E9020100202B4908611D48B1
:10575000026819492848FFF775FD2748006820604E
:105760002548D0E90201C5E9000100203080124837
:1057700014490968814205D3318802695118318082
:105780001830F5E70F4909680B4A891A182291FB6E
:10579000F2F1024A82F8221070BD00005001002090
:1057A00070D00A08503800205438002058380020A3
:1057B0005C38002088E10A0800290020BF3800205A
:1057C00010020020AC02002018290020BD38002063
:1057D000BE380020E8360020D036002048380020AF
:1057E0004C380020C0290020DC020020F4370020C3
:1057F000F03700203C35002000370020F0B4DFF8FF
:10580000DC160A0000230024DFF8D006002500265D
:10581000DFF8CC763E6000263400242C11D21668C6
:1058200016F1010F02D0D2F8E067350015F1010F33
:1058300003D0AB4201D22B00100012F50062641CB1
:10584000EBE75E1CDFF89C763E60F0BC70472DE90C
:10585000F0438BB0DFF89006D0F83740A0465FF0F9
:105860000009002500262021404600F0C6F9002846
:1058700009D0B9F13F0F06D2404600F05EF98046EC
:1058800019F10109EFE7B9F13F0F04D2B9F1000FA7
:1058900001D040466FE0404600F07EF98046DFF8D8
:1058A0004806C0F83780404603F085FC002802D146
:1058B000404603F037FCDFF82C060068DFF82016BE
:1058C0000860DFF820060068401CDFF81816086042
:1058D0000020DFF80C16A1F809000020DFF8001600
:1058E000C86008A8FDF7C6FB05A8FDF787FB079869
:1058F000019006980090059B0A9A09990898FDF76F
:105900001EFDDFF8DC1548600020DFF8D4150872B2
:1059100000208146B9F10C0F09D2DFF8C40510F858
:10592000090002A901F8090019F10109F2E70B21A8
:1059300002A806F0E9FE8DF813009DF81300C0439D
:105940008DF8130018F5FC600700390002A803F079
:10595000D7FDDFF89415D1F8370080460A2D07D21D
:10596000DFF8840590F84F00012803D1002E01D103
:10597000002000E040460BB0BDE8F08370B4DFF8D3
:105980006C150A0000230024DFF8600500250026BE
:105990003400082C11D2166816F1010F02D0D2F88B
:1059A000F867350015F1010F03D0AB4201D22B008F
:1059B000100012F50062641CEBE770BC70472DE923
:1059C000F041DFF82405D0F84340A0460027002529
:1059D00000262821404600F010F900280ED0332F71
:1059E0000CD2404600F0FDF880467F1CDFF8000531
:1059F0008045EED3DFF8F4048046EAE7332F01D286
:105A000040461DE0DFF8E004C0F84380404603F064
:105A1000D2FB002802D1404603F084FBDFF8C81413
:105A2000D1F8430080460A2D07D2DFF8BC0490F875
:105A30004F00012803D1002E01D1002000E0404694
:105A4000BDE8F08170B584B004000D00DFF8A40457
:105A5000B5FBF0F640F2E4700090009880B2FDF7DC
:105A60007FFB00F26D1086420BD3009880B2FDF7E9
:105A700077FB301AA0F26D1006000098401C0090D1
:105A8000EBE701200190019989B2009880B2FDF7FF
:105A90009DFC86420ED301980D280BD2019989B244
:105AA000009880B2FDF792FC301A06000198401C65
:105AB0000190E8E7701C029068460EC80EC40C38CE
:105AC0000C3C7FBD3EB44FF46162B1FBF2F218238F
:105AD000B2FBF3F403FB142200924FF46162B1FBBA
:105AE000F2F302FB13123C23B2FBF3F201924FF4E8
:105AF0006162B1FBF2F302FB13123C23B2FBF3F43D
:105B000003FB142202926A4638CA38C00C3A0C3899
:105B100037BC704720304105490DB1F5FC6F04D901
:105B200010F500614005400D081ADFF8CC138842DB
:105B300002D3DFF8A8130800704720304105490D53
:105B4000B1F5FC6F04D910F500614005400D081A4D
:105B5000DFF8A413884211D3DFF8A01391F84110A5
:105B6000002908D10121DFF8802382F87A10DFF8BC
:105B70008813080002E0DFF864130800704741054D
:105B800001D1403800E02038DFF85013884202D2BB
:105B9000DFF82C1D080070470100DFF84003814248
:105BA00002D2DFF838031BE04805400D091A11F551
:105BB0000061DFF84403814211D3DFF8400390F81D
:105BC0004100002808D10120DFF81C2382F87A0068
:105BD000DFF82403010002E0DFF800030100080001
:105BE000704728304105490DB1F5FF6F04D910F514
:105BF00000614005400D081A70472DE9F843040084
:105C00000D00012600275FF000085FEA95090020DB
:105C100007005FFA89F94F4509D254F8270010F1BF
:105C2000010F02D00020060001E07F1CF1E7002EEA
:105C300001D0002017E02068002801D1022012E0E6
:105C40002800411E89B2601C06F05EFD80465FFAA6
:105C500088F87FEA080820784146C9B2884201D115
:105C6000012000E00220BDE8F283F8B500242025E1
:105C70009D49D1F83700994988420CD2FFF7BEFD03
:105C80009949C1F837009849D1F8370093498842BB
:105C900001D2002027E09449D1F8370010F5F866CA
:105CA000DFF8280C864202D3DFF8C00D060037006B
:105CB00040F6DC00844215D220213800FFF79DFF1A
:105CC000012800D1641C780504D1ADB215F1200083
:105CD0003F1A03E03800FFF752FF0700B742E7D151
:105CE000200000E02000F2BD2DE9F0418AB0040060
:105CF0000D00002701266846282106F01BFD002024
:105D00000700262F04D200206946C8557F1CF8E7FB
:105D10007549D1F837007149884216D2FFF76EFDF8
:105D20007149C1F837007049D1F837006E49C1F8A0
:105D30003F006D49D1F837006849884205D22000FC
:105D400069462622EFF7FAF949E06748D0F83F8024
:105D50006948804501D161488046F6B2002E34D0B2
:105D60006DB215F1010F04D14046FFF708FF8046E0
:105D700006E06DB2012D03D14046FFF7CBFE804611
:105D80005648804503D3DFF8440B804503D356497A
:105D9000D1F83700804620214046FFF72EFF01282A
:105DA0000BD10020060000200700202F05D218F894
:105DB00007006946C8557F1CF7E74B49D1F83F00FB
:105DC0008045CAD100200600C7E74748C0F83F8099
:105DD000CDF82080200069462622EFF7AFF90AB0FF
:105DE000BDE8F081F0B58BB000260124684628217B
:105DF00006F0A0FC00200600282E04D200206946F0
:105E00008855761CF8E738483849C0F84310E4B2A2
:105E1000002C60D03548854203D3DFF8540C85420E
:105E200003D33149D1F84300050028212800FFF7AA
:105E3000E4FE012845D100200600282E04D2A85DEA
:105E400069468855761CF8E7DFF8082DD2F8570028
:105E5000D2F85B1008AF3A687B68994231D801D319
:105E600090422ED208AA10685168DFF8E82CC2F8D8
:105E70005700C2F85B1003A80268436843EC102B7C
:105E8000DFF8D07C51EC100B0022DFF8CC3CFCF7A3
:105E90005BFF38627962DFF8BC0C0299816205A869
:105EA0000268436843EC102BDFF8A80C53EC102B6E
:105EB000C0F84A20C0F84E30DFF8980C0799C0F8B7
:105EC00052102800FFF78DFE0500094885429ED339
:105ED000002004009BE70BB0F0BD000000000208AA
:105EE00018370020A80200203C350020008003085D
:105EF00000C003088051010000200308C0350020C5
:105F0000F0B5B1B004000120DFF8501C81F8770033
:105F1000DFF8480C90F84F00002802D0022000F073
:105F2000CABC0025002605A8FDF7A4F802A8FDF7C5
:105F300065F8DFF82C0C90F86900002822D1DFF812
:105F4000140C4088B0F5DC7F02DB642005003BE0E8
:105F5000DFF8000C4088B0F58C7F10DDDFF8F40B23
:105F60004088B0F58C7001F01BF8DFF8F82BDFF8F3
:105F7000F83B00F0BDFE00F0E7FF050024E0002044
:105F8000050021E0DFF8CC0B4088B0F5D27F02DBC2
:105F90006420050018E0DFF8BC0B4088B0F58C7F6A
:105FA00010DDDFF8B00B4088B0F58C7000F0F8FF22
:105FB0005FF06632DFF8B43B00F09AFE00F0C4FFF9
:105FC000050001E000200500DFF8900B90F8360096
:105FD000002806D0DFF8840B90F83600012840F046
:105FE000D1808DF8814000208DF8800004980190C8
:105FF00003980090029B079A06990598FDF79FF970
:106000000DF182010860DFF84C0B816900EE101A77
:106010000DF18600DFED9D0A80EE200A10EE101AC9
:1060200001600DF18600016800EE101ADFED980A9C
:10603000B4EE600AF1EE10FA05DADFF8201BD1F8B1
:106040002A00800504D50DF18600DFF8241B0160CD
:10605000DFF8000B816800EE101ADFED8E0AB4EE57
:10606000600AF1EE10FA05DADFF8F01AD1F82A002A
:10607000C00505D50DF18A00DFF8F41A016009E0CA
:10608000DFF8D00A816800EE101A0DF18A0010EED8
:10609000101A0160DFF8BC0A90F843008DF88E00FA
:1060A000DFF8B00A026A436A43EC102B51EC100B84
:1060B0000122DFF8A43AFCF7EBFD05D9DFF89C1AC2
:1060C000D1F82A00400505D50DF18F00DFF8A01AA0
:1060D000016014E0DFF87C0A026A436A43EC102B8B
:1060E0000DF18F0751EC100B00F072FF00EE100A5B
:1060F000DFED660A80EE200A10EE100A3860DFF845
:10610000541A886A0DF193010860DFF8500A90F87C
:1061100030008DF8990000208DF89A008DF8975086
:10612000DFF8380A90F836008DF89800DFF8440A56
:106130000068DFF8441A096800EE101AB8EE400A49
:10614000421800EE902AF8EE600A80EE200ADFED99
:106150004F0A20EE200ABDEEC00A10EE102A8DF87C
:106160009F200DF19B02DFF8143A1B781360002288
:106170001600202E80F03A8320AA925D28AB9A5513
:10618000761CF6E7DFF8D40990F83600022840F0D4
:1061900031818DF8414000208DF840000498019035
:1061A00003980090029B079A06990598FDF7C7F897
:1061B0000DF142010860DFF89C09D0F83A1000EEBA
:1061C000101ADFEDCE0AB4EE600AF1EE10FA05DB2C
:1061D0000DF14600DFF8981901600AE0DFF8740954
:1061E000D0F83A1000EE101A0DF1460010EE101A19
:1061F0000160DFF8600990F83E008DF84E00DFF88E
:1062000080090078062836DADFF84809816800EE50
:10621000101ADFED200AB4EE600AF1EE10FA05DB89
:106220000DF14A00DFF84819016009E0DFF82409A0
:10623000816800EE101A0DF14A0010EE101A01608C
:10624000DFF8100990F843008DF85A000DF1530063
:10625000002101600DF14F0000210160DFF8F4081A
:1062600090F843008DF85F00DFF8E80890F84300ED
:106270008DF84E0098E0E4B2382C4BD1DFF8D4080A
:10628000C16800EE101ADFED030A05E00000C84205
:10629000017C92480150C349B4EE600AF1EE10FA55
:1062A00005DB0DF14A00DFF8C818016009E0DFF8EE
:1062B000A408C16800EE101A0DF14A0010EE101A81
:1062C0000160DFF8900890F83F008DF85A00DFF881
:1062D0008408016900EE101ADFEDAB0AB4EE600A23
:1062E000F1EE10FA05DB0DF14F00DFF884180160C4
:1062F00009E0DFF86008016900EE101A0DF14F00A7
:1063000010EE101A0160DFF84C0890F840008DF88C
:106310005F0049E0DFF83C08C16800EE101ADFEDCD
:106320009A0AB4EE600AF1EE10FA05DB0DF14A00AC
:10633000DFF83C18016009E0DFF81808C16800EEDA
:10634000101A0DF14A0010EE101A0160DFF804086F
:1063500090F83F008DF85A00DFF8F817086B0DF140
:1063600053010860DFF8EC07816800EE101ADFEDDA
:10637000860AB4EE600AF1EE10FA05DB0DF14F006B
:10638000DFF8EC17016009E0DFF8C807816800EE6C
:10639000101A0DF14F0010EE101A0160DFF8B4076B
:1063A00090F843008DF85F00DFF8A80700888DF8AB
:1063B0005D0000208DF85E00DFF8A00790F8300047
:1063C0008DF85900DFF8940790F836008DF85800E2
:1063D0008DF85750DFF8A4070078ADF85B00002077
:1063E0000600202E80F0028210A8805D28A9885522
:1063F000761CF6E7DFF8640790F83600032840F0D3
:106400002E818DF8214000208DF820000498019005
:1064100003980090029B079A06990598FCF78FFF56
:106420000DF122010860DFF82C07D0F83A1000EED9
:10643000101ADFED320AB4EE600AF1EE10FA05DB55
:106440000DF12600DFF8281701600AE0DFF80407E5
:10645000D0F83A1000EE101A0DF1260010EE101AC6
:106460000160DFF8F00690F83E008DF82E00DFF8AE
:1064700014070078062836DADFF8D806816800EEBF
:10648000101ADFED410AB4EE600AF1EE10FA05DBF6
:106490000DF12A00DFF8D816016009E0DFF8B40634
:1064A000816800EE101A0DF12A0010EE101A01603A
:1064B000DFF8A00690F843008DF83A000DF13300A4
:1064C000002101600DF12F0000210160DFF884063A
:1064D00090F843008DF83F00DFF8780690F843000D
:1064E0008DF82E009CE0E4B2392C4FD1DFF8640621
:1064F000016900EE101ADFED240A01E00150C347E4
:10650000B4EE600AF1EE10FA05DB0DF12A00DFF8B7
:106510006016016009E0DFF83C06016900EE101A20
:106520000DF12A0010EE101A0160DFF8280690F82D
:1065300040008DF83A00DFF81C06416900EE101AA1
:10654000DFED110AB4EE600AF1EE10FA05DB0DF191
:106550002F00DFF81C16016009E0DFF8F80541693B
:1065600000EE101A0DF12F0010EE101A0160DFF886
:10657000E40590F841008DF83F00DFF8D815486B2E
:106580000DF1330108604BE00150C349DFF8C40549
:10659000016900EE101ADFEDC90AB4EE600AF1EEEF
:1065A00010FA05DB0DF12A00DFF8C415016009E0DF
:1065B000DFF8A005016900EE101A0DF12A0010EEB7
:1065C000101A0160DFF88C0590F840008DF83A0051
:1065D000DFF88005816800EE101ADFEDB80AB4EE2E
:1065E000600AF1EE10FA05DB0DF12F00DFF88015DF
:1065F000016009E0DFF85C05816800EE101A0DF11A
:106600002F0010EE101A0160DFF8480590F84300E3
:106610008DF83F00DFF83C15486B0DF13301086041
:10662000DFF8380590F830008DF83900DFF82C05D8
:1066300090F836008DF838008DF837500DF13B009A
:10664000DFF838150978016000200600202E80F060
:10665000CD8008A8805D28A98855761CF6E78DF8BE
:10666000614000208DF8600004980190039800902C
:10667000029B079A06990598FCF761FE0DF16201ED
:106680000860DFF8D004816900EE101A0DF1660091
:10669000DFED8C0A80EE200A10EE101A01600DF179
:1066A0006600016800EE101ADFED870AB4EE600A9A
:1066B000F1EE10FA05DADFF8A414D1F82A0080050B
:1066C00004D50DF16600DFF8A8140160DFF884043A
:1066D000816800EE101ADFED790AB4EE600AF1EE7F
:1066E00010FA05DB0DF16A00DFF88414016009E09F
:1066F000DFF86004816800EE101A0DF16A0010EEF8
:10670000101A0160DFF84C0490F843008DF86E0019
:10671000DFF84004026A436A43EC102B0DF16F0767
:1067200051EC100B00F054FC00EE100ADFED650A8E
:1067300080EE200A10EE100A38600DF16F0001683B
:1067400000EE101ADFEDBA0AB4EE600AF1EE10FAAC
:1067500005DADFF80814D1F82A00400504D50DF158
:106760006F00DFF80C140160DFF8E813886A0DF1A0
:1067700073010860DFF8E40390F830008DF87900C9
:1067800000208DF87A008DF87750DFF8D00390F86C
:1067900036008DF87800DFF8DC030068DFF8D813E6
:1067A000096800EE101AB8EE400A421800EE902A6E
:1067B000F8EE600A80EE200ADFED420A20EE200AA1
:1067C000BDEEC00A10EE102A8DF87F200DF17B027D
:1067D000DFF8A8331B78136000221600202E05D2A4
:1067E00018AA925D28AB9A55761CF7E7DFF86C1370
:1067F000D1F83700DFF89013884205D2FEF7FEFF8C
:10680000DFF85813C1F83700DFF85013D1F83B0018
:10681000DFF87413884204D2FFF719F8CF49C1F8A2
:106820003B00CE49D1F83B002021FFF7E6F90028D4
:1068300004D0FFF70CF8C949C1F83B00C84890F8EC
:106840004100012804D0C54890F87A00002813D1EF
:106850001F210DF1A10005F057FF8DF8A0009DF854
:10686000A000C0438DF8A000BC48D0F83B10202207
:1068700028A802F033FE19E0B84890F87A00012801
:1068800014D1B64890F82E0040070FD40120B34928
:1068900081F86000B14890F82E0050F00400AF4934
:1068A00081F82E000020AD4981F828000020AB4976
:1068B00081F87700012031B0F0BD00000150C349DC
:1068C000C01F03080000C842017C92480120030851
:1068D00070B59CB004000120A04981F87700002524
:1068E00005A8FCF7C7FB02A8FCF788FB8DF8214040
:1068F00000208DF82000BDF82200401CADF82200D9
:106900000498019003980090029B079A06990598B5
:10691000FCF715FD09908F48026A436A43EC102B7F
:106920000BAE51EC100B00228B4B00F0E1F900F0A4
:106930004FFB00F035F9306071608649886A0A9033
:106940008448D0F84A20D0F84E3043EC102B0DA8E4
:1069500053EC102B026043607E49D1F852000F9037
:106960007C4AD2F85700D2F85B1010AA1060516030
:1069700000200500282D05D208A8405D12A9485521
:106980006D1CF7E77549D1F843008049884204D26D
:10699000FEF7F4FF7149C1F843007049D1F8470090
:1069A0007A49884204D2FFF70AF86C49C1F84700D7
:1069B0006A49D1F847002821FFF71FF9002804D0C1
:1069C000FEF7FDFF6549C1F8470027210DF1490099
:1069D00005F09AFE8DF848009DF84800C0438DF8F8
:1069E00048005E48D0F84710282212A802F076FD31
:1069F00000205A4981F8770001201CB070BD80B595
:106A00005649D1F837006049884204D2FEF7F6FEB5
:106A10005249C1F837005149D1F83B005A498842E0
:106A200004D2FEF714FF4D49C1F83B0001BD000040
:106A300021BCBE4C70B504004FF40060524900FB0D
:106A400004150026524885420ED2002006003F2E33
:106A50000AD2286810F1010F03D0280002F062FB6F
:106A600002E02035761CF2E770BD0000C007020886
:106A700001C0030810B58CB00024242C04D22000DF
:106A8000FFF7D8FF641CF8E70020344981F8600064
:106A900032483D49C0F8371030483B49C0F83B10F8
:106AA00000202E4981F87A0001203A4908603948CF
:106AB00000683949086037480068401C354908605B
:106AC00000203549A1F8090000203349C86005A815
:106AD000FCF7D0FA02A8FCF791FA04980190039809
:106AE0000090029B079A06990598FCF728FC2A4912
:106AF00048600020C0B2102807DA2749C0B2095CFC
:106B000008AAC0B21154401CF4E70B2108A805F0F4
:106B1000FBFD8DF82B009DF82B00C0438DF82B005A
:106B20001E480400210008A802F0EAFC0B49086D89
:106B30000A4950F400200865084890F82E0010F02B
:106B4000FB00064981F82E000020044981F862000C
:106B50000CB010BDDC02002084D797413C350020EA
:106B6000C03500209A9999999999F93F6666F63F40
:106B7000000080BFF4370020F0370020A638002046
:106B8000A8380020AD38002000000208008003086B
:106B900000200308A802002018370020E0070208A0
:106BA0005FF0FF0C1CEAD05114BF614506E0C11034
:106BB000400721F0E04101F16051704779B900F0E0
:106BC000004100020AD0B0FA80FC00FA0CF001F19A
:106BD0006051A1EB0C5101EBD021400570474102FF
:106BE0000CBF40F4E0016FF000010020704700008E
:106BF00051EC100B10B500F003F841EC100B10BD78
:106C000040F2FF7C0B0D4DD0634566D230B421EAD3
:106C1000035141F4801103F2FD3C5FEA5C0C01D3A7
:106C200000184941890041EA907180004FF44014F6
:106C30000023E202D50AB1F5100107D46D081DD278
:106C4000091B641900184941491BF7D56D080AD280
:106C50000919641B00184941491BEFD56D08F7D38A
:106C600001E0520817D0C01861419B1AAC410018CE
:106C70004941801AA941F4D452080AD0C01AA1414E
:106C80009B186C4100184941801AA941E9D4520867
:106C9000F4D15B1C6C4161084FEA330001EB0C51ED
:106CA00030BC704750EA0103FBD030B4B1FA81F335
:106CB00011B9B0FA80F41B190B3BB3F120042FBFBC
:106CC00000FA04F19940C3F1200420FA04F438BF1B
:106CD00021439840D3F101039DE76345E1D011F5CD
:106CE000801FDED850EA4101DBD0D94305F026BD34
:106CF0002DE9F04140F2FF7581EA030C0CF0004CE5
:106D000015EA11541DBF15EA1357AC42AF42E9E032
:106D1000BC41C1F31301C3F31303801A994143F437
:106D2000801304D2641E4000494180185941C902B1
:106D300041EA5051B1FBF3F603FB1611A2FB0675B5
:106D4000D7EBC020A94102D2761E80185941C90252
:106D500041EA5051B1FBF3FE03FB1E11A2FB0E757D
:106D6000D7EBC020A94103D2AEF1010E80185941E2
:106D7000890241EA9051760546EA8E2EB1FBF3F680
:106D800003FB1611A2FB0675D7EB8020A94102D2A6
:106D9000761E80185941C90241EA50514EEA060E4A
:106DA000B1FBF3F603FB1611A2FB0675D7EBC0206F
:106DB000A94102D2761E80185941C90241EA5051B8
:106DC000B1FBF3F703FB1711A2FB0735D3EBC02090
:106DD000A94167F100070CBF004247F0010766F3C5
:106DE000D5274FEA1E31B80814F5806414DDBD07BD
:106DF00075F1004250EB0E5051EB045111F5801F1C
:106E00005CBF41EA0C01BDE8F0814CF07F6141F0CC
:106E1000E0410020BDE8F081BD076D0840EA0E505A
:106E200041F48011D4F10104B4F120060ADAC4F16E
:106E300020060200E04001FA06F3E1401843B240A8
:106E400015430EE0342C14DCC6F1200445EA40055D
:106E50006D0820FA06F2154321FA06F0A1400D4311
:106E6000002175F1004250F1000051EB0C01BDE82A
:106E7000F08100205FEA0C01BDE8F081CFB99218E3
:106E80005B41B3FA83F704BFB2FA82F6BF190B3F36
:106E9000B7F120062FBF02FA06F3BB40C7F1200668
:106EA00022FA06F638BF3343BA401CB1E419641E17
:106EB0002FE77F4231F00041B1FA81F404BFB0FA0C
:106EC00080F6A4190B3CB4F120062FBF00FA06F19E
:106ED000A140C4F1200620FA06F638BF3143A04095
:106EE0003C1B16E7AC421ABF05EA1357AF4214E049
:106EF00050EA41061CBF52EA4306BFE750EA410789
:106F0000304661461CBF41EA0551BDE8F08152EAB6
:106F1000430C08BFC143BDE8F08100204FF40016C8
:106F200016EB410F98BF16EB430F08BF16EB410F4E
:106F300024BFC14305E016EB430F0CBF61464CEA8A
:106F40000551BDE8F0810000F446400D40EAC12043
:106F5000490006D200F014F8004248BF6FF000402C
:106F6000604700F00DF84FF0004188428CBF0846A2
:106F700040426047400D40EAC120490080F00D804A
:106F800040F00040490DA1F58061491C05D4D1F1C4
:106F90001F0154BFC840C01770474FF00000704732
:106FA000010040F10980F446404200F005F851F03C
:106FB00000416047010000BF09D0B0FA80F188406D
:106FC000C91CC1F58461090501EBD021400570475A
:106FD0004FEAF17CBCF1E04C2CBFBCF5001F11E086
:106FE0005FEA4C0C34BFBCF17F5F2EE05FEA9C0C83
:106FF0004FEA0C1C4FEA3C0CC10071F100414CEB14
:1070000050707047C90241EA5051C00218BF41F0A8
:10701000010141F000414FEA6C50C0F10900212804
:1070200010D240EACC7CCCF1200C11FA0CF070F1BB
:107030000040CCF1200C21FA0CF00CF0004C40EB9D
:107040000C0070474FEACC707047490011F5001FE3
:1070500004D84FEACC10FF30C0057047C8177047FE
:1070600070B52DED028B82B09FEDD38A00240025F0
:107070000026ECF7D0F8EDF738FFDFF8B40D90F804
:107080003E00002805D1DFF8BC0BDFF8A81D8860A2
:107090000AE0DFF8A40D90F86600012804D1DFF8BB
:1070A0009C0DDFF8901D8860ECF7FAFADFF8800D90
:1070B000C16800EE101AB0EE408ADFF8740D90F847
:1070C0003700012803D19FEDBD0A28EE008A9FED0D
:1070D000BC0AB4EE408AF1EE10FA7CDB9FEDB90AEF
:1070E000B4EE408AF1EE10FA75D5012004009FED50
:1070F000B60AB4EE408AF1EE10FA21D5002006005F
:10710000B2EE040A88EE000ABCEEC00A10EE100AC5
:1071100005006420B5FBF0F08DF800000A20B5FBF7
:10712000F0F00A21B0FBF1F201FB12008DF8010032
:107130000A20B5FBF0F100FB11508DF80200D5E0FC
:107140009FEDA00AB4EE408AF1EE10FA21D501209D
:1071500006009FED9B0A88EE000ABCEEC00A10EE06
:10716000100A05006420B5FBF0F08DF800000A203D
:10717000B5FBF0F00A21B0FBF1F201FB12008DF833
:1071800001000A20B5FBF0F100FB11508DF8020060
:10719000ACE0022006009FED8D0A88EE000ABCEEEE
:1071A000C00A10EE100A05006420B5FBF0F08DF85F
:1071B00000000A20B5FBF0F00A21B0FBF1F201FB60
:1071C00012008DF801000A20B5FBF0F100FB115010
:1071D0008DF802008AE09FED7B0AB4EE408AF1EE62
:1071E00010FA4DDB022004009FED770A88EE000ABA
:1071F000BCEEC00A10EE100A0500B5F57A7F21D367
:10720000012006004FF47A70B5FBF0F00A21B0FBC4
:10721000F1F201FB12008DF800006420B5FBF0F0E4
:107220000A21B0FBF1F201FB12008DF801000A20E7
:10723000B5FBF0F00A21B0FBF1F201FB12008DF872
:10724000020053E0002006006420B5FBF0F00A21A4
:10725000B0FBF1F201FB12008DF800000A20B5FB33
:10726000F0F00A21B0FBF1F201FB12008DF80100F1
:107270000A20B5FBF0F100FB11508DF8020035E05B
:1072800000200400B7EE000AB4EE408AF1EE10FAD6
:107290000BDBB2EE040A28EE000ABCEEC00A10EEC8
:1072A000100A0500012006000AE09FED450A28EEBD
:1072B000000ABCEEC00A10EE100A0500002006000D
:1072C0006420B5FBF0F08DF800000A20B5FBF0F06B
:1072D0000A21B0FBF1F201FB12008DF801000A2037
:1072E000B5FBF0F100FB11508DF8020014F0030023
:1072F000DFF8401B8862DFF83C0B806A4000DFF853
:10730000341B8862F6B2002E01D0012000E000207C
:10731000DFF8201B896A4018DFF8181B8862DFF845
:10732000140B806A4000DFF80C1B8862DFF8040B46
:10733000806A0001DFF8FC1A8862DFF8F80A806AC8
:107340009DF8001050FA81F0DFF8E81A8862DFF843
:10735000E40A806A0001DFF8DC1A8862DFF8D40AE8
:10736000806A9DF8011050FA81F0DFF8C81A88622F
:10737000DFF8C00A806A0001DFF8B81A8862DFF817
:10738000B40A806A9DF8021050FA81F0DFF8A41A5E
:107390008862DFF8A00A806ADFF8981A896A50EAE2
:1073A0000140DFF8901A88620121002000F010F8F7
:1073B00002B0BDEC028B70BD000000000000704206
:1073C0000000C8420050C34700401C4600007A44F9
:1073D0002DE9F04782B004000D0000265FF000099F
:1073E000DFF8500A806AC0F381300600DFF8440AF3
:1073F000806A400B10F001008146DFF8380A806A8D
:10740000000A10F00F008DF80000DFF8280A806AEB
:10741000C0F303108DF80100DFF8180A90F8280077
:1074200010F00F008DF802009DF800000A2802DB22
:1074300009208DF800009DF801000A2802DB0920D0
:107440008DF801009DF802000A2802DB09208DF862
:1074500002002C20DFF8801B0870022080460C20E0
:107460000700012C13D118239DF800204146C9B212
:107470003800C0B2EEF78AF9DFF85C0B027817F13A
:107480001001C9B23800C0B2EFF7C8FA14E0002DFD
:1074900012D0DFF8440B027817F11001C9B238009E
:1074A000C0B2EFF7F5FA18239DF800204146C9B2A3
:1074B0003800C0B2EEF76AF95FFA89F9B9F1000F46
:1074C00057D11437022C12D118230A224146C9B2CF
:1074D0003800C0B2EEF75AF9DFF8FC0A027817F16B
:1074E0000801C9B2381FC0B2EFF798FA13E0002DB7
:1074F00011D0DFF8E40A027817F10801C9B2381F89
:10750000C0B2EFF7C5FA18230A224146C9B23800C3
:10751000C0B2EEF73BF90A37032C13D118239DF8BC
:1075200001204146C9B23800C0B2EEF72FF9DFF8AA
:10753000A80A027817F11001C9B23800C0B2EFF7FB
:107540006DFA14E0002D12D0DFF88C0A027817F1E2
:107550001201C9B23800C0B2EFF79AFA18239DF8A9
:1075600001204146C9B23800C0B2EEF70FF90A3720
:1075700065E01437022C1BD118230B224146C9B2F7
:10758000381DC0B2EEF702F918239DF801204146DC
:10759000C9B23800C0B2EEF7F9F8DFF83C0A027859
:1075A00017F11001C9B23800C0B2EFF737FA1CE08A
:1075B000002D1AD0DFF8200A027817F11001C9B2A5
:1075C000381FC0B2EFF764FA18230B224146C9B244
:1075D000381DC0B2EEF7DAF818239DF801204146B5
:1075E000C9B23800C0B2EEF7D1F81437032C12D16B
:1075F00018230A224146C9B23800C0B2EEF7C6F8D5
:10760000DFF8D409027817F10801C9B2381FC0B2F7
:10761000EFF704FA13E0002D11D0DFF8BC0902786F
:1076200017F10A01C9B2381FC0B2EFF731FA1823B7
:107630000A224146C9B23800C0B2EEF7A7F80A37AD
:10764000042C13D118239DF802204146C9B23800FA
:10765000C0B2EEF79BF8DFF88009027817F110014D
:10766000C9B23800C0B2EFF7D9F914E0002D12D03A
:10767000DFF86409027817F11001C9B23800C0B20E
:10768000EFF706FA18239DF802204146C9B23800E8
:10769000C0B2EEF77BF803208046052C14D15A20A7
:1076A00007005FF0000A5FFA8AFABAF1060F0BDAF8
:1076B000002320224146C9B23800C0B2EEF75FFA7B
:1076C00008371AF1010AEEE757200700022080462A
:1076D0005FF0000A5FFA8AFABAF1060F0BDA0023AC
:1076E00020224146C9B23800C0B2EEF748FA083746
:1076F0001AF1010AEEE757200700DFF8340790F887
:107700003D00002871D154200700022E09D17FF0DE
:1077100001034D224146C9B23800C0B2EEF72FFA3C
:1077200014E0012E09D17FF001034B224146C9B27A
:107730003800C0B2EEF723FA08E07FF00103202200
:107740004146C9B23800C0B2EEF719FA622007000C
:10775000042370224146C9B23800C0B2EEF70FFAD6
:107760000837042370224146C9B23800C0B2EEF790
:1077700006FA0837DFF8B80690F83700012808D174
:1077800004236D224146C9B23800C0B2EEF7F7F9C2
:1077900007E0042373224146C9B23800C0B2EEF7B5
:1077A000EEF918227E216020EFF7FEF818F10108AB
:1077B00064200700002363224146C9B23800C0B2EA
:1077C000EEF726FB083700236D224146C9B2380088
:1077D000C0B2EEF71DFB0B37002323224146C9B28E
:1077E0003800C0B2EEF714FBC0E0022E09D104232A
:1077F000CC224146C9B23800C0B2EEF7C0F9083712
:1078000028E0012E11D1002320224146C9B23800C0
:10781000C0B2EEF7B4F90423CA224146C9B2380017
:10782000C0B2EEF7ACF9FF1D14E05FF0000A5FFA9A
:107830008AFABAF1060F0BDA002320224146C9B2B8
:107840003800C0B2EEF79BF908371AF1010AEEE7EB
:10785000572007000423F7224146C9B23800C0B2BE
:10786000EEF78DF908370423E0224146C9B238000B
:10787000C0B2EEF784F908370423F1224146C9B2B9
:107880003800C0B2EEF77BF9FF1D0423F222414617
:10789000C9B23800C0B2EEF772F9182280214F2029
:1078A000EFF782F818F10108502007000023F122B9
:1078B0004146C9B23800C0B2EEF7AAFAFF1D002354
:1078C000EC224146C9B23800C0B2EEF7A1FA08373F
:1078D000002323224146C9B23800C0B2EEF798FA1D
:1078E0007F1D02232E224146C9B23800C0B2EEF7F6
:1078F0008FFADFF83C0590F8370001281BD13F1DB7
:107900000023EC224146C9B23800C0B2EEF780FA3B
:1079100008370023E8224146C9B23800C0B2EEF76A
:1079200077FA08370023ED224146C9B23800C0B2C9
:10793000EEF76EFA1AE03F1D0023F1224146C9B26C
:107940003800C0B2EEF764FA08370023E52241465A
:10795000C9B23800C0B2EEF75BFA08370023EA225A
:107960004146C9B23800C0B2EEF752FA54200700BF
:10797000052C0AD1DFF86006027817F12601C9B29A
:107980003800C0B2EFF74AF80BE0002D09D0DFF85D
:107990004806027817F12601C9B23800C0B2EFF7E5
:1079A00077F8BDE8F38780B5DFF8840490F83E00EF
:1079B00001282CD1DFF8800490F86600002826D139
:1079C000DFF84006008A00280AD1DFF83C06DFF81D
:1079D000341688600120DFF82C160873EBF760FE80
:1079E000DFF82006008A052807DADFF81806008A83
:1079F000401CDFF81016088203E00120DFF80416AF
:107A000008820121DFF8FC05008AFFF7E1FC01BDD7
:107A100038B50024DFF8EC05008A01280AD0C0F050
:107A2000E880032864D028D3052800F0BF80C0F088
:107A30009A80DEE0DFF8CC05806AC0F30320050001
:107A4000092D01D26D1C01E000200500DFF8B4050E
:107A5000806A30F47060DFF8AC158862DFF8A40546
:107A6000806A50EA0520DFF89C1588620021DFF863
:107A70009405008AFFF7ACFCBCE0DFF88805806A5B
:107A8000800412D4DFF87C05806A50F40050DFF8DF
:107A9000741588620320DFF86C1508820121DFF875
:107AA0006405008AFFF794FC21E0DFF85805806A3E
:107AB000C0F303100500092D01D26D1C01E0002068
:107AC0000500DFF84005806A30F0F000DFF834157B
:107AD0008862DFF83005806A50EA0510DFF8241567
:107AE00088620021DFF81C05008AFFF771FC81E045
:107AF000DFF81005806A800412D5DFF80805806A77
:107B000030F40050DFF8FC1488620220DFF8F4142F
:107B100008820121DFF8EC04008AFFF759FC21E01C
:107B2000DFF8E004806AC0F303100500092D01D2DC
:107B30006D1C01E000200500DFF8C804806A30F009
:107B4000F000DFF8C0148862DFF8B804806A50EAF9
:107B50000510DFF8B01488620021DFF8A804008A5D
:107B6000FFF736FC46E0DFF89C0490F8280010F0A0
:107B70000F000500092D01D26D1C01E00020050059
:107B8000DFF88004806A00090001DFF87814886259
:107B9000DFF87004806A2843DFF8681488620021E7
:107BA000DFF86004008AFFF713FC23E0DFF85404D9
:107BB000806AC0F381300400022C01D2641C01E011
:107BC00000200400DFF83C04806A30F44040DFF815
:107BD00034148862DFF82C04806A50EA8430DFF8BD
:107BE000241488620021DFF81C04008AFFF7F0FBF0
:107BF00000E026E0DFF80C04806A000CDFF80414D3
:107C0000896A89B288420ED0DFF8F8034068DFF84D
:107C1000FC13884215D0DFF8F403DFF8E81348605E
:107C2000EBF73EFD0DE0DFF8DC034068DFF8DC1326
:107C3000884206D1DFF8D803DFF8C8134860EBF7B5
:107C40002FFD31BD58EE0A0838B50024DFF8B40323
:107C5000008A01280AD0C0F0CC8003285FD028D346
:107C6000052800F0A980C0F08A80C2E0DFF8940304
:107C7000806AC0F303200500002D01D06D1E01E0D5
:107C800009200500DFF87C03806A30F47060DFF8BB
:107C900074138862DFF86C03806A50EA0520DFF80D
:107CA000641388620021DFF85C03008AFFF790FB11
:107CB000A0E0DFF85003806A800412D4DFF84403A8
:107CC000806A50F40050DFF83C1388620320DFF82C
:107CD000341308820121DFF82C03008AFFF778FBB8
:107CE0001CE0DFF82003806AC0F303100500002DBC
:107CF00001D06D1E01E009200500C248806A30F005
:107D0000F000C0498862BF48806A50EA0510BD494A
:107D100088620021BB48008AFFF75AFB6AE0B94835
:107D2000806A80040ED5B748806A30F40050B549A7
:107D300088620220B34908820121B248008AFFF715
:107D400047FB1BE0AF48806AC0F303100500002D1D
:107D500001D06D1E01E009200500AA48806A30F0BC
:107D6000F000A8498862A748806A50EA0510A54932
:107D700088620021A348008AFFF72AFB3AE0A14865
:107D800090F8280010F00F000500002D01D06D1EA6
:107D900001E0092005009B48806A0009000199491B
:107DA00088629848806A28439649886200219548ED
:107DB000008AFFF70DFB1DE09248806AC0F3813016
:107DC0000400002C01D0641E01E0022004008D4854
:107DD000806A30F440408B4988628A48806A50EA61
:107DE00084308849886200218648008AFFF7F0FACB
:107DF00000E01CE08348806A000C8249896A89B2ED
:107E000088420AD07F484068804988420FD07F4826
:107E10007C494860EBF744FC09E07A4840687B49BC
:107E2000884204D17A4877494860EBF739FC31BD84
:107E3000C0350020D02800203C350020C4EE0A08C0
:107E400010B52DED028B6F48008A002800F0AA8043
:107E5000704890F86600002840F0A48000246E4826
:107E6000C16808EE101A0020664908826548806AD9
:107E7000C0F3813004006348806AC0F3032000EE41
:107E8000100AF8EE408AB2EE040A68EE808A5D4875
:107E9000806AC0F3031000EE100AB8EE400A70EEDC
:107EA000288AB2EE040A68EE808A564890F82800C4
:107EB00010F00F0000EE100AB8EE400A70EE288AAB
:107EC000012C04D19FED430A68EE808A05E0022C64
:107ED00003D19FED420A68EE808A4A48806A800496
:107EE00004D5B2EE040AC8EE808A03E09FED3C0A96
:107EF000C8EE808A9FED3B0A78EE808A464890F86B
:107F0000370001281BD19FED380AF4EE408AF1EECC
:107F100010FA04DB9FED350AF0EE408A0AE0B0EE7D
:107F2000000AF4EE408AF1EE10FA03D5B0EE000A32
:107F3000F0EE408A9FED2E0AC8EE808A16E09FED93
:107F40002D0AF4EE408AF1EE10FA04DB9FED2A0AC6
:107F5000F0EE408A0AE09FED290AF4EE408AF1EE45
:107F600010FA03D59FED260AF0EE408AF0EE680A7B
:107F7000B0EE480AF6F750FA002805D1264818EE68
:107F8000901AC160F6F76EF921481E4948602348EF
:107F90001C49886000201B490873EBF781FBFFF741
:107FA0005FF813E000201E49087116481D492C2275
:107FB000EDF7D4F8EBF72FF9EBF772FBECF7B3FF23
:107FC000174880790F490882E8F70CFEBDEC028B58
:107FD00010BD000000007A44D4020020002474493F
:107FE0000000C84217B7D1380150C3470050C347FB
:107FF000000070425655D0445555D0440BD7233D10
:108000000AD7233DD0280020B8EB0A0890EC0A08D4
:10801000C4EB0A083C350020C0350020D0EB0A082C
:10802000DC02002058D70A0870B52DED028B82B013
:108030009FEDD38A002400250026EBF7ECF8ECF73F
:1080400054FFDFF8B40D90F83E00002805D1DFF8AA
:10805000BC0BDFF8A81D88600AE0DFF8A40D90F8DB
:108060006600012804D1DFF89C0DDFF8901D8860C0
:10807000EBF716FBDFF8800D016900EE101AB0EE89
:10808000408ADFF8740D90F83800012803D19FED85
:10809000BD0A28EE008A9FEDBC0AB4EE408AF1EEDC
:1080A00010FA7CDB9FEDB90AB4EE408AF1EE10FACB
:1080B00075D5012004009FEDB60AB4EE408AF1EEBA
:1080C00010FA21D500200600B2EE040A88EE000A5C
:1080D000BCEEC00A10EE100A05006420B5FBF0F0FB
:1080E0008DF800000A20B5FBF0F00A21B0FBF1F298
:1080F00001FB12008DF801000A20B5FBF0F100FB36
:1081000011508DF80200D5E09FEDA00AB4EE408A30
:10811000F1EE10FA21D5012006009FED9B0A88EEB2
:10812000000ABCEEC00A10EE100A05006420B5FB80
:10813000F0F08DF800000A20B5FBF0F00A21B0FB4A
:10814000F1F201FB12008DF801000A20B5FBF0F1FD
:1081500000FB11508DF80200ACE0022006009FEDFC
:108160008D0A88EE000ABCEEC00A10EE100A050067
:108170006420B5FBF0F08DF800000A20B5FBF0F0AC
:108180000A21B0FBF1F201FB12008DF801000A2078
:10819000B5FBF0F100FB11508DF802008AE09FED75
:1081A0007B0AB4EE408AF1EE10FA4DDB02200400A7
:1081B0009FED770A88EE000ABCEEC00A10EE100AA6
:1081C0000500B5F57A7F21D3012006004FF47A70BF
:1081D000B5FBF0F00A21B0FBF1F201FB12008DF8C3
:1081E00000006420B5FBF0F00A21B0FBF1F201FBC6
:1081F00012008DF801000A20B5FBF0F00A21B0FB57
:10820000F1F201FB12008DF8020053E0002006009D
:108210006420B5FBF0F00A21B0FBF1F201FB120083
:108220008DF800000A20B5FBF0F00A21B0FBF1F256
:1082300001FB12008DF801000A20B5FBF0F100FBF4
:1082400011508DF8020035E000200400B7EE000A5E
:10825000B4EE408AF1EE10FA0BDBB2EE040A28EE1F
:10826000000ABCEEC00A10EE100A0500012006004C
:108270000AE09FED450A28EE000ABCEEC00A10EEA7
:10828000100A0500002006006420B5FBF0F08DF810
:1082900000000A20B5FBF0F00A21B0FBF1F201FB6F
:1082A00012008DF801000A20B5FBF0F100FB11501F
:1082B0008DF8020014F00300DFF8401B8862DFF83D
:1082C0003C0B806A4000DFF8341B8862F6B2002E57
:1082D00001D0012000E00020DFF8201B896A40184F
:1082E000DFF8181B8862DFF8140B806A4000DFF8A3
:1082F0000C1B8862DFF8040B806A0001DFF8FC1AAF
:108300008862DFF8F80A806A9DF8001050FA81F060
:10831000DFF8E81A8862DFF8E40A806A0001DFF813
:10832000DC1A8862DFF8D40A806A9DF8011050FADE
:1083300081F0DFF8C81A8862DFF8C00A806A00019D
:10834000DFF8B81A8862DFF8B40A806A9DF8021074
:1083500050FA81F0DFF8A41A8862DFF8A00A806A78
:10836000DFF8981A896A50EA0140DFF8901A8862AB
:108370000121002000F010F802B0BDEC028B70BDAE
:1083800000000000000070420000C8420050C347D7
:1083900000401C4600007A442DE9F04782B00400FA
:1083A0000D0000265FF00009DFF8500A806AC0F374
:1083B00081300600DFF8440A806A400B10F00100AB
:1083C0008146DFF8380A806A000A10F00F008DF845
:1083D0000000DFF8280A806AC0F303108DF801005E
:1083E000DFF8180A90F8280010F00F008DF802004E
:1083F0009DF800000A2802DB09208DF800009DF896
:1084000001000A2802DB09208DF801009DF8020016
:108410000A2802DB09208DF802002C20DFF8801BDF
:108420000870022080460C200700012C13D118236D
:108430009DF800204146C9B23800C0B2EDF7A6F958
:10844000DFF85C0B027817F11001C9B23800C0B236
:10845000EEF7E4FA14E0002D12D0DFF8440B0278B6
:1084600017F11001C9B23800C0B2EEF711FB1823A2
:108470009DF800204146C9B23800C0B2EDF786F938
:108480005FFA89F9B9F1000F57D11437022C12D1D4
:1084900018230A224146C9B23800C0B2EDF776F976
:1084A000DFF8FC0A027817F10801C9B2381FC0B220
:1084B000EEF7B4FA13E0002D11D0DFF8E40A0278E9
:1084C00017F10801C9B2381FC0B2EEF7E1FA18235C
:1084D0000A224146C9B23800C0B2EDF757F90A374F
:1084E000032C13D118239DF801204146C9B238004E
:1084F000C0B2EDF74BF9DFF8A80A027817F11001C6
:10850000C9B23800C0B2EEF789FA14E0002D12D0DB
:10851000DFF88C0A027817F11201C9B23800C0B234
:10852000EEF7B6FA18239DF801204146C9B238008B
:10853000C0B2EDF72BF90A3765E01437022C1BD1D6
:1085400018230B224146C9B2381DC0B2EDF71EF9FF
:1085500018239DF801204146C9B23800C0B2EDF79A
:1085600015F9DFF83C0A027817F11001C9B238009A
:10857000C0B2EEF753FA1CE0002D1AD0DFF8200A43
:10858000027817F11001C9B2381FC0B2EEF780FAB5
:1085900018230B224146C9B2381DC0B2EDF7F6F8D8
:1085A00018239DF801204146C9B23800C0B2EDF74A
:1085B000EDF81437032C12D118230A224146C9B210
:1085C0003800C0B2EDF7E2F8DFF8D409027817F10D
:1085D0000801C9B2381FC0B2EEF720FA13E0002D2F
:1085E00011D0DFF8BC09027817F10A01C9B2381FAF
:1085F000C0B2EEF74DFA18230A224146C9B238003C
:10860000C0B2EDF7C3F80A37042C13D118239DF834
:1086100002204146C9B23800C0B2EDF7B7F8DFF822
:108620008009027817F11001C9B23800C0B2EEF724
:10863000F5F914E0002D12D0DFF86409027817F183
:108640001001C9B23800C0B2EEF722FA18239DF823
:1086500002204146C9B23800C0B2EDF797F80320B6
:108660008046052C14D15A2007005FF0000A5FFAFB
:108670008AFABAF1060F0BDA002320224146C9B26A
:108680003800C0B2EDF77BFA08371AF1010AEEE7BD
:1086900057200700022080465FF0000A5FFA8AFA3E
:1086A000BAF1060F0BDA002320224146C9B2380086
:1086B000C0B2EDF764FA08371AF1010AEEE7572065
:1086C0000700DFF8340790F83D00002871D15420EE
:1086D0000700022E09D17FF001034D224146C9B2A5
:1086E0003800C0B2EDF74BFA14E0012E09D17FF04B
:1086F00001034B224146C9B23800C0B2EDF73FFA40
:1087000008E07FF0010320224146C9B23800C0B220
:10871000EDF735FA62200700042370224146C9B202
:108720003800C0B2EDF72BFA083704237022414617
:10873000C9B23800C0B2EDF722FA0837DFF8B80640
:1087400090F83800012808D104236D224146C9B2AF
:108750003800C0B2EDF713FA07E004237322414654
:10876000C9B23800C0B2EDF70AFA18227E216020A3
:10877000EEF71AF918F101086420070000236322BC
:108780004146C9B23800C0B2EDF742FB08370023BA
:108790006D224146C9B23800C0B2EDF739FB0B3744
:1087A000002323224146C9B23800C0B2EDF730FBA6
:1087B000C0E0022E09D10423CC224146C9B23800C0
:1087C000C0B2EDF7DCF9083728E0012E11D1002303
:1087D00020224146C9B23800C0B2EDF7D0F90423D7
:1087E000CA224146C9B23800C0B2EDF7C8F9FF1D30
:1087F00014E05FF0000A5FFA8AFABAF1060F0BDAAA
:10880000002320224146C9B23800C0B2EDF7B7F9C3
:1088100008371AF1010AEEE7572007000423F72270
:108820004146C9B23800C0B2EDF7A9F908370423B0
:10883000E0224146C9B23800C0B2EDF7A0F90837CE
:108840000423F1224146C9B23800C0B2EDF797F9CE
:10885000FF1D0423F2224146C9B23800C0B2EDF731
:108860008EF9182280214F20EEF79EF818F10108AA
:10887000502007000023F1224146C9B23800C0B29F
:10888000EDF7C6FAFF1D0023EC224146C9B23800BD
:10889000C0B2EDF7BDFA0837002323224146C9B222
:1088A0003800C0B2EDF7B4FA7F1D02232E224146F4
:1088B000C9B23800C0B2EDF7ABFADFF83C0590F86A
:1088C000380001281BD13F1D0023EC224146C9B2CC
:1088D0003800C0B2EDF79CFA08370023E822414681
:1088E000C9B23800C0B2EDF793FA08370023ED2281
:1088F0004146C9B23800C0B2EDF78AFA1AE03F1D0E
:108900000023F1224146C9B23800C0B2EDF780FA27
:1089100008370023E5224146C9B23800C0B2EDF75E
:1089200077FA08370023EA224146C9B23800C0B2BC
:10893000EDF76EFA54200700052C0AD1DFF8600627
:10894000027817F12601C9B23800C0B2EEF766F816
:108950000BE0002D09D0DFF84806027817F1260158
:10896000C9B23800C0B2EEF793F8BDE8F38780B51E
:10897000DFF8840490F83E0001282CD1DFF8800451
:1089800090F86600002826D1DFF83C06008A00280F
:108990000AD1DFF83806DFF8301688600120DFF8EA
:1089A00028160873EAF77CFEDFF81C06008A052803
:1089B00007DADFF81406008A401CDFF80C1608827C
:1089C00003E00120DFF8001608820121DFF8F80536
:1089D000008AFFF7E1FC01BD38B50024DFF8E805A7
:1089E000008A01280AD0C0F0E880032864D028D388
:1089F000052800F0BF80C0F09A80DEE0DFF8C805EF
:108A0000806AC0F303200500092D01D26D1C01E02E
:108A100000200500DFF8B005806A30F47060DFF8F0
:108A2000A8158862DFF8A005806A50EA0520DFF803
:108A3000981588620021DFF89005008AFFF7ACFCEA
:108A4000BCE0DFF88405806A800412D4DFF8780582
:108A5000806A50F40050DFF8701588620320DFF858
:108A6000681508820121DFF86005008AFFF794FC91
:108A700021E0DFF85405806AC0F303100500092DDA
:108A800001D26D1C01E000200500DFF83C05806A82
:108A900030F0F000DFF830158862DFF82C05806ACE
:108AA00050EA0510DFF8201588620021DFF818056C
:108AB000008AFFF771FC81E0DFF80C05806A800412
:108AC00012D5DFF80405806A30F40050DFF8F8149E
:108AD00088620220DFF8F01408820121DFF8E80440
:108AE000008AFFF759FC21E0DFF8DC04806AC0F35C
:108AF00003100500092D01D26D1C01E000200500C6
:108B0000DFF8C404806A30F0F000DFF8BC1488623B
:108B1000DFF8B404806A50EA0510DFF8AC1488620C
:108B20000021DFF8A404008AFFF736FC46E0DFF8F6
:108B3000980490F8280010F00F000500092D01D2CC
:108B40006D1C01E000200500DFF87C04806A00094C
:108B50000001DFF874148862DFF86C04806A28432F
:108B6000DFF8641488620021DFF85C04008AFFF7F4
:108B700013FC23E0DFF85004806AC0F38130040066
:108B8000022C01D2641C01E000200400DFF838044C
:108B9000806A30F44040DFF830148862DFF828043F
:108BA000806A50EA8430DFF8201488620021DFF800
:108BB0001804008AFFF7F0FB00E026E0DFF8080465
:108BC000806A000CDFF80014896A89B288420ED0EE
:108BD000DFF8F4034068DFF8F813884215D0DFF8B7
:108BE000F003DFF8E4134860EAF75AFD0DE0DFF820
:108BF000D8034068DFF8D813884206D1DFF8D403E1
:108C0000DFF8C4134860EAF74BFD31BD58EE0A089F
:108C100038B50024DFF8B003008A01280AD0C0F07C
:108C2000CB8003285ED028D3052800F0A880C0F0B0
:108C30008980C1E0DFF89003806AC0F3032005005B
:108C4000002D01D06D1E01E009200500DFF878033A
:108C5000806A30F47060DFF870138862DFF86803B0
:108C6000806A50EA0520DFF8601388620021DFF88F
:108C70005803008AFFF790FB9FE0DFF84C03806AFF
:108C8000800412D4DFF84003806A50F40050DFF80B
:108C9000381388620320DFF8301308820121DFF8DF
:108CA0002803008AFFF778FB1BE0C748806AC0F3FF
:108CB00003100500002D01D06D1E01E00920050004
:108CC000C148806A30F0F000BF498862BE48806ABF
:108CD00050EA0510BC4988620021BB48008AFFF7B2
:108CE0005BFB6AE0B848806A80040ED5B648806AAB
:108CF00030F40050B44988620220B349088201214F
:108D0000B148008AFFF748FB1BE0AF48806AC0F318
:108D100003100500002D01D06D1E01E009200500A3
:108D2000A948806A30F0F000A7498862A648806AA6
:108D300050EA0510A44988620021A348008AFFF781
:108D40002BFB3AE0A04890F8280010F00F00050037
:108D5000002D01D06D1E01E0092005009A48806AAF
:108D600000090001984988629748806A284396491B
:108D7000886200219448008AFFF70EFB1DE09248AC
:108D8000806AC0F381300400002C01D0641E01E031
:108D9000022004008C48806A30F440408A4988628E
:108DA0008948806A50EA8430874988620021864871
:108DB000008AFFF7F1FA00E01CE08348806A000CAB
:108DC0008149896A89B288420AD07F4840688049CF
:108DD00088420FD07E487C494860EAF761FC09E090
:108DE000794840687A49884204D17A48764948608F
:108DF000EAF756FC31BD0000C0350020D028002025
:108E00003C350020C4EE0A0810B52DED028B6E48EB
:108E1000008A002800F0AA806F4890F866000028B9
:108E200040F0A48000246D48016908EE101A00206B
:108E3000654908826448806AC0F381300400624852
:108E4000806AC0F3032000EE100AF8EE408AB2EE0A
:108E5000040A68EE808A5C48806AC0F3031000EE62
:108E6000100AB8EE400A70EE288AB2EE040A68EEE4
:108E7000808A554890F8280010F00F0000EE100A84
:108E8000B8EE400A70EE288A012C04D19FED430A07
:108E900068EE808A05E0022C03D19FED420A68EE5D
:108EA000808A4948806A800404D5B2EE040AC8EE7C
:108EB000808A03E09FED3C0AC8EE808A9FED3B0A62
:108EC00078EE808A454890F8380001281BD19FED44
:108ED000380AF4EE408AF1EE10FA04DB9FED350A11
:108EE000F0EE408A0AE0B1EE080AF4EE408AF1EEB4
:108EF00010FA03D5B1EE080AF0EE408A9FED2E0A73
:108F0000C8EE808A16E09FED2D0AF4EE408AF1EE5D
:108F100010FA04DB9FED2A0AF0EE408A0AE09FED8A
:108F2000290AF4EE408AF1EE10FA03D59FED250AE6
:108F3000F0EE408AF0EE680AB0EE480AF5F76CFAF7
:108F4000002805D1254818EE901A0161F5F78AF935
:108F500020481D49486022481B49886000201A4962
:108F60000873EAF79DFBFFF75FF813E000201D4947
:108F7000087115481C492C22ECF7F0F8EAF74BF978
:108F8000EAF78EFBEBF7CFFF164840790E490882CF
:108F9000E7F728FEBDEC028B10BD000000007A440C
:108FA000D4020020002474490000C84217B7D13809
:108FB0000150C3470050C347000070425655D0448B
:108FC0005555D044CDCCCC3DD0280020B8EB0A0874
:108FD00090EC0A08C4EB0A083C350020C03500209C
:108FE000D0EB0A08DC02002070DA0A0841001DD22A
:108FF000090E7F391AD4202908DAC1F11F0C0102A9
:1090000041F0004121FA0CF000217047D1F13F0CF2
:1090100008D4010241F0004161FA0CF021FA0CF190
:10902000484070476FF000000100704700200021A9
:109030007047000081B0DFF8741409680143DFF85D
:109040006C241160DFF864140968014000910099F4
:1090500001B07047DFF8541409688143DFF84C24ED
:1090600011607047826832F018020A4382607047CC
:10907000826832F060020A43826070470161704783
:109080004161704700687047DFF8240400680028D9
:1090900009D5DFF82004DFF820140860DFF81C048D
:1090A000DFF8141408607047DFF80404006850F01B
:1090B0000040DFF8FC13086070472DE9F041040020
:1090C0000D0016004FF48050FFF7B4FF0021DFF8C9
:1090D000F003FFF7C7FF0021DFF8E403FFF7C8FF45
:1090E0003100DFF8DC03FFF7C9FFDFF8D813DFF842
:1090F000D003FFF7C5FF27000020A84206D2396839
:10910000DFF8BC2311603F1D001DF6E7DFF8B00358
:10911000FFF7B8FF80464FF48050FFF79BFF4046B3
:10912000BDE8F08138B50400DFF89C03844241D2E9
:1091300072B6DFF898030068C003FAD4DFF88C0336
:10914000006850F0E800DFF884130860FFF79CFF28
:1091500014F17840C50ADFF85803006830F4FF6066
:109160005FF0FF51B1FA81F115FA01F10843DFF820
:1091700040130860DFF83803006850F00200DFF8A1
:1091800030130860DFF82803006850F48030DFF8FF
:1091900020130860DFF834030068C003FAD4DFF856
:1091A0001003006830F00200DFF804130860FFF7D6
:1091B0007BFF62B631BD10B40100CA0AD2021300AF
:1091C0000020B0F5007F08D21C6814F1010F01D017
:1091D000002003E01B1D401CF3E7012010BC70477A
:1091E0002DE9F04104000D001600A04672B6B74804
:1091F0000068C003FBD4B548006850F0E800B349EC
:109200000860FFF741FFB1480068C003FBD4A848DD
:10921000006850F00100A649086000200700B7422E
:1092200012D2D8F800007919086018F10408D8F8AB
:1092300000007919091D086018F10408A3480068A6
:10924000C003FBD40837EAE79948006840084000AB
:1092500097490860FFF728FF62B6BDE8F0812DE965
:10926000F14F84B00C0091461D000E9E4FF48070AB
:10927000FFF7E0FE5FEA44585FEA5858E70AFF024A
:10928000DDF810A014F0070F40F00C815FEA980899
:1092900019F0070F05D05FEAD9095FEAC90919F18A
:1092A0000809B00003D519F10800029001E0CDF8DB
:1092B0000890002E0ED538000021B1F5007F06DAA7
:1092C00050F82120824B43F82120491CF5E78149C1
:1092D0000F6034E07F4800687F4988421BD37D4897
:1092E0000068B84217D07B480068FFF71BFF4FF4B7
:1092F0000062784801687648FFF772FF754807609A
:109300000020B0F5007F1ADA5FF0FF31704A42F8B2
:109310002010401CF5E7B8F1000F03D06D4800683D
:10932000B8420CD06B4807600020B0F5007F06DA29
:109330005FF0FF31664A42F82010401CF5E70298C2
:10934000001917F50061884237D317F50060B0EBBC
:10935000040BBBF1000F0CD04046B0F5007F08DADB
:10936000DAF800105A4A42F820101AF1040A401C98
:10937000F3E73800FFF7D6FE4FF400623900544897
:10938000FFF72EFF17F5006052490860514800684A
:109390000400002080460020B0F5007F06DA5FF070
:1093A000FF314B4A42F82010401CF5E7CB4502D272
:1093B000B9EB0B0901E000208146B9F1000F0ED096
:1093C0000020B0EB990F0AD2DAF80010404A10EBF7
:1093D000080342F823101AF1040A401CF1E7B00018
:1093E0004CD5601B0390E80AC002E10AC90288421A
:1093F0000FD1DFF8DCB018EB990000900022039841
:1094000019EB00013248FFF758FE00994BF8210094
:109410001AE0A54218D20022E00AC002411B28002F
:10942000FFF74BFE83462A4818EB99010091019003
:109430005A466005400D19EB00012548FFF73DFE37
:109440000199009A41F82200214818EB990100EB9C
:109450008100611B19EB010141601E480068FFF7A4
:1094600061FE19EB880010F108021A4801681848DB
:10947000FFF7B6FE0020174908600FE0002E0DD55B
:1094800014480068FFF74EFE4FF40062114801686F
:109490000F48FFF7A5FE00200E4908604FF48070CA
:1094A000FFF7D8FD05B0BDE8F08F0000481002407E
:1094B000142002402301674508200240AB89EFCD0C
:1094C00000300240B71DC10400000808102002400F
:1094D000EC130020143800200080000870B5040050
:1094E0000D0016004FF48070FFF7A4FD3200290034
:1094F0002000FFF775FE4FF48070FFF7ABFD70BDE5
:1095000038B504000D004FF48070FFF793FD102272
:1095100029002000FFF764FE4FF48070FFF79AFDEA
:1095200031BD00007047000030B4036891FAA1F427
:10953000B4FA84F40325E4B2640015FA04F4A343F6
:1095400091FAA1F4B4FA84F4E4B2640012FA04F4D7
:109550002343036030BC704710B443688B4302FB65
:1095600001F42343436010BC704730B4836891FA20
:10957000A1F4B4FA84F40325E4B2640015FA04F407
:10958000A34391FAA1F4B4FA84F4E4B2640012FAA9
:1095900004F42343836030BC704730B4C36891FA4D
:1095A000A1F4B4FA84F40325E4B2640015FA04F4D7
:1095B000A34391FAA1F4B4FA84F4E4B2640012FA79
:1095C00004F42343C36030BC704730B4036A91FA9B
:1095D000A1F4B4FA84F40F25E4B2A40015FA04F45B
:1095E000A34391FAA1F4B4FA84F4E4B2A40012FA09
:1095F00004F42343036230BC704730B4436A0C0A5E
:1096000094FAA4F4B4FA84F40F25E4B2A40015FA91
:1096100004F4A3430C0A94FAA4F4B4FA84F4E4B274
:10962000A40012FA04F42343436230BC7047F8B537
:1096300004000D00286890FAA0F0B0FA80F006004F
:109640002868F040002832D028680121B140084045
:109650000700002F29D06868012802D06868022816
:1096600009D1AA6839002000FFF77FFFEA6829685E
:109670002000FFF771FF2A6939002000FFF78DFFF6
:10968000686802280CD1FF2F05D86A6939002000CC
:10969000FFF79BFF04E06A6939002000FFF7ADFF88
:1096A0006A6839002000FFF73FFF761CC8E70020FA
:1096B000F2BD0000BFF34F8FDFF89C03006810F489
:1096C000E060DFF898130843DFF88C130860BFF3FD
:1096D0004F8F00BFFDE7006C80B27047DFF880035A
:1096E000006850F48070DFF8781308607047DFF886
:1096F00070030068800A10F001007047DFF86413FF
:10970000096831F0F85151EA0061DFF8582311601F
:109710007047DFF85403006850F00100DFF8481389
:1097200008607047DFF84013096831F01801014301
:10973000DFF8342311607047DFF82C03006840081D
:1097400010F001007047DFF82403006850F00100BA
:10975000C64908607047C5480068400810F001001D
:109760007047BF48006850F00100BD49086070476D
:10977000BB480068400810F001007047B848006816
:1097800050F00400B64908607047B548006850F0D2
:109790000800B34908607047B149096831F0F00129
:1097A0000143AF4A11607047AE49096831F47F4107
:1097B00051EA0021AB4A11607047AD490968890838
:1097C00089000143AA4A11607047A948006810F057
:1097D0000C007047A649096831F0F0010143A44A22
:1097E00011607047A249096831F4E0610143A04A61
:1097F000116070479E49096831F4605101439C4AE9
:10980000116070479A49096831F400410143984A50
:10981000116070479248006850F08060904908607D
:1098200070478F48006830F080608D49086070474D
:109830008B480068C00E10F00100704730B48D4CAA
:10984000246834F0730404430C438A4D2C608A4C22
:1098500024688A4D2C4054EA02241C43864D2C6017
:1098600030BC70478448006850F48010824908601A
:1098700070478148006830F480107F490860704765
:109880007A480068400F10F0010070477748006880
:1098900050F4000075490860704779490968C908A3
:1098A000C9000143764A116070477548006810F09E
:1098B000070070477348006850F004007149086061
:1098C00070477149096831F4C06101436E4A116003
:1098D00070476D48006850F480706B4908607047AD
:1098E00069490968C908C9000143674A116070479E
:1098F0006649096831F00E010143644A11607047FE
:109900006248006850F00100604908607047604894
:10991000006830F400405E49086070475C480068A9
:1099200050F480605A4908607047594909680143FA
:10993000574A11607047564909688143544A11607B
:109940007047544909680143524A116070470268E0
:109950000A4302607047021D12680A43031D1A6021
:1099600070474FF480704C49086070471F204A4987
:109970000860704749480068800A10F0010070478D
:1099800000690840884201D1012000E000207047B2
:10999000816170478162704710B4426911EA020325
:1099A00031EA020454EA0343836110BC704710B4E7
:1099B000002310F15004230013EB81031A6010BC44
:1099C00070470200002012F15003180010EB8100D4
:1099D00000687047C16811F0800171F49061C16046
:1099E0007047016851F00101016070470168490842
:1099F000490001607047016470474CF6CC4101603A
:109A000070474AF6AA210160704745F2555101603E
:109A1000704711F00702426070470A05120D82601C
:109A20007047C06810F0070F01D1012000E000204E
:109A3000704711B581B01A48046802F085FE4FF4F2
:109A40007A71B0FBF1F001994143154A1268121B7B
:109A50008A42FAD313BD00000CED00E00400FA05C1
:109A60000010024004100240901002409410024086
:109A7000081002400C10024010100240FF809FFFAF
:109A80000020024010ED00E0007000400470004033
:109A9000087000400C7000401870004014700040C6
:109AA000041000E010B58EB0DFF8E8090068DFF8B8
:109AB000E819086072B6DFF8E409DFF8E419086015
:109AC00062B602F047FE01F08DFC0120DFF8D419E8
:109AD00081F8650001F0DFFC0020DFF8CC19086098
:109AE0001020DFF8C019C8750020DFF8B819086128
:109AF0000020DFF8B01908760020DFF8A8194876B2
:109B00000020DFF8A01988760020DFF89819C876C1
:109B10000020DFF8901981F835000020DFF8841963
:109B200081F83200FF20DFF87C1981F83000DFF87F
:109B300074090021C0F82A10FF20DFF8681981F8A5
:109B400036000020DFF85C1981F868000120DFF89A
:109B5000541981F86C000020DFF8481981F86D0075
:109B6000DFF84809002181600020DFF840194880B3
:109B70000020DFF838190871DFF830090021816111
:109B80000020DFF82819C8610020DFF8201948718B
:109B90000020DFF8101981F86400DFF808094FF49D
:109BA0006161C0F873100020DFF8F81881F87700C1
:109BB0000020DFF8F01881F878000F20DFF8E418B3
:109BC00081F87B000020DFF8DC1881F8810000209C
:109BD000DFF8D018C8600020DFF8C81848600020FF
:109BE000DFF8C01808600020DFF8B818886000208F
:109BF000DFF8B01881F860000020DFF8A81881F8BD
:109C000066000020DFF89C1881F862000221DFF86E
:109C1000F00DFFF7D6FE01281AD1F4F7FBFF01285B
:109C200016D1DFF8E00DF4F7EDFEDFF8D80DF4F70C
:109C300019FCDFF8D00DF4F71FFBDFF8C80DF4F7BF
:109C40003FFB00220221DFF8B80DFFF7B0FE0BE06A
:109C5000F4F747FADFF8AC0DF4F704FC002803D161
:109C6000DFF8A00DF4F708FBDFF8980D90F8660018
:109C7000DFF8381881F84500DFF8880D90F86A00A1
:109C8000DFF8201881F87200DFF8780D90F84200B4
:109C9000DFF8101881F8780002F0B4FDDFF8640DE9
:109CA00090F85B00002804D10420DFF8F81781F851
:109CB0003000DFF8500D90F86900002805D13C20F5
:109CC000DFF8E017A1F87D0005E04FF4E140DFF890
:109CD000D417A1F87D0001F00BFD0620FFF708FE68
:109CE000FFF70EFEF9F751FD03F0F1FA03F0C4FBA4
:109CF00003F011FC03F07EFC03F0E4FE04F0CAF86C
:109D000004F05AF904F04FFA4FF480615FF090408C
:109D1000FFF736FE002819D00420DFF8881781F8F5
:109D2000670004F05DFB06F057F8DFF87807407E27
:109D300050F01400DFF86C174876DFF86807006D04
:109D400050F02000DFF85C1708650EE00020DFF817
:109D5000541781F86500DFF84C07407E10F0FB00D7
:109D6000DFF84017487601F096FB06F07DF8DFF843
:109D7000940C90F83C00DFF82C174875642006F02E
:109D80009FF80024E4B2082C1ADA06F0CDF8DFF8C8
:109D9000BC1D0880DFF8B40D0088DFF81017E4B2AE
:109DA00001EB4401A1F87C00DFF800074088DFF8F0
:109DB0009C1D09880818DFF8F4164880641CE1E748
:109DC000DFF8E806408880B2C008DFF8E016488077
:109DD000DFF8D8064088B0F5AF7F04DA0221DFF85B
:109DE000700DFFF708FEDFF8BC06407E50F0020061
:109DF000DFF8B0164876DFF80C0C90F83900002830
:109E000007D0DFF8A006407E50F00100DFF894167E
:109E10004876DFF8900690F83000032807D1DFF885
:109E20008406407E50F00800DFF878164876EBF79D
:109E3000CBF9EBF756FBEBF7A7FBDFF8C80B90F875
:109E40003B00EBF744FBDFF8040D0088B0F58C7F96
:109E500007DCE6F7DAFA41F2883006F031F801F073
:109E6000F1FB142006F02CF84FF40061DFF8E40C4D
:109E7000FFF78EFDDFF8E00CFFF7C3FDE6F799FA78
:109E800040F6C41006F01CF8322001F091FBEBF70D
:109E90007BFB642006F014F84FF40061DFF8B40C8B
:109EA000FFF778FD012006F00BF80020DFF8F81529
:109EB0000860DFF8F00590F8330050F00700DFF895
:109EC000E41581F83300E8F7FFF9E8F775FAFCF7D5
:109ED00096FDDFF8D015D1F83B00DFF8C815C1F8C2
:109EE0003F005FF0FF316846FBF7FEFEDFF86C0CC9
:109EF00069462622EBF722F9022005F0E1FF4FF434
:109F00000061DFF8500CFFF747FD0BA8F9F7B2F836
:109F100008A8F9F773F8DFF8440CD0F8021005A888
:109F2000FBF790FDDFF8340CD0F8021002A8FBF725
:109F3000C9FD032005F0C4FF0A980190099800901C
:109F4000089B0D9A0C990B98F9F7F9F904000498FD
:109F5000019003980090029B079A06990598F9F7DB
:109F6000EEF9844204D20020DFF8F41B087003E00D
:109F70000120DFF8EC1B0870042005F0A1FFFBF7BF
:109F800031FF052005F09CFFDFF8D40B0078002896
:109F90000DD102A881B069460CC80CC102680A60E4
:109FA0000838083908BC05A807C8F5F7BCFBE8F76E
:109FB000D7FAE9F775FBDFF8EC04407EC00601D460
:109FC000E8F712FE062005F07BFF0020DFF8941B67
:109FD0000870DFF8940B00210160DFF8900B00217E
:109FE0000160DFF88C0B00220023C0E90023002071
:109FF000DFF8801B087072B606F031F802F0D3FB70
:10A0000005F0E6FF62B6072005F05AFFDFF8500BB7
:10A010000078002803D04F20FBF772FF07E0DFF83D
:10A020008404006D50F48010DFF87814086506F0A1
:10A030007DF9642005F044FFFBF749FB06F043FA85
:10A0400001F034FB082005F03BFFF9F73DFD00204F
:10A05000DFF8501481F83500DFF8480490F8350037
:10A0600000061BD50A2005F02BFFF4F7FBF8DFF8FC
:10A070003C044088B0F58C7F05DD5820FBF740FF9D
:10A080005820FCF725FCE8F71FF901F0DBFADFF8B0
:10A09000140490F835000006F9D4DDE7DFF8B80ABB
:10A0A000FFF7AFFCDFF8D00A0068002800F00F824D
:10A0B000DFF8C40A0068400619D5DFF8E80390F815
:10A0C000790000280BD1EBF792F806F02FF9DFF8B2
:10A0D000A80A006850F00200DFF89C1A0860DFF858
:10A0E000980A006830F04000DFF88C1A0860DFF84A
:10A0F000880A006800060ED5DFF8A803007D002856
:10A1000001D106F013F9DFF8700A006830F0800022
:10A11000DFF8641A0860DFF8600A0068C00740F1E1
:10A12000DD8005F001FFDFF8241A0880DFF81C0A43
:10A130000088B0F5DC7F04DD4FF4DC70DFF80C1A2A
:10A140000880DFF8600390F88100082813DADFF850
:10A15000540390F88100401CD24981F88100D34813
:10A16000D04991F8811000EB4100DFF8E01909882F
:10A17000A0F87C1009E00020CA4981F88100DFF8CE
:10A18000CC090088C949A1F87C00C8484088DFF89C
:10A19000BC1908800020C54948800020C0B20828AA
:10A1A0000CDAC2494988C14AC0B202EB4002B2F897
:10A1B0007C205118BD4A5180401CEFE7BB484088C5
:10A1C00080B2C008B9494880B8484088DFF87C1997
:10A1D000098888420FD0B34890F8330050F001004E
:10A1E000B04981F83300DFF89009006850F00200B0
:10A1F000DFF884190860AD484088B0F5BE7F0EDAFC
:10A20000A84890F88200002809D10120A54981F8CA
:10A2100082000621DFF83809FFF7EDFB12E0A348C2
:10A220004088B0F5C17F0DDB9E4890F88200002881
:10A2300008D000209B4981F882000B21DFF810092B
:10A24000FFF7D9FB99484088B0F5AF7F15DA9548FC
:10A2500090F82E00800710D40321DFF8F408FFF7F0
:10A26000CAFB9048006D50F004008E4908658D4887
:10A270004FF49671C0F873101BE08A4890F82E00D6
:10A28000800716D589484088B0F5B47F11DB0621D8
:10A29000DFF8BC08FFF7AFFB824890F82E0010F003
:10A2A000FD00804981F82E007E484FF46161C0F8BE
:10A2B00073107E484088B0F58C7F07DA794890F8B3
:10A2C000350050F08000774981F83500DFF8A808A4
:10A2D000006840084000DFF8A0180860DFF8980820
:10A2E000006880070ED56F4890F87900012801D1E9
:10A2F000E8F736F9DFF88008006830F00200DFF890
:10A3000078180860DFF87008006840070AD5DFF8A1
:10A310006808006830F00400DFF85C18086072B666
:10A32000FFF7C8F9DFF850080068000709D5FBF708
:10A33000CEF9DFF84408006830F00800DFF838187C
:10A340000860DFF834080068C00609D5F8F751FC4A
:10A35000DFF82408006830F01000DFF81C180860EF
:10A36000DFF814080068800627D5504800790128D6
:10A370001BD14C49D1F82A00002804D0494890F854
:10A380002800012811D1474890F86C00002801D01E
:10A3900001F0EDF8DFF86C0690F83A00002804D0E0
:10A3A000DFF8140B007801F01CF9DFF8CC07006827
:10A3B00030F02000DFF8C0170860DFF8BC07006845
:10A3C000C00516D5DFF8F40A90F89C02022804DBD9
:10A3D0000120344981F8660003E00020314981F80A
:10A3E0006600DFF89407006830F48070DFF88817A3
:10A3F0000860DFF884070068800568D503F02DFF4A
:10A400000020DFF89C1D08600024E4B2052C0FDA60
:10A4100003F087FFDFF88C0DFFF75DF9DFF8801D93
:10A42000096811FA80F0DFF8781D0860641CECE719
:10A43000DFF86C0D00680521B0FBF1F0DFF8681D56
:10A440000880DFF8680D008880B2DFF8641D098895
:10A4500089B2401A00282BD0DFF84C0D008840F656
:10A46000E441484340F6B831B0FBF1F0DFF8401D5D
:10A47000098889B2401A50214843DFF8301D098805
:10A4800089B2DFF82C2D128892B2891A90FBF1F074
:10A490001E300FE0F8FF0B083038002000000808DD
:10A4A00008ED00E03C35002064380020DC0200208C
:10A4B00047F6FF70DFF8FC1C088003F04EFFDFF862
:10A4C000B806006830F40070DFF8AC160860DFF8FA
:10A4D000E80C0078002800F08580DFF8840600781A
:10A4E000012840F07F80DFF8D40C90F82E00800720
:10A4F00078D4DFF8CC0C0068C00412D55320FBF7E9
:10A50000FFFCDFF87406006850F00200DFF8681600
:10A510000860DFF8AC0C006830F48050DFF8A01C55
:10A520000860DFF89C0C0068400410D5DFF88C0C44
:10A5300090F82E0080070AD44220FBF7E1FCDFF8F8
:10A54000800C006830F48040DFF8741C0860DFF88D
:10A55000700C0068C0030FD5DFF8580C40884728FE
:10A560000ADB4220FCF7B4F9DFF8540C006830F441
:10A570008030DFF84C1C0860DFF8440C00684005B0
:10A5800010D5DFF8800404F06DFEF3F76BFE532066
:10A59000FBF7B6FCDFF8280C006830F48060DFF8C9
:10A5A000201C0860DFF8180C0068800309D5E7F765
:10A5B000FAFDDFF80C0C006830F40030DFF8001C06
:10A5C0000860DFF8FC0B006880050BD5DFF8340469
:10A5D000F3F776FEDFF8E80B006830F40070DFF880
:10A5E000E01B0860DFF8D80B006840070FD5DFF8E4
:10A5F0008805006850F00200DFF87C150860DFF87D
:10A60000C00B006830F00400DFF8B41B0860DFF80E
:10A61000B00B0068C00740F19F81DFF8A01BD1F8A4
:10A620002A00002813D1DFF8940B90F82E000028A0
:10A6300005D0DFF8880B90F82800012807D1DFF853
:10A640007C0B90F82400012801D100F078FFDFF89E
:10A650006C0B90F86000002822D0DFF8600B90F8B7
:10A66000610000281CD10520DFF8501B81F8610033
:10A67000DFF8480B90F86200002801D1012000E0CB
:10A680000020DFF8381B81F86200DFF8300B90F80B
:10A69000330050F00100DFF8241B81F833000EE096
:10A6A000DFF8180B90F86100002808D0DFF80C0BD9
:10A6B00090F86100401EDFF8041B81F86100DFF8AC
:10A6C000FC1AD1F82A00002811D1DFF8F00A90F81E
:10A6D0002E00002805D0DFF8E40A90F828000028B2
:10A6E00005D0DFF8D80A90F82F00002806D0C5481A
:10A6F00090F84200DFF8C41A81F87800DFF8BC1A3D
:10A70000D1F82A00002805D1DFF8B00A90F82E0011
:10A71000002836D0DFF8A40A90F82800002805D0D9
:10A72000DFF8980A90F82F0000282AD0DFF88C0A6A
:10A7300090F8330050F00100DFF8801A81F8330000
:10A74000DFF8780A90F86800002805D10120DFF8CA
:10A750006C1A81F8680004E00020DFF8601A81F8C4
:10A760006800DFF8580A90F82F0000282AD0DFF898
:10A770004C0A90F82F00401EDFF8401A81F82F0095
:10A7800020E0DFF8380A90F8680001280FD1002097
:10A79000DFF8281A81F86800DFF8200A90F8330003
:10A7A00050F00100DFF8141A81F833000AE0DFF8F6
:10A7B0000C0A90F82F00002804D00020DFF8FC19C4
:10A7C00081F82F00DFF8F40990F87800022814DBF4
:10A7D000DFF8E80990F8650000280ED1DFF8DC0901
:10A7E000407D012809D1DFF8D40990F87800401E97
:10A7F000DFF8C81981F8780018E0DFF8C00990F890
:10A800007800012812D1DFF8B40990F87900012806
:10A810000CD1DFF8A0090079012807D0EAF7A1FEE2
:10A8200005F09DFD0120DFF894194875DFF88C09CB
:10A83000407D022807DBDFF88409407D401EDFF8F9
:10A840007C1948750BE0DFF87409407D012806D1BA
:10A85000DFF86809007D012801D105F080FDDFF8EF
:10A860005C0990F87900002815D1DFF8500990F8BC
:10A870007B0000280FD0DFF8440990F8360001284B
:10A8800009D0DFF8380990F87B00401EDFF82C195A
:10A8900081F87B0012E0DFF8240990F879000028A5
:10A8A0000CD1DFF8180990F87B00002806D10F20A2
:10A8B000DFF8081981F87B0000F059FEDFF8FC088A
:10A8C000B0F87D00002809D0DFF8F008B0F87D006E
:10A8D000401EDFF8E818A1F87D0035E0DFF8DC085D
:10A8E000B0F87D0000282FD1DFF8D008407EC006E8
:10A8F0002AD50221DFF8400DFFF74AF8DFF8BC083F
:10A90000407E10F0EF00DFF8B4184876DFF8AC08AE
:10A91000006D50F04000DFF8A4180865DFF89C08CF
:10A9200090F8330050F00100DFF8901881F8330000
:10A930009148006850F001008F4908608E48006817
:10A9400050F002008C490860DFF874080068400885
:10A950004000DFF86C180860DFF864080068000742
:10A9600040F1BE80DFF8540890F8650050F0010017
:10A97000DFF8481881F86500F9F7CAF8DFF8BC0C71
:10A98000006850F48050DFF8B41C0860DFF8AC0CAD
:10A99000006810F4805000900098DFF8A40C006864
:10A9A000C00019D4DFF8980C006850F08050DFF830
:10A9B000901C0860DFF8880C006810F08050009050
:10A9C000009805F0CFFDDFF8780C006830F080507B
:10A9D000DFF86C1C086001E005F0C4FD00F05BFDD1
:10A9E00005F0FAF903F0FCFC064890F8690000282D
:10A9F0000AD13C20DFF8C417A1F87D0010E000BFA9
:10AA000000280040C0350020DFF8E00C90F8690015
:10AA1000012805D14FF4E140DFF8A017A1F87D002F
:10AA2000DFF89807006D50F02000DFF890170865F8
:10AA3000DFF88807407E50F01000DFF88017487676
:10AA4000DFF8780790F8330050F00100DFF86C175A
:10AA500081F83300DFF8640790F8330050F0080005
:10AA6000DFF8581781F833004348006850F00200BF
:10AA700041490860DFF8440790F87900002806D1C2
:10AA80003D48006850F040003B4908600AE0DFF8AC
:10AA90002C07007D002805D13748006850F0800061
:10AAA00035490860DFF81807006830F00800DFF863
:10AAB00010170860DFF8040790F82E0080070FD504
:10AAC000DFF8F80690F82E0010F0FD00DFF8EC1625
:10AAD00081F82E00DFF8E4064FF46161C0F87310CE
:10AAE000DFF8D80690F86600012847D1DFF8CC06D9
:10AAF000407E400742D4DFF8C406006D50F00100EC
:10AB0000DFF8B8160865DFF8B406407E50F00400A0
:10AB1000DFF8A8164876DFF8F40B407B102804D144
:10AB20000120DFF8981681F88000DFF8900690F891
:10AB3000330050F00100DFF8841681F833000E482E
:10AB4000006850F002000C4908606FE09638002061
:10AB50000034014000080048003000405C3600200E
:10AB6000A5380020A4380020283800202C380020E8
:10AB700090370020BE38002020380020DFF83C0647
:10AB800090F86600002851D1DFF83006407E40077B
:10AB90004CD5DFF8280690F8330050F00100DFF8BC
:10ABA0001C1681F83300DFF8140690F8330050F0DB
:10ABB0000800DFF8081681F83300DFF80006007D92
:10ABC000002807D1DFF8480B006850F08000DFF85C
:10ABD000401B0860DFF8E405006D50F00200DFF86C
:10ABE000DC150865DFF8D405407E10F0FB00DFF8C7
:10ABF000CC154876DFF8140B407B102804D10120D7
:10AC0000DFF8B81581F88000DFF8B00590F8330060
:10AC100050F00100DFF8A41581F83300DFF8F00AE6
:10AC2000006850F00200DFF8E81A0860DFF89005CD
:10AC30000068800740F180800020DFF8801581F8EF
:10AC40006500DFF8780590F86600012807D1DFF885
:10AC50006C05006D50F00200DFF86015086505F026
:10AC6000DDF800F018FCF8F753FF0221DFF8C809FF
:10AC7000FEF790FE0020DFF8441581F86600DFF84B
:10AC80003C05407EC00607D5DFF83005006D50F06A
:10AC90004000DFF828150865DFF82005407E10F039
:10ACA000EB00DFF818154876DFF8100590F8330050
:10ACB00050F00100DFF8041581F83300DFF8FC04E0
:10ACC00090F8330050F00800DFF8F01481F83300FA
:10ACD000DFF83C0A006850F00200DFF8341A086020
:10ACE000DFF8D804007D002807D1DFF8240A0068C7
:10ACF00050F08000DFF8181A0860DFF8140A0068C6
:10AD000050F00100DFF8081A0860DFF8E00990F859
:10AD10004200DFF8A81481F87800DFF8D00990F835
:10AD20003C00DFF898144875DFF89404006830F0B0
:10AD30000200DFF88C140860DFF8D809006810F012
:10AD40003F0F00F0CB80DFF8A40990F84200DFF855
:10AD50006C1481F87800DFF8940990F83C00DFF873
:10AD60005C144875DFF8540490F8790000280DD180
:10AD7000EAF73DFADFF89809006850F00200DFF8C2
:10AD8000901908600020DFF88C190860DFF82C04A7
:10AD9000007D002805D105F0C9FA0020DFF87419FC
:10ADA0000860DFF8180490F82800002819D1DFF8AF
:10ADB0000C14D1F82A00002805D1DFF8000490F81F
:10ADC0002E0000280DD00020DFF84819086001206F
:10ADD000DFF8E81381F828000520DFF8E01381F898
:10ADE0002F00DFF83009006820280FD1DFF81C0998
:10ADF000407B0A280ADBE5F70BFADFF81809006840
:10AE000030F02000DFF80C19086067E0DFF8040973
:10AE1000006810280FD1DFF8F408407B0A280ADB0D
:10AE2000E5F7BFF9DFF8EC08006830F01000DFF854
:10AE3000E418086052E0DFF8DC08006810280FD141
:10AE4000DFF87803407D00280AD105F088FADFF8A2
:10AE5000C408006830F01000DFF8B81808603DE062
:10AE6000DFF8B0080068012810D0022828D0042894
:10AE700017D008282ED1E5F7CBF9DFF8980800683D
:10AE800030F00800DFF88C18086023E0E5F789F956
:10AE9000DFF88008006840084000DFF87818086094
:10AEA00018E0E5F753FADFF86C08006830F00400AA
:10AEB000DFF8601808600DE0462D0908602F0020BB
:10AEC000E5F74AFADFF84C08006830F00200DFF8D6
:10AED000441808600020DFF83C180860DFF83808E4
:10AEE000007800280ED00020DFF82C180870FAF740
:10AEF000C3F9B04890F84400002801D1FAF7FEFAEF
:10AF000005F0B8FBDFF81408006880070ED50122B1
:10AF10000221DFF80C08FEF74AFDF3F757FADFF8D5
:10AF2000CC07F3F779FC72B6FEF7C4FBDFF8EC0749
:10AF30000068C00709D5FBF79DFDDFF8E007006852
:10AF400040084000DFF8D4170860DFF8D007006839
:10AF500040070BD50120974981F84400DFF8BC0772
:10AF6000006830F00400DFF8B4170860DFF8AC07C1
:10AF7000006800070BD500208E4981F84400DFF8F7
:10AF80009C07006830F00800DFF890170860DFF8D1
:10AF90008C070068C0060FD5F3F718FADFF84C07E6
:10AFA000F3F760FA03F01CFADFF87007006830F07E
:10AFB0001000DFF8681708608048006D002800F076
:10AFC000CD817D480078002800F0C881DFF8540763
:10AFD0000078012840F0C281784890F82E00800760
:10AFE00000F1BC817548006DC00209D57348006D41
:10AFF00030F48010714908654F20FAF781FFADE108
:10B000006E48006D000309D56C48006D30F40020D7
:10B010006A4908653320FAF773FF9FE16748006DBE
:10B02000800115D5654890F82E0050F0080063495E
:10B0300081F82E000220614981F82F005F48006DE1
:10B0400030F000705D4908657520FAF759FF85E119
:10B050005A4890F85000C00709D55848006D40087C
:10B060004000564908655420FAF74AFF76E15348F4
:10B0700090F85000800709D55048006D30F002006C
:10B080004E4908654420FAF73BFF67E14B4890F8CA
:10B090005000400711D54948006D30F00400474981
:10B0A0000865464890F82E0050F00200434981F8A8
:10B0B0002E005620FAF724FF50E14048006D40056D
:10B0C00009D53E48006D30F480603C490865372062
:10B0D000FAF716FF42E1394890F85000C00609D54A
:10B0E0003648006D30F01000344908656520FAF7E5
:10B0F00007FF33E1314890F85000800609D52F480A
:10B10000006D30F020002D4908655A20FAF7F8FE4E
:10B1100024E12A4890F85000400609D52748006DE0
:10B1200030F04000254908655520FAF7E9FE15E1A1
:10B130002248006DC00509D52048006D30F48070AC
:10B140001E4908654320FAF7DBFE07E11B48006D46
:10B15000800509D51948006D30F40070174908655D
:10B160006E20FAF7CDFEF9E01448006DC00409D551
:10B170001248006D30F48050104908656920FAF7D4
:10B18000BFFEEBE00D48006D80041BD50B48006D41
:10B1900030F40050094908657120FAF7B1FEDDE08E
:10B1A0001838002000020450CC020020CA75FF1F8E
:10B1B000A875FF1FDC020020D10200203C350020D2
:10B1C0001C380020DFF86005006D40040BD5DFF867
:10B1D0005805006D30F48040DFF84C150865762086
:10B1E000FAF78EFEBAE0DFF84005006D00040BD5DB
:10B1F000DFF83405006D30F40040DFF82C150865E9
:10B200006220FAF77DFEA9E0DFF81C05006DC000A2
:10B210000BD5DFF81405006D30F08050DFF808150D
:10B2200008655020FAF76CFE98E0DFF8FC04006D2A
:10B23000C0030BD5DFF8F004006D30F48030DFF888
:10B24000E81408654720FAF75BFE87E0DFF8D804CA
:10B25000006D80030BD5DFF8D004006D30F40030B2
:10B26000DFF8C41408653120FAF74AFE76E0DFF80B
:10B27000B804006D40020BD5DFF8AC04006D30F46B
:10B280008000DFF8A41408657020FAF739FE65E045
:10B29000DFF89404006D40010BD5DFF88C04006DDD
:10B2A00030F08060DFF8801408656F20FAF728FE20
:10B2B00054E0DFF87404006D00010BD5DFF868047A
:10B2C000006D30F00060DFF8601408653620FAF792
:10B2D00017FE43E0DFF85004006D80020BD5DFF865
:10B2E0004804006D30F40010DFF83C14086532208B
:10B2F000FAF706FE32E0DFF83004006D40000BD5AF
:10B30000DFF82404006D30F08040DFF81C1408657D
:10B310003920FAF7F5FD21E0DFF80C04006D400359
:10B320000BD5DFF80404006D30F48020DFF8F8134B
:10B3300008657420FAF7E4FD10E0DFF8EC0390F8FC
:10B34000500000070AD5DFF8E003006D30F0080078
:10B35000DFF8D41308657320FAF7D2FDDFF8C803CD
:10B3600090F8350010287EF477AEDFF8BC0390F833
:10B37000240000287EF470AEDFF8AC0390F82500BE
:10B3800000287EF469AEDFF88C03006800287EF4A4
:10B3900063AEDFF89403007D00287EF45DAEDFF835
:10B3A0008C03006800287EF457AEDFF86403006861
:10B3B00000287EF451AEDFF8700390F86500002895
:10B3C0007EF44AAEFEF7D2FADFF85403FEF702FB32
:10B3D000FEF79DFA0120FEF783FAFEF76BFA30BF05
:10B3E000FEF73ABE80B50020FEF757FAFEF75DFA89
:10B3F0000028FBD14FF40070FEF763FAFEF7BAFAAB
:10B400000028FBD1FEF76AF9FEF771F90128FBD19C
:10B410001020FEF773F9FEF796F9FEF79CF9012864
:10B42000FBD1FEF79EF9FEF7A3F90128FBD1FEF749
:10B43000ACF99020FEF7B0F90020FEF7B5F9FEF761
:10B4400048FA0820FEF76EF9FEF763F9FEF774F983
:10B450000128FBD1FEF792F90120FEF7AEF94FF477
:10B460000040FEF7CFF9FEF7B0F90428FBD1002029
:10B47000FEF7B0F90020FEF7B5F90020FEF7BAF9A3
:10B48000AB48F8F7E7FC002006F020FC002801D0CC
:10B4900000F05EF901BD80B5A34890F86500002872
:10B4A00021D0FEF765F900280DD1FEF75AF9FEF715
:10B4B0005FF90128FBD1FEF768F99020FEF76CF9DF
:10B4C0000020FEF771F95FF4001310221021012013
:10B4D000FEF7B4F9FEF7C6F9FEF79CF9FEF7A8F9F6
:10B4E0000128FBD103E0FEF7C4F9FEF79AF901BD8C
:10B4F00080B57E4890F83900012816D18A4890F826
:10B500002800002811D1884890F8240000280CD188
:10B5100004214948FEF73CFA0120FEF78AFA02F0BE
:10B520001FF90120804981F8240000F017F87E48B7
:10B5300090F87900002801D1E9F759FE01BD80B5E6
:10B54000794890F82400012805D102F019F900206B
:10B55000754981F8240000F020F801BD80B57548D8
:10B56000FEF73FFA0120704981F8250001BD80B542
:10B5700001206D4981F825006E48FEF732FA6E48C9
:10B580000078FEF756FA6B48FEF730FAF8F7E9FB59
:10B590000020654981F8250001BD80B56548FEF7AA
:10B5A00025FAF8F7DEFB00205F4981F8250001BD90
:10B5B00010B50400002C13D001205B4981F8240051
:10B5C00004211D48FEF7E4F9012004F079FC02F0A3
:10B5D000C7F8002C02D0200004F072FC02F02EFB11
:10B5E00010BD10B5040001204F4981F8240004214A
:10B5F0001148FEF7CDF9012004F062FC02F0B0F82A
:10B60000002C02D0200004F05BFC02F0B9F800200E
:10B61000454981F824004448007D002803D10421D5
:10B620000548FEF7B7F9404890F82500012801D1F8
:10B63000FFF7B3FF10BD0000000400484C100240AB
:10B640005810024080B504F08AFEE9F77DFFFF2123
:10B650003A48FEF79FF94FF480713848FEF798F9A1
:10B66000FEF75CF94FF480713548FEF770F9102150
:10B670003448FEF770F90120FEF75DF9FEF747F94F
:10B68000FEF774F90120FEF75CF90120FEF74DF991
:10B69000FEF767F9FEF76AF92148FEF79BF90320E8
:10B6A000FEF71EF9FEF706F930BF01BD80B5FEF7C3
:10B6B0004AF8FEF750F80128FBD12348FEF79DF920
:10B6C0002148FEF7A2F903211F48FEF7A2F940F630
:10B6D000FC711D48FEF7A1F91B48FEF7A2F90128ED
:10B6E000FAD11948FEF78DF901BD0000C0350020E0
:10B6F00080B5FEF7C5F8002807D01448007850F050
:10B70000200012490870FEF7C1F801BDD0280020C2
:10B710002038002064380020A4380020243800207D
:10B7200000280040A53800203C3500201C380020AF
:10B730000024F400000C0040D20200200008004861
:10B74000307000402070004000300040A6380020DB
:10B7500072B6FEE72F49096801432E4A116070470F
:10B760002D49096801432C4A11607047294909682D
:10B770008143284A11607047274909688143264A56
:10B7800011607047254909680143244A11607047D8
:10B79000234909680143224A116070471F4909681B
:10B7A00081431E4A116070471D49096881431C4A44
:10B7B000116070471B49096801431A4A11607047BC
:10B7C000194909680143184A116070471549096809
:10B7D0008143144A11607047134909688143124A32
:10B7E00011607047114909680143104A11607047A0
:10B7F0000F49096801430E4A116070470B490968F7
:10B8000081430A4A11607047094909688143084A1F
:10B81000116070470004014020040140040401400D
:10B820002404014008040140280401400C040140A4
:10B830002C04014038B504000025207A002800F0CF
:10B840008780206800283FD0607A002803D0022833
:10B850000FD007D314E02068FFF7A0FF2068FFF7A0
:10B8600079FF0FE02068FFF781FF2068FFF78AFF6C
:10B8700008E02068FFF76EFF2068FFF783FF01E014
:10B8800001200500A07A00281ED0A07A012804D04B
:10B8900018D303280FD007D314E02068FFF7AEFFBA
:10B8A0002068FFF787FF0FE02068FFF78FFF206811
:10B8B000FFF798FF08E02068FFF77CFF2068FFF79C
:10B8C00091FF01E055F00205606800284CD0607AD5
:10B8D000002803D002280FD007D314E06068FFF7D8
:10B8E00063FF6068FFF73CFF0FE06068FFF744FF0D
:10B8F0006068FFF74DFF08E06068FFF731FF6068A0
:10B90000FFF746FF01E055F00405A07A00282BD090
:10B91000A07A012804D018D303280FD007D314E04D
:10B920006068FFF771FF6068FFF74AFF1CE060681E
:10B93000FFF752FF6068FFF75BFF15E06068FFF7F5
:10B940003FFF6068FFF754FF0EE0012005000BE0A9
:10B950002068FFF70BFF2068FFF720FF6068FFF704
:10B960000BFF6068FFF720FF280032BD002036493A
:10B97000096800290BD53749374A11603749364ADB
:10B98000116031490968002901D501210800C0B2C0
:10B9900070472D48006850F000402B490860002097
:10B9A000704729480068400007D52D482D49086098
:10B9B0002D482C490860002000E0012070472248F3
:10B9C000006850F08040204908600020704770B542
:10B9D000040006F0ADF905001C480068C00309D555
:10B9E00014F1010FF8D006F0A3F9401BA042F3D3E5
:10B9F000032026E0154800684CF2FA3108400600A2
:10BA0000002E16D00F48406830430E49486016F0AB
:10BA1000404F06D00E48006816F0404108430C49DC
:10BA20000860B00003D026F04040084908600120BB
:10BA300007E006480068C00702D5012003490860F6
:10BA4000002070BD78010020142002401020024028
:10BA5000182002402301674508200240AB89EFCD42
:10BA60003B2A19080C2002407F6E5D4C38B504005B
:10BA70000025DFF8A4050078012801D102203EE06E
:10BA80000120DFF8941508700020DFF88C1548605D
:10BA90002078C00708D5E268A168606800F064F803
:10BAA000002801D0012005002078800706D52069F4
:10BAB00000F0B5F8002801D00120050020784007EB
:10BAC00007D5A169606900F0D5F8002801D00120F0
:10BAD0000500207800070CD5206A616A884208D0EA
:10BAE000626A216AE06900F059F9002801D001205A
:10BAF00005000020DFF8201508702800C0B232BD14
:10BB000010B50400062020606068002808D0606836
:10BB1000012805D06068022802D0606804280AD194
:10BB2000206850F00100206014F10C0214F10801AB
:10BB3000606800F0C7F900F0F9F9206100F005FA3B
:10BB4000A061E069012802D0E06902280BD12068D9
:10BB500050F00800206014F1240214F1200114F1C7
:10BB60001C0000F0F7F910BDF8B504000D00160038
:10BB70004CF25030FFF72BFF0700FFB2002F4BD1E4
:10BB8000002C0BD1DFF89804006830F0FF10284338
:10BB900050EA0640DFF88814086028E0012C0BD139
:10BBA000DFF88004006830F0FF10284350EA0640B8
:10BBB000DFF8701408601AE0022C0BD1DFF868047B
:10BBC000006830F0FF10284350EA0640DFF85814B0
:10BBD00008600CE0042C0AD1DFF85004006830F053
:10BBE000FF10284350EA0640DFF840140860DFF8F1
:10BBF0002C04006850F40030DFF8201408604CF288
:10BC00005030FFF7E4FE0700DFF81004006830F45E
:10BC10000030DFF8081408603800C0B2F2BD38B553
:10BC200004004CF25030FFF7D2FE0500EDB2002DBB
:10BC30001DD1DFF8FC030068000A00022043DFF892
:10BC4000F0130860DFF8D403006850F40030DFF828
:10BC5000CC1308604CF25030FFF7B9FE0500DFF856
:10BC6000BC03006830F40030DFF8B013086028002F
:10BC7000C0B232BD2DE9F04104000D005FF00008B4
:10BC800000274CF25030FFF7A2FE0600F6B2002E5D
:10BC900040F08080E00705D515F4E06050EA080820
:10BCA00057F4E067A00705D515F4805050EA08085E
:10BCB00057F48057600705D515F4005050EA08087E
:10BCC00057F40057E00405D515F4804050EA080801
:10BCD00057F48047200705D515F4803050EA08084E
:10BCE00057F48037E00605D515F4003050EA08080F
:10BCF00057F40037A00605D515F4802050EA08084F
:10BD000057F48027600605D515F4002050EA08088E
:10BD100057F40027200605D515F4801050EA0808CE
:10BD200057F48017E00505D515F4001050EA08080F
:10BD300057F40017A00505D515F4000050EA0808CF
:10BD400057F40007600505D515F0807050EA080823
:10BD500057F08077200505D515F0007050EA0808E7
:10BD600057F00077B2480068B84358EA0000B0497D
:10BD70000860AA48006850F40030A84908604CF2F6
:10BD80005030FFF724FE0600A448006830F400306D
:10BD9000A24908603000C0B2BDE8F0812DE9F0474B
:10BDA00004000D0016004CF25030FFF710FE0700A3
:10BDB000FFB2002F40F082809E480068C00515D475
:10BDC0005FF0006081469C48006880B24FF6FF71CA
:10BDD000884202D15FF4801004E0974800689749D8
:10BDE00011EA8020400810F1006A14E092480068CF
:10BDF00080B24FF6FF71884202D15FF4801004E0F8
:10BE00008D4800688D4911EA8020400810F10069D2
:10BE10005FF00060824614F00300012818D1B5EBF2
:10BE20000900C008804686480068000C000458EAF3
:10BE3000000083490860B6EB0900C00880468148CD
:10BE40000068000C000458EA00007E4908601BE00E
:10BE500014F00300022817D1B5EB0A00C008804691
:10BE600079480068000C000458EA00007649086030
:10BE7000B6EB0A00C008804674480068000C000455
:10BE800058EA0000714908606E48006820F00040E0
:10BE900014F0004108436B4908606048006850F4A2
:10BEA00000305E4908604CF25030FFF790FD07000B
:10BEB0005A48006830F40030584908603800C0B271
:10BEC000BDE8F08700280AD1554B1B6803F0FF033B
:10BED0000B60534B1B68C3F30743136025E0012835
:10BEE0000AD1504B1B6803F0FF030B604D4B1B68DE
:10BEF000C3F30743136018E002280AD14A4B1B68BA
:10BF000003F0FF030B60484B1B68C3F30743136048
:10BF10000BE0042809D1454B1B6803F0FF030B60BD
:10BF2000424B1B68C3F307431360704740480068E7
:10BF300000F0FF01AA2903D0CC2901D0BB2003E0E7
:10BF40003B48006800F0FF00704739480068000A6D
:10BF500000027047F0B4374E3668F60515D45FF02E
:10BF600000663400344E3668B6B24FF6FF77BE42F4
:10BF700002D15FF4801504E02F4D2D682F4E16EA94
:10BF800085256D0815F1006514E02B4E3668B6B2B4
:10BF90004FF6FF77BE4202D15FF4801404E0264CD6
:10BFA0002468264E16EA8424640814F100645FF0C5
:10BFB00000663500067816F00306012E0FD1204EDC
:10BFC0003668B6B2330014EBC3060E601D4E3668F9
:10BFD000B6B2330014EBC306F61D166013E0067804
:10BFE00016F00306022E0ED1174E3668B6B2330095
:10BFF00015EBC3060E60154E3668B6B2330015EB6E
:10C00000C306F61D166006680E4F3F6817F000471E
:10C010003E430660F0BC70477801002014200240C7
:10C020002C200240302002404C2002405020024090
:10C030002020024000000140E075FF1F00FCFF03CC
:10C040002420024028200240442002404820024090
:10C05000F8B504460D4616461F4605F06FFE3B46F2
:10C0600032462946204601B0BDE8F04005F07DBECD
:10C070000278C9B28A421AB11CBF10F8012FF9E741
:10C0800018BF00207047000000F10103810704D0B1
:10C0900010F8011B89B18107FAD10268B2F10131B0
:10C0A000914311F0803F04BF50F8042FF6E710F8D9
:10C0B000011B11B110F8011BFBE7C01A704700000B
:10C0C000C9B2830706D0521E22D310F8013B994211
:10C0D000F7D11FE0083A13D302F1040241EA01212B
:10C0E00041EA014150F8043B121F21BF4B40A3F12C
:10C0F000013C2CEA030C1CF0803FF3D0C9B2001FB6
:10C10000083210F8013B521E28BF91EA030FF8D8FD
:10C1100018BF0120401E704780B505F00FFE0120BA
:10C1200002BD000070B5054605F10F00C408AFF36D
:10C130000080E400A54232D2082C04D2082402E098
:10C14000083000F055F82248026811000CD1011D9A
:10C150000A6802B31368A34238BF111DF8D310E078
:10C160001D68A5420DD2191D0B68002BF8D112686D
:10C17000011D00E0191D0B6893420CD01D68A542FB
:10C18000F8D361B10D682A68A2F10803A3420AD26C
:10C190006A680A600FE005F00BFE0028D0D1AFF30B
:10C1A0000080002070BD2B190B60121B6E685E6052
:10C1B0000B681A602C60096800291DBF4A68002AB4
:10C1C000091D00210160AFF3008005F1080070BD7A
:10C1D000A837002070B504460D46164605F0AEFDA2
:10C1E000324629462046BDE8704005F0B1BD00004A
:10C1F00000B9704738B5A0F108042068082833D387
:10C2000010F0070F30D1AFF300801848416809B132
:10C210008C4203D26160446017E019464B680BB151
:10C22000A342FAD30B68CD18AC421BD3A54204D16C
:10C230002268D2180A600C4607E04A681AB12368DF
:10C2400023449A420ED362604C60616851B1226807
:10C25000A3188B4206D10023036008688018206071
:10C2600048686060AFF3008031BD0000A83700204F
:10C2700030B4436803F000420121C3F31303436069
:10C28000002B04BF0368002B08D10DE00368DD0F0D
:10C2900045EA440444605B000360491E4468E302CD
:10C2A000F4D5C4F31303436043681A43426008465D
:10C2B00030BC704770B504460D466068C0F30A5044
:10C2C00040F2FF71884207D16068000304BF206814
:10C2D000002817D0022070BD20B92046FFF7C8FF04
:10C2E000012866DA012D0FDB40F2FF71091A8D4239
:10C2F0000AD3606800284CBF9FED2F0B9FED300BD9
:10C3000084ED000B012070BD4142A942616806DA4C
:10C310006FF31E51401941EA0050606040E0401E3A
:10C3200063684519012205F1350062F31F53352872
:10C3300001F00041636003D361600020206070BDA4
:10C34000002015F11F0F04DA206823600022203539
:10C3500062606A4212D0401E25688041C2F120030B
:10C36000C0439D4045EAD07025686668D54006FA0E
:10C3700003F32B4323606368D340636062680A431E
:10C38000B0F1004F626003D80DD12078C0070AD504
:10C390002068401C2060206828B96068401C6060EC
:10C3A0004FF0FF3070BD6068884204BF20680028ED
:10C3B000F6D1002070BD00BF000000000000F0FFBB
:10C3C000000000000000F07FF0B44FF0004591EA5B
:10C3D000030F44BF6B4005F00BBD00BF841A71EB27
:10C3E000030604D26E40001BB141121973414FF491
:10C3F000001C1CEB410F34BF7CEB430684E00C0DAA
:10C40000A4EB1356362E7DDC012E43DC45EAC32314
:10C4100043EA525312BFD20292025B08240545EA56
:10C42000C12141EA5051D2EBC020994125D407D116
:10C43000B0FA80F610FA06F164D00020203608E049
:10C44000B1FA81F6B140C6F1200220FA02F211439E
:10C45000B0404FEAF474B4EB465434F001064FEAAE
:10C4600074040AD8D6F50016760D04F00044F040A6
:10C4700061FA06F25040F1404840C00A40EA41509B
:10C4800021F0004128BF5FEA500550F1000044EB65
:10C49000D12137E045EAC323DB0A45EAC121C90AB5
:10C4A000B6F120050EDD42EA0242120CC5F120066B
:10C4B00003FA06F6EB4042EA06056D42984161F147
:10C4C00000010DE062FA06F5F240554063FA06FC01
:10C4D00082EA0C02F3405A406D42904161EB030145
:10C4E00011F4801F05D1641E620502D06D00404129
:10C4F000494121F48011430875F1004350F10000D7
:10C5000041EB0451F0BC70471CEB410F15D223F0F6
:10C51000004352EA43060BD04FEA4C0CBCEB410FF0
:10C5200004D80C0D661E342EB7DDEBE7801A994156
:10C5300050EA410608BF0021E4E708BF1CEB430FA7
:10C5400028BF6FF00001DDE780B5134805F0BAFCA5
:10C550000FF24C020FF244010160426241600FF29F
:10C560004402826381600FF24402C1600161416153
:10C5700081618162C16201634163C263016441649C
:10C5800001BD10B5044805F09DFC0446206808B9BB
:10C59000FFF7DAFF204610BD000000200000000079
:10C5A0002E00000066616C73650000007472756592
:10C5B0000000000091FBF2F303FB1211C0E900310F
:10C5C0007047000050EA010200F00E80094200BFEF
:10C5D0000BD1B0FA80F18840C1F19D01C905020676
:10C5E00072F1004241EB10207047B1FA81F24140F4
:10C5F0009040C2F1200261FA02F181EA000018BF06
:10C6000040F0010002F19D01E8E70000B5EEC00A2C
:10C61000F1EE10FA02D4B1EEC00A70476FF0004C90
:10C6200000EE10CA00F08AB881423ABF531898420F
:10C63000E8F784BD8018990707D0521E24BF13F86D
:10C64000011D00F8011DF6D8704781071CD1103A72
:10C6500007D330B433E93210103A20E93210F9D25E
:10C6600030BC1032121F24BF53F8041D40F8041DC3
:10C67000F8D838BF121D521E24BF13F8011D00F850
:10C68000011DF8D8704700BF083A07D333E90210FC
:10C69000083A40F804CD40F8041DF7D20832EAE722
:10C6A00062F30F2262F31F42401810F0030308D018
:10C6B000C91A1FD3DB0748BF00F8012D28BF20F897
:10C6C000022D130030B414461546103928BF20E956
:10C6D0003C00FAD8490728BF20E90C0048BF40F8C1
:10C6E000042D890028BF20F8022D48BF00F8012D35
:10C6F00030BC7047C91818BF00F8012DCB0728BF00
:10C7000000F8012D7047000070B4020000201300F3
:10C71000002489B28C4207D2054DC0B21E78704009
:10C72000285C5B1C641CF4E7C0B270BC704700005E
:10C730007CCA0A08002205F0C7BB00001FB505F03F
:10C74000DDFB212101601FBD01480068704700002A
:10C75000B402002010B50024032005F055FC002091
:10C7600005F0B4FA002802D00120040001E005F031
:10C7700091FC2000C0B210BD81617047816270479A
:10C78000016851F0010101607047026A0A430262C8
:10C790007047DFF82C160968DFF824261268521A51
:10C7A0008242F9D3704780B54FF48071DFF81406E8
:10C7B000FFF7E4FF0320DFF8101608700020DFF811
:10C7C0000C1608700020DFF8081608800020DFF83B
:10C7D000041608600020DFF8001608600020DFF86B
:10C7E000FC1508604FF41670DFF8F415088000207F
:10C7F0000021DFF8F025C2E900010020DFF8E8158C
:10C80000086001BDDFF8E405B0F86B00DFF8E01563
:10C81000A1F85F000520DFF8D815A1F86100DFF866
:10C82000CC05D0F8431000EE101ADFF8C40510EE66
:10C83000101AC0F86310DFF8B405416900EE101A51
:10C84000DFF8AC0510EE101AC0F86710DFF8A0058D
:10C85000D0F8631000EE101ADFF89405DFED6E0AD1
:10C8600080EE800A10EE101AC0F86B10DFF8800519
:10C87000D0F8631000EE101ADFF87405DFED670AD8
:10C8800080EE800A10EE101AC0F86F10DFF8600515
:10C89000D0F8631000EE101ADFF85405F2EE0E0A1D
:10C8A00080EE800A10EE101AC0F87310DFF8400511
:10C8B000DFF84015C0F877100520DFF8341581F84F
:10C8C0007B007047F8B5060000244FF48071DFF854
:10C8D000F404FFF753FF0320DFF8EC140870002086
:10C8E000DFF814150870DFF800050068401CDFF859
:10C8F000F8140860DFF8DC0400684FF4007101FBF5
:10C900000060DFF8F8140860DFF8F00490ED000A2A
:10C91000DFF8DC04D0F8771000EE901AB8EE400A89
:10C9200020EE200ABCEEC00ADFF8D00480ED000A39
:10C93000DFF8A4040768DFF8A404D0F800C05FF0B3
:10C94000000EDFF8B80400683818DFF8B01408608B
:10C950000020DFF884140860DFF8A0040068864631
:10C96000DFF8980490ED000AB8EE400ADFED7A0A8D
:10C9700080EE200ADFED790A20EE200AF44503D28A
:10C98000BEEB0C00040002E0BCEB0E000400DFF87C
:10C990005404D0E900232000002110185941DFF889
:10C9A0004424C2E90001DFF85804D0E90001002561
:10C9B000A94207D801D3A04204D20025DFF84004E1
:10C9C000C0E90045DFF834040068DFF8101408609F
:10C9D0004FF41670DFF808140880DFF8F0030078D1
:10C9E00010F0FD00DFF8E4130870DFF80424D2F83B
:10C9F0005700D2F85B10DFF8F823401C71F1FF31CB
:10CA0000C2F85700C2F85B10DFF8F8030068401C5A
:10CA1000DFF8F0130860F1BD95BFD63377CC2B3229
:10CA200070B500244FF48071DFF89803FFF7A6FE7D
:10CA3000DFF8D4030068DFF8C41308600420DFF8CF
:10CA4000881308700020DFF8B0130870DFF898032F
:10CA50000068401CDFF890130860DFF8800302686C
:10CA60000023DFF898030068DFF8641309885FF497
:10CA7000803505FB0100DFF884130860DFF87C03D4
:10CA800000680300DFF8740390ED000AB8EE400A76
:10CA9000DFED310A80EE200ADFED300A20EE200AB9
:10CAA0009A4202D2981A040001E0D01A0400DFF87A
:10CAB0003403D0E90001002500196941DFF824534F
:10CAC000C5E90001DFF83803D0E900010025A942DB
:10CAD00008D801D3A04205D220000021DFF820535E
:10CAE000C5E90001C5480068BC490860C04DD5F8DB
:10CAF0005700D5F85B10BE4D401C71F1FF31C5F8F1
:10CB00005700C5F85B104FF41670B5490880AF4860
:10CB1000007810F0FD00AD490870BC480068401C6A
:10CB2000BA49086070BD80B5A9480088401CA84972
:10CB30000880A748008800280CD0A3480078002867
:10CB400008D10120A0490870F7F7C5F81020B049B6
:10CB500081F8350001BD00000024744B00007A44C8
:10CB600070B52DED028BAB480068401CA9490860E8
:10CB700098480068401C97490860A748008800282A
:10CB800040F08980984800683D2838D372B69548AF
:10CB9000D0E900459448066862B620002900FFF7F6
:10CBA00011FD00EE100A00EE906AF8EE600A80EEC9
:10CBB000208ABCEEC80A10EE100A05F091FA1E2178
:10CBC000484308EE900A8E48D0E90001FFF7FAFCCE
:10CBD00000EE100AF8EE680A70EE880AF4EE400AD9
:10CBE000F1EE10FA0BD5701E7F4908608448D0E939
:10CBF0000001201A75EB01017A4AC2E90001002008
:10CC000000217F4AC2E900013F20834908800120BA
:10CC10008249087074480068814908607148D0E909
:10CC200000017F4AC2E9020101207D4908617D4877
:10CC3000D0E900236C480068002110185941794A56
:10CC4000C2E900017848D0E90001664AD2E9002330
:10CC500080185941744AC2E9000174480068401CB8
:10CC600072490860002060490860002000215D4A88
:10CC7000C2E900015A480088002806D153480078CC
:10CC800050F00200514908700AE055480088401EE3
:10CC90005349088004E060480088401E5E490880CF
:10CCA000494800780028012803D9801E02283ED96F
:10CCB00082E05F480088002833D15E4800885C49E4
:10CCC00008804FF480713F48FFF758FD02203E492D
:10CCD00008700020484908703E4800684FF4007111
:10CCE000484346490860454890ED000A4048D0F85E
:10CCF000771000EE901AB8EE400A20EE200ABCEE43
:10CD0000C00A3E4880ED000A3C4800683249096884
:10CD10004118314A116048490968491C464A116066
:10CD200004E043480088401E4149088044E03848F8
:10CD300090F8770000283FD124480078042801D0DB
:10CD400003F097F92C480078002835D000202049BE
:10CD5000088000201F4908600020384908601A48F0
:10CD60000078042808D0F6F79AFF10213448FFF71E
:10CD70000CFD3348FFF704FD0020134908704FF401
:10CD800080711048FFF7F8FC2E480078FFF701FD8E
:10CD90007FF004002C4908607FF001002A490860F8
:10CDA0002A48006850F001002849086027480068B8
:10CDB00050F0040025490860BDEC028B70BD0000F6
:10CDC000041000E000040048D1020020A638002032
:10CDD00092380020003800200C3800200438002051
:10CDE000C80200208837002010380020C0350020FD
:10CDF000DC020020D723F443A338002008380020A9
:10CE000080370020F437002068380020F0370020F9
:10CE10003C350020FC370020C6020020A43800204A
:10CE20001002002098370020A0370020443800204E
:10CE300094380020CA020020F83700202404004063
:10CE400000040040CF020020100400400C04004009
:10CE5000DFF844090068C0F30220704740B20028A0
:10CE600009D4012110F01F029140DFF8302940B2AF
:10CE7000430942F82310704710B440B2002805D48B
:10CE80000A01DFF81C3940B21A5408E00A01DFF841
:10CE9000143940B210F00F04234403F8042C10BCE2
:10CEA000704770B4030013F00704D4F10706052E91
:10CEB00001D3042001E0D4F10700261D072E01D282
:10CEC000002500E0E51E012616FA00F0401E08408D
:10CED000A8400121A940491E1140084370BC704779
:10CEE00081B0DFF8C41809680143DFF8BC2811607D
:10CEF000DFF8B418096801400091009901B070474B
:10CF000081B0DFF8A81809680143DFF8A028116094
:10CF1000DFF89818096801400091009901B0704746
:10CF200081B0DFF88C1809680143DFF884281160AC
:10CF3000DFF87C18096801400091009901B0704742
:10CF4000016851F00101016070470168490849001A
:10CF500001607047016851F080010160704701680D
:10CF600031F0800101607047026A0A430262704733
:10CF7000026A8A430262704770B4012901D100221B
:10CF800020E0042901D101221CE0102901D1022254
:10CF900018E0402901D1032214E0B1F5807F01D1CE
:10CFA00004220FE0B1F5806F01D105220AE0B1F54E
:10CFB000805F01D1062205E0B1F5803F01D1072253
:10CFC00000E0082210F11803DFF8E847D2B2A45CB1
:10CFD0001B191C680425DFF8E067D2B2B65CB540C7
:10CFE000AC431C6070BC704770B4012901D10022B1
:10CFF00020E0042901D101221CE0102901D10222E4
:10D0000018E0402901D1032214E0B1F5807F01D15D
:10D0100004220FE0B1F5806F01D105220AE0B1F5DD
:10D02000805F01D1062205E0B1F5803F01D10722E2
:10D0300000E0082210F11803DFF87847D2B2A45CB0
:10D040001B191C680825DFF87067D2B2B65CB540C2
:10D050002C431C6070BC7047F0B4012901D100233F
:10D0600020E0042901D101231CE0102901D1022371
:10D0700018E0402901D1032314E0B1F5807F01D1EC
:10D0800004230FE0B1F5806F01D105230AE0B1F56B
:10D09000805F01D1062305E0B1F5803F01D1072370
:10D0A00000E0082310F11804DFF80857DBB2ED5C4C
:10D0B000641925680326DFF80477DBB2FF5CBE4005
:10D0C000B543160CDFF8F476DBB2FF5CBE403543A7
:10D0D0002560F0BC7047F0B4012901D1002320E0A5
:10D0E000042901D101231CE0102901D1022318E0F9
:10D0F000402901D1032314E0B1F5807F01D104233D
:10D100000FE0B1F5806F01D105230AE0B1F5805F32
:10D1100001D1062305E0B1F5803F01D1072300E0EE
:10D12000082310F11804DFF88C56DBB2ED5C6419AB
:10D1300025680C26DFF88476DBB2FF5CBE40B54381
:10D14000160CDFF87876DBB2FF5CBE403543256015
:10D15000F0BC7047F0B4012901D1002320E004297C
:10D1600001D101231CE0102901D1022318E040293C
:10D1700001D1032314E0B1F5807F01D104230FE036
:10D18000B1F5806F01D105230AE0B1F5805F01D1CF
:10D19000062305E0B1F5803F01D1072300E0082315
:10D1A00010F11804DFF80C56DBB2ED5C6419256849
:10D1B000F026DFF80876DBB2FF5CBE40B543160C04
:10D1C000DFF8F875DBB2FF5CBE4035432560F0BC8C
:10D1D000704770B4012901D1002320E0042901D156
:10D1E00001231CE0102901D1022318E0402901D1BC
:10D1F000032314E0B1F5807F01D104230FE0B1F5E2
:10D20000806F01D105230AE0B1F5805F01D10623CB
:10D2100005E0B1F5803F01D1072300E00823046A4F
:10D220000A25DFF89C65DBB2F65CB540AC43DFF85D
:10D230009055DBB2ED5C12FA05F52C43046270BC2C
:10D240007047816831F48041816070478268DFF8FF
:10D2500074351A400A4382607047426832F07002A7
:10D260000A4342607047426832F470020A434260E7
:10D270007047816831F080018160704710B4846824
:10D2800034F43F440C4314431C43846010BC704787
:10D29000416C51F4004141647047826832F00802E9
:10D2A0000A4382607047C16851F00101C160704754
:10D2B000C16851F00201C1607047C16851F01001AE
:10D2C000C1607047416951F001014161704700B58B
:10D2D0009DB006A81421FFF72DFA15A8DFF8E81471
:10D2E00091EC080B80EC080B0BA82821FFF722FA21
:10D2F0006846DFF8D81491EC060B80EC060B4FF46F
:10D300000060FFF70DFEFFF7A3FD00220021FFF7ED
:10D31000C8FD01001820FFF7AFFD1820FFF79EFDA4
:10D320004FF4C870ADF81800002007901420089042
:10D330000020099000200A9006A9DFF8940404F068
:10D3400005FFDFF88C04FFF70AFE0021DFF88004F8
:10D35000FFF77CFF0121DFF87804FFF745FE60202E
:10D36000159000201690002017900A201890002099
:10D37000199000201A9000201B9000201C9015AAE4
:10D380000121DFF84C0404F050FF0121DFF84004D4
:10D39000FFF7F2FD0021DFF83804FFF77EFFDFF82A
:10D3A0003004FFF74EFF002300220021DFF82004A5
:10D3B000FFF764FF0021DFF81804FFF74EFF00219C
:10D3C000DFF80C04FFF74FFFDFF80404FFF751FF0D
:10D3D00000200B9000200C9000200D9000208DF874
:10D3E00038000020ADF83A004FF400500F900020B4
:10D3F0001090002011905FF00070129000201390A8
:10D40000002014900BA9DFF8C80304F04CFF0120A2
:10D41000FFF766FD4FF4807000900220019000201D
:10D42000029000200390002004900120059069469E
:10D430005FF09040FCF7FBF81DB000BD80B5DFF851
:10D440009003FFF725FF0121DFF88403FFF78CFD30
:10D45000DFF87C03FFF774FDDFF87403FFF732FF9A
:10D4600001BD80B50121DFF86803FFF781FDDFF81A
:10D470006003FFF76AFD01BD00B585B06846142161
:10D48000FFF758F90220FFF73BFD0220FFF728FDC8
:10D49000F6F705FCFFF7DCFC00220021FFF701FD99
:10D4A00001001D20FFF7E8FC1D20FFF7D7FC00203E
:10D4B000ADF80000002001904FF6FF7002900020B0
:10D4C00003906946DFF80C0304F040FEC148FFF703
:10D4D00041FD0021BF48FFF7B9FE0021BD48FFF71D
:10D4E000BCFEBC48FFF7C5FE5FF480321021B9488E
:10D4F000FFF7B2FD00221021B648FFF7ECFD002235
:10D500001021B448FFF726FE00221021B148FFF792
:10D5100060FE05B000BD00B58DB008A81421FFF76E
:10D5200009F96846AC4991EC080B80EC080B08201F
:10D53000FFF7E6FCFFF78CFC00220021FFF7B1FCAF
:10D5400001003220FFF798FC3220FFF787FC4FF4F0
:10D550007A70ADF820000020099064200A90002025
:10D560000B9008A99D4804F0F1FD9C48FFF7F7FCDB
:10D5700001219A48FFF738FD6020009000200190BB
:10D58000002002900A200390002004906A460121A6
:10D59000924804F04AFE01219048FFF7EDFC00217B
:10D5A0008E48FFF77AFE8D48FFF74BFE00230022DE
:10D5B00000218A48FFF762FE00218848FFF74DFEF0
:10D5C0008648FFF756FE8548FFF772FE8348FFF74F
:10D5D0006AFE01218148FFF7C7FC8048FFF772FE11
:10D5E0007E48FFF7B2FC0A2002F06AFCF6F7B9FBAE
:10D5F0000DB000BD00B59DB006A81421FFF79AF844
:10D6000015A8774991EC080B80EC080B0BA8282192
:10D61000FFF790F86846734991EC060B80EC060B17
:10D620004FF40050FFF77CFCFFF712FC00220021B2
:10D63000FFF737FC01002C20FFF71EFC2C20FFF722
:10D640000DFCFFF705FC00220021FFF72AFC01007A
:10D650002E20FFF711FC2E20FFF700FCFF20ADF875
:10D660001800002007901620089000200990002044
:10D670000A9006A95C4804F069FD5B48FFF76FFC5F
:10D680004FF480515848FFF7AFFC60201590002000
:10D690001690002017900B20189000201990002061
:10D6A0001B9000201C9015AA4FF480514E4804F0A6
:10D6B000BCFD4FF480514C48FFF75EFC00214A4806
:10D6C000FFF7EBFD4848FFF7BCFD002300220021D7
:10D6D0004548FFF7D3FD00214348FFF7BEFD002179
:10D6E0004148FFF7C0FD4048FFF7C3FD00200B9005
:10D6F00000200C9000200D9000208DF838000020B4
:10D70000ADF83A004FF400500F9000201090002028
:10D7100011905FF000701290002013900020149080
:10D720000BA9314804F0BFFD2F48FFF7C6FD2E4876
:10D73000FFF7B9FD0420FFF7D3FB4FF40070009012
:10D74000022001900020029000200390002004900D
:10D750000320059069462548FBF769FF1DB000BD11
:10D7600080B52148FFF794FD4FF480511E48FFF724
:10D77000FBFB1D48FFF7E4FB1B48FFF7A3FD01BDC2
:10D7800080B54FF480511848FFF7F2FB1648FFF7B9
:10D79000DCFB01BD000000000CED00E000E100E05A
:10D7A00000E400E018ED00E04C1002405810024088
:10D7B0006010024060F50A086CF50A0878F50A085E
:10D7C00084F50A08F8BFFEFF90DD0A08A0E10A0808
:10D7D000002C014000040040B0DD0A08000C0040AD
:10D7E000D0DD0A08B8E10A0800340140000800480A
:10D7F000DFF8D8040068C0F30220704740B2002868
:10D8000009D4012110F01F029140DFF8C42440B276
:10D81000430942F82310704710B440B2002805D4E1
:10D820000A01DFF8B03440B21A5408E00A01DFF808
:10D83000A83440B210F00F04234403F8042C10BCA9
:10D84000704770B4030013F00704D4F10706052EE7
:10D8500001D3042001E0D4F10700261D072E01D2D8
:10D86000002500E0E51E012616FA00F0401E0840E3
:10D87000A8400121A940491E1140084370BC7047CF
:10D88000DFF85804006850F00100DFF85014086019
:10D890007047DFF84804006840084000DFF83C1497
:10D8A00008607047DFF83414096831F0180101434B
:10D8B000DFF8282411607047DFF820040068400872
:10D8C00010F001007047DFF81804006850F0010004
:10D8D000DFF80C1408607047DFF8040400684008A3
:10D8E0004000DFF8FC1308607047DFF8F4030068BD
:10D8F000400810F001007047DFF8E8130968020CD7
:10D900001204914351EA0041DFF8D82311607047B7
:10D91000DFF8C813096831F440710143DFF8BC2314
:10D9200011607047DFF8B403006850F40040DFF87E
:10D93000AC1308607047DFF8A403006850F480302F
:10D94000DFF8981308607047DFF89003006830F440
:10D950008030DFF888130860704781B0DFF88813E3
:10D9600009680143DFF880231160DFF87C13096840
:10D9700001400091009901B07047DFF87013096809
:10D980000143DFF8682311607047DFF8641309680A
:10D990000143DFF85C2311607047DFF8580300682B
:10D9A00050F48070D34908607047826832F04002BA
:10D9B0000A4382607047816851F02001816070479E
:10D9C000026932F4FE0252EA0142026170470269C2
:10D9D000D20BD2030A4302617047FF2141627047B4
:10D9E000CA214162532141627047816851F48071BC
:10D9F00081607047816831F4807181607047C269CD
:10DA000032F080320A43C2617047426C32F0706279
:10DA100052EA016242647047816851F4007181608A
:10DA20007047816831F4007181607047026A32F09A
:10DA300080320A4302627047826C32F0706252EAAE
:10DA4000016282647047816851F48061816070472F
:10DA5000816831F48061816070478268D208D200A9
:10DA60000A43826070474269120C12040A43426101
:10DA70007047C16811F0800171F49061C160704716
:10DA8000C16811F0800171F42071C1607047C168F4
:10DA900011F0800171F4C071C1607047C0688008E6
:10DAA00010F001007047816851F480418160704737
:10DAB000816851F4005181607047816851F4805150
:10DAC0008160704780B55FF08050FFF746FFFFF739
:10DAD00064FFFFF701FFFFF7EFFE002814D1FFF707
:10DAE0002AFFFFF731FF0820FFF7DCFEFFF7C8FE33
:10DAF000FFF7E2FE002807D1FFF7CBFEFFF7E3FEBA
:10DB0000FFF7F3FE0028FBD0FFF7D6FE00280CD06D
:10DB10004FF48070FFF7FCFE5FF00C10FFF7ECFE97
:10DB20005FF03010FFF7E8FE09E04FF40070FFF7F8
:10DB3000EFFE7148FFF7E0FE7048FFF7DDFEFFF7EC
:10DB4000F1FE6F48FFF74CFF00216D48FFF72DFFF6
:10DB50007F216B48FFF734FFFF216948FFF737FF4C
:10DB60006748FFF775FF6648FFF798FF0128FAD16D
:10DB7000CC216348FFF777FF00216148FFF76DFF75
:10DB80005F48FFF737FF5FF080315D48FFF737FFF1
:10DB900007215B48FFF739FF5948FFF778FF5848DE
:10DBA000FFF78BFF5648FFF73CFF5FF0803154488A
:10DBB000FFF73CFF01215248FFF73EFF5048FFF7B7
:10DBC0005FFF4F48FFF774FF4D48FFF73CFF4C489D
:10DBD000FFF769FF4A48FFF74CFF4948FFF7EBFEA4
:10DBE0004748FFF7FAFE5FF48020FFF7CEFE5FF4B0
:10DBF0008020FFF7C2FEFFF7FBFD00220021FFF7A8
:10DC000020FE01002920FFF707FE2920FFF7F6FD7F
:10DC10005FF48010FFF7B9FE5FF48010FFF7ADFEF0
:10DC2000FFF7E6FD00220021FFF70BFE01000320B5
:10DC3000FFF7F2FD0320FFF7E1FD01BD80B531489C
:10DC40000068C0050BD42E48FFF7CAFE2C48FFF72A
:10DC5000CCFE2B48FFF71BFF2948FFF7BEFE01BD96
:10DC600080B528480068C0050BD52548FFF7B8FEE9
:10DC70002348FFF7BFFE2248FFF709FF2048FFF7C0
:10DC8000ACFE01BD80B51F48006880050BD41C4860
:10DC9000FFF7A6FE1A48FFF7BFFE1948FFF7F0FE90
:10DCA0001748FFF79AFE01BD80B516480068800549
:10DCB0000BD51348FFF794FE1148FFF7B2FE10484A
:10DCC000FFF7DEFE0E48FFF788FE01BD0CED00E019
:10DCD00000E100E000E400E018ED00E090100240F8
:10DCE0009410024088100240581002400004014085
:10DCF000080401400070004004000C0010003000D7
:10DD00000028004008280040826832F0E0720A4390
:10DD10008260704780B50021DFF85406FFF7F4FFFA
:10DD200001BD70B410F130038C0914F00C04E31839
:10DD30001C681F2511F01F06B540AC43C2F3846573
:10DD400011F01F06B5402C431C6070BC704770B4C6
:10DD500010F11403CC0D14F00404E3181C6807251B
:10DD60000E0D16F01F06B540AC430D0D15F01F0546
:10DD700012FA05F52C431C6070BC704730B4D0F823
:10DD8000B0304C03640BA343DFF8E84512F01805EC
:10DD9000EC400C406403640B2343C0F8B03030BC4B
:10DDA00070470269DFF8D0351A400A4302617047B4
:10DDB0008168DFF8C8251140816070478168DFF80D
:10DDC000C025114051F08051816070478168DFF8B3
:10DDD000B4251140816070478168DFF8A4251140A7
:10DDE00051F00101816070478168DFF8942511408E
:10DDF00051F0020181607047806810F001007047A7
:10DE00008068400810F0010070478268DFF87835BC
:10DE10001A4011F080431A4352F00042826070476A
:10DE20008068C00F70478168DFF85425114051F0B9
:10DE30000401816070478068800810F0010070471D
:10DE4000006810F0010070470068800810F00100C1
:10DE50007047042101607047DFF83015096831F020
:10DE600040510143DFF824251160704781B0DFF88D
:10DE7000201509680143DFF818251160DFF8101537
:10DE8000096801400091009901B07047C26A0A43D5
:10DE9000C262704710B594B068460021002200238A
:10DEA0000EC00C3803A8DFF8EC1491EC060B80ECE4
:10DEB000060BDFF8E4040FC80FAC84E80F0009A8D4
:10DEC000DFF8D81491EC060B80EC060B5FF04050A5
:10DED000FFF7C2FF4FF40050FFF7C8FF0220FFF723
:10DEE000C5FF0120099003200A9000200D9009A988
:10DEF000DFF8AC04FBF79BFB0121DFF8A404FFF77C
:10DF0000C5FF082000900020019000200290694683
:10DF1000DFF8900404F0E2FB00200390002004905E
:10DF20000020059000200690002007900020089017
:10DF300003A9DFF8700404F0EAFB5FF410100F90FF
:10DF4000002010900FA9DFF8280404F097FB0021AF
:10DF5000DFF81C04FFF7D8FEDFF84804FFF728FFBE
:10DF6000DFF84004FFF72AFFDFF83C040068DFF821
:10DF70003C14B0FBF1F0142148430A21B0FBF1F04E
:10DF80000400002C01D0641EFBE7DFF824240621E6
:10DF9000DFF81004FFF7C5FE0022DFF81414DFF8E5
:10DFA0000404FFF7D4FE7F22DFF80414DFF8F40343
:10DFB000FFF7E4FE14B010BD10B594B06846002120
:10DFC000002200230EC00C3803A8DFF8E81391EC00
:10DFD000060B80EC060BDFF8E0030FC80FAC84E8FB
:10DFE0000F0009A8DFF8D41391EC060B80EC060BA8
:10DFF0000120FFF73BFF4020099003200A900020FA
:10E000000D9009A95FF09040FBF711FB40215FF0F4
:10E010009040FFF73BFF0820009000200190002077
:10E0200002906946DFF8980304F058FB0020039043
:10E03000002004900020059000200690002007900A
:10E040000020089003A9DFF8780304F060FB5FF478
:10E0500010100F900FA9DFF8180304F00FFB002138
:10E06000DFF80C03FFF750FEDFF85403FFF7A0FEC4
:10E07000DFF834030068DFF83413B0FBF1F014214B
:10E0800048430A21B0FBF1F00400002C01D0641ECB
:10E09000FBE7DFF830230621DFF82403FFF741FE1A
:10E0A0000022DFF82013DFF81803FFF750FE7F226D
:10E0B000DFF81013DFF80803FFF760FE14B010BD9F
:10E0C00080B500200090B748FFF796FE00282ED1BB
:10E0D000B448FFF76DFEB4480068B449B0FBF1F0F6
:10E0E000142148430A21B0FBF1F000900098002869
:10E0F00003D00098401E0090F8E77F21A948FFF761
:10E1000084FEA848FFF78CFE0028FAD1402000903A
:10E110000098002803D00098401E0090F8E7A1481E
:10E12000FFF75AFE9F48FFF78BFE0028FAD001BD8B
:10E1300080B500200090A248FFF75EFE002831D194
:10E140009F48FFF735FE9E48FFF738FE9648006867
:10E150009649B0FBF1F0142148430A21B0FBF1F0DD
:10E1600000900098002803D00098401E0090F8E727
:10E170007F219348FFF749FE9148FFF751FE0028A1
:10E18000FAD1402000900098002803D00098401E4B
:10E190000090F8E78A48FFF71FFE8948FFF750FE16
:10E1A0000028FAD001BD10B58EB0684600210022CB
:10E1B00000230EC00C3803A8834991EC060B80ECB9
:10E1C000060B82480FC809AC84E80F0000200090BD
:10E1D000002001900020029069467D4804F07EFAFC
:10E1E000002003900020049000200590002006905D
:10E1F000002007900020089003A9754804F087FAD2
:10E2000000217348FFF7CDFD0020099009A9584867
:10E2100004F034FA6E48FFF7CBFD634800686349A9
:10E22000B0FBF1F0142148430A21B0FBF1F00400E7
:10E23000002C01D0641EFBE7664A06216448FFF704
:10E2400070FD062263496248FFF781FD7F22614924
:10E250005F48FFF793FD0EB010BD80B50020009021
:10E260005FF400014248FFF74FFD4F4800684F49F7
:10E27000B0FBF1F0782148430A21B0FBF1F00090A7
:10E280000098002803D00098401E0090F8E75048FE
:10E29000FFF7B2FD002843D1434800684349B0FB73
:10E2A000F1F00F2148430A21B0FBF1F000900098F3
:10E2B000002803D00098401E0090F8E74448FFF77C
:10E2C00077FD4348FFF77AFD374800683749B0FBD0
:10E2D000F1F0142148430A21B0FBF1F000900098BE
:10E2E000002803D00098401E0090F8E77F213848AE
:10E2F000FFF78BFD3648FFF793FD0028FAD1402049
:10E3000000900098002803D00098401E0090F8E785
:10E310002F48FFF761FD2E48FFF792FD0028FAD045
:10E3200001BD80B52A48FFF767FD01280CD12848B8
:10E33000FFF766FD002807D12548FFF77CFD002880
:10E3400002D12348FFF76FFD2148FFF77DFD00282C
:10E35000FAD01F48FFF77DFD01BD80B51C48FFF7CF
:10E3600043FD1B48FFF732FDFFF7D4FC01BD000061
:10E3700000030450FFFF0700FCFBFFFFC0FFFF5F2F
:10E38000C0FFFF7FC0FFFF6FC0FFFF3F881002404C
:10E390004C10024030DF0A0838E30A0848DF0A0858
:10E3A0000004004800000450B4020020400D0300A7
:10E3B0000080F03E60DF0A0848E30A0878DF0A08B8
:10E3C000000104500008302E90DF0A0858E30A08C4
:10E3D00000020450000052C781617047816270479B
:10E3E00070B52DED028B90B000240020B0F5007FB9
:10E3F00005D20021DFF8D02C1154401CF6E70CA800
:10E40000F4F738FE09A8F4F7F9FDDFF8C02CE8A10D
:10E41000DFF8B40CE8F77AFF04000D20DFF8A81C41
:10E4200008550A20DFF8A01C21444870A41C5D2078
:10E4300008900020079001200690DFF8980C0590C6
:10E440000B9804900A980390099802900C980190F8
:10E450000D9800900E9BDFF8802CDFF8801CDFF811
:10E46000680C2044E8F752FF001904000D20DFF883
:10E47000581C08550A20DFF8501C21444870A41C81
:10E48000DFF85C2CCAA1DFF8400C2044E8F73EFF1F
:10E49000001904000D20DFF8301C08550A20DFF8B1
:10E4A000281C21444870A41CDFF8380C0090DFF8C9
:10E4B000383CDFF8382CDFF8381CDFF80C0C20442F
:10E4C000E8F724FF001904000D20DFF8FC1B0855B5
:10E4D0000A20DFF8F41B21444870A41CDFF8140C58
:10E4E0000090DFF8143CDFF8142CDFF8041CDFF890
:10E4F000D80B2044E8F70AFF001904000D20DFF8CC
:10E50000C81B08550A20DFF8C01B21444870A41C12
:10E51000DFF8EC0B0268DFF8EC1B03A8E8F7F6FE67
:10E52000DFF8E40B009003ABDFF8E02BDFF8C01B53
:10E53000DFF8940B2044E8F7E9FE001904000D20F1
:10E54000DFF8841B08550A20DFF87C1B2144487043
:10E55000A41CDFF8BC0B0090DFF8B83BDFF8B82B49
:10E56000DFF88C1BDFF8600B2044E8F7CFFE0019C2
:10E5700004000D20DFF8501B08550A20DFF8481B67
:10E5800021444870A41C0821DFF8900B01F09EFB89
:10E59000DFF88C1B00910300DFF8882BDFF8881B65
:10E5A000DFF8240B2044E8F7B1FE001904000D2029
:10E5B000DFF8141B08550A20DFF80C1B21444870B3
:10E5C000A41CDFF8680B0090DFF8643BDFF8642BD5
:10E5D000DFF81C1BDFF8F00A2044E8F797FE00196B
:10E5E00004000D20DFF8E01A08550A20DFF8D81AD9
:10E5F00021444870A41CDFF8402B6DA1DFF8C80A45
:10E600002044E8F783FE001904000D20DFF8B81A53
:10E6100008550A20DFF8B01A21444870A41CDFF81E
:10E620001C2B63A1DFF8A00A2044E8F76FFE001955
:10E6300004000D20DFF8901A08550A20DFF8881A28
:10E6400021444870A41CDFF8F80A90F8340002282E
:10E6500008DADFF8F00ADFF8E81A91F8341050F819
:10E66000213002E0DFF8DC0A0368DFF8DC0A009002
:10E67000DFF8D82ADFF8781ADFF84C0A2044E8F7E8
:10E6800045FE001904000D20DFF83C1A08550A2049
:10E69000DFF8341A21444870A41CDFF8B42A44A1DE
:10E6A000DFF8240A2044E8F731FE001904000D20A9
:10E6B000DFF8141A08550A20DFF80C1A21444870B4
:10E6C000A41CDFF8900A0090DFF88C0ADFF8701ABB
:10E6D00091F8351011F0010150F82130DFF87C2A53
:10E6E000DFF80C1ADFF8E0092044E8F70FFE001904
:10E6F00004000D20DFF8D01908550A20DFF8C819EA
:10E7000021444870A41CDFF8580A0090DFF8540A2E
:10E71000DFF82C1A91F8361011F0010150F8213071
:10E72000DFF8442ADFF8C819DFF89C092044E8F72D
:10E73000EDFD001904000D20DFF88C1908550A20A2
:10E74000DFF8841921444870A41CDFF8200A0090E7
:10E75000DFF81C0ADFF8E81991F8371011F0010111
:10E7600050F82130DFF80C2ADFF88419DFF8580957
:10E770002044E8F7CBFD001904000D20DFF848190C
:10E7800008550A20DFF8401921444870A41CDFF81E
:10E79000E8090090DFF8E409DFF8A41991F83810CF
:10E7A00011F0010150F82130DFF8D42902E000BF58
:10E7B00025730000DFF83819DFF80C092044E8F76A
:10E7C000A5FD001904000D20DFF8FC1808550A20EB
:10E7D000DFF8F41821444870A41CDFF8A829E0A150
:10E7E000DFF8E4082044E8F791FD001904000D204B
:10E7F000DFF8D41808550A20DFF8CC1821444870F7
:10E80000A41CDFF8840990F83650DFF87C0990F8F2
:10E810006D00012801D104200500DFF86C0990F893
:10E820003600062805DADFF86409EDB250F8253025
:10E8300002E0DFF858090368DFF854090090DFF8B8
:10E840005429DFF8AC18DFF880082044E8F75EFDB3
:10E85000001904000D20DFF8701808550A20DFF8B1
:10E86000681821444870A41CDFF82C29BCA1DFF8EB
:10E8700058082044E8F74AFD001904000D20DFF88D
:10E88000481808550A20DFF8401821444870A41C95
:10E89000DFF808090090DFF80809DFF8A41891F8FC
:10E8A000391011F0010150F82130DFF8F828DFF8B5
:10E8B0004018DFF814082044E8F728FD0019040088
:10E8C0000D20DFF8041808550A20DFF8FC17214452
:10E8D0004870A41CDFF8D0080090DFF8C408DFF807
:10E8E000601891F83A1011F0010150F82130DFF86A
:10E8F000BC28DFF8FC17DFF8D0072044E8F706FD56
:10E90000001904000D20DFF8C01708550A20DFF8B1
:10E91000B81721444870A41CDFF8942890A1DFF8B0
:10E92000A8072044E8F7F2FC001904000D20DFF8E6
:10E93000981708550A20DFF8901721444870A41C46
:10E94000DFF8702886A1DFF880072044E8F7DEFCB6
:10E95000001904000D20DFF8701708550A20DFF8B1
:10E96000681721444870A41CDFF84C080090DFF8B9
:10E97000D00790F83B30DFF84428DFF84418DFF880
:10E9800048072044E8F7C2FC001904000D20DFF816
:10E99000381708550A20DFF8301721444870A41CA6
:10E9A000DFF820080090DFF8980790F83C30DFF897
:10E9B0001828DFF80C18DFF810072044E8F7A6FC49
:10E9C000001904000D20DFF8001708550A20DFF8B1
:10E9D000F81621444870A41CDFF8F0070090DFF817
:10E9E000600790F84230DFF8E827DFF8D417DFF847
:10E9F000D8062044E8F78AFC001904000D20DFF84F
:10EA0000C81608550A20DFF8C01621444870A41C17
:10EA1000DFF8C02752A1DFF8B0062044E8F776FC03
:10EA2000001904000D20DFF8A01608550A20DFF8B1
:10EA3000981621444870A41CDFF89C070090DFF86A
:10EA40009C07DFF8FC1691F83D1011F0010150F819
:10EA50002130DFF88C27DFF89816DFF86C062044A9
:10EA6000E8F754FC001904000D20DFF85C16085587
:10EA70000A20DFF8541621444870A41CDFF864070C
:10EA80000090DFF8BC06B0F83F30DFF85C27DFF815
:10EA90003017DFF834062044E8F738FC001904008A
:10EAA0000D20DFF8241608550A20DFF81C16214433
:10EAB0004870A41CDFF834070090DFF8E406DFF8A4
:10EAC000801691F8411011F0010150F82130DFF863
:10EAD0002027DFF81C16DFF8F0052044E8F716FCC5
:10EAE000001904000D20DFF8E01508550A20DFF8B2
:10EAF000D81521444870A41CDFF8F8060090DFF810
:10EB0000A006DFF83C1691F85B1011F0010150F8F7
:10EB10002130DFF8E426DFF8D815DFF8AC05204413
:10EB2000E8F7F4FB001904000D20DFF89C150855E8
:10EB30000A20DFF8941521444870A41CDFF8BC06B5
:10EB40000090DFF8BC06DFF8F81591F8691011F0B5
:10EB5000010150F82130DFF8AC26DFF8941501E010
:10EB600025730000DFF860052044E8F7CFFB0019AB
:10EB700004000D20DFF8501508550A20DFF848156D
:10EB800021444870A41CDFF880060090DFF8B0052F
:10EB9000B0F86B30DFF87426DFF82416DFF82805AC
:10EBA0002044E8F7B3FB001904000D20DFF8181526
:10EBB00008550A20DFF8101521444870A41CDFF81E
:10EBC0005026E1A1DFF800052044E8F79FFB00197B
:10EBD00004000D20DFF8F01408550A20DFF8E814CF
:10EBE00021444870A41CDFF85805016800EE101A93
:10EBF000DFF82006029010EE100AF7F7D1FFCDE9FA
:10EC00000001DFF81426DFF81416DFF8BC042044F6
:10EC1000E8F77CFB001904000D20DFF8AC14085560
:10EC20000A20DFF8A41421444870A41CDFF8100562
:10EC3000816800EE101ADFF8E805029010EE100A65
:10EC4000F7F7AEFFCDE90001DFF8D825DFF8CC15E6
:10EC5000DFF874042044E8F759FB001904000D2084
:10EC6000DFF8641408550A20DFF85C14214448706A
:10EC7000A41CDFF8CC04416800EE101ADFF8A805E8
:10EC8000029010EE100AF7F78BFFCDE90001DFF8D4
:10EC90009C25DFF88815DFF830042044E8F736FBC0
:10ECA000001904000D20DFF8201408550A20DFF8B1
:10ECB000181421444870A41CDFF88404C16808EECD
:10ECC000101ADFF87C0490F83700012803D19FED7B
:10ECD000D40A28EE008ADFF85805029018EE100AD0
:10ECE000F7F75EFFCDE90001DFF84825DFF82C15C6
:10ECF000DFF8D4032044E8F709FB001904000D20D5
:10ED0000DFF8C41308550A20DFF8BC13214448700B
:10ED1000A41CDFF82C04016900EE101AB0EE408A42
:10ED2000DFF81C0490F83800012803D19FEDBC0ADD
:10ED300028EE008ADFF80005029018EE100AF7F7B7
:10ED40002FFFCDE90001DFF8F424DFF8D014DFF85D
:10ED500078032044E8F7DAFA001904000D20DFF800
:10ED6000681308550A20D84921444870A41CDFF8CC
:10ED7000D02475A1D4482044E8F7C8FA001904004B
:10ED80000D20D14908550A20CF4921444870A41CC0
:10ED9000DFF8B0246CA1CC482044E8F7B7FA00199A
:10EDA00004000D20C84908550A20C749214448706D
:10EDB000A41CDFF88C03D0F8431000EE101ADFF823
:10EDC0008804029010EE100AF7F7EAFE0022DFF83E
:10EDD0007C34F3F7B9FFCDE90001DFF87424DFF8E4
:10EDE0007414B9482044E8F791FA001904000D2082
:10EDF000B54908550A20B44921444870A41CD0489C
:10EE0000D0F8471000EE101ADFF84C04029010EE14
:10EE1000100AF7F7C5FECDE90001DFF84024DFF85E
:10EE20004014A9482044E8F771FA001904000D20A5
:10EE3000A54908550A20A44921444870A41CC0488B
:10EE4000D0F84B1000EE101ADFF8980C029010EE7C
:10EE5000100AF7F7A5FECDE90001DFF88C2CDFF8EA
:10EE6000F41399482044E8F751FA001904000D20E2
:10EE7000954908550A20944921444870A41CB0487B
:10EE8000D0F84F1000EE101ADFF8BC0C029010EE14
:10EE9000100AF7F785FECDE90001DFF8B02CDF4955
:10EEA00089482044E8F732FA001904000D20864909
:10EEB00008550A20844921444870A41CA048D0F871
:10EEC000531000EE101ADFF8880C029010EE100AB2
:10EED000F7F766FECDE90001DFF8782CDD497A48C6
:10EEE0002044E8F713FA001904000D20764908556C
:10EEF0000A20754921444870A41C9148D0F8571045
:10EF000000EE101ADFF8500C029010EE100AF7F71E
:10EF100047FECDE90001DFF8E02CC0496A482044F3
:10EF2000E8F7F4F9001904000D20674908550A2094
:10EF3000654921444870A41C8148416900EE101ABB
:10EF4000DFF8B80C02E000BF25730000029010EE5D
:10EF5000100AF7F725FECDE90001DFF8A42CAF4930
:10EF600059482044E8F7D2F9001904000D20564909
:10EF700008550A20544921444870A41CDFF8842C09
:10EF800053A151482044E8F7C1F9001904000D20AD
:10EF90004D4908550A204C4921444870A41CDFF80B
:10EFA000682C4BA148482044E8F7B0F90019040048
:10EFB0000D20454908550A20434921444870A41CA6
:10EFC000DFF8DC0C009076485D4991F83E1011F0B6
:10EFD000010150F82130DFF8CC2C45493A48204453
:10EFE000E8F794F9001904000D20374908550A2064
:10EFF000354921444870A41CDFF8AC2C34A13248B8
:10F000002044E8F783F9001904000D202E49085523
:10F010000A202D4921444870A41CDFF8902C01E0FF
:10F0200000007042D2F85700D2F85B1003F0AEFB3C
:10F03000DFF87C2CD2E90023F7F75AFE0022DFF834
:10F04000743CF3F781FEF7F795FF0600642E02D2B9
:10F05000D6F1640601E000200600DFF85C0C0090A9
:10F060003300DFF8582C564917482044E8F74EF98A
:10F07000001904000D20144908550A2012492144A2
:10F080004870A41CDFF8382C11A10F482044E8F781
:10F090003DF9001904000D200B4908550A200A49C2
:10F0A00021444870A41CDFF81C2C09A10648204408
:10F0B000E8F72CF900190400DFF80C0C048001209B
:10F0C00010B0BDEC028B70BDEC1B0020ACDC0A085C
:10F0D0002573000068F30A08F8E00A084CD10A0812
:10F0E00010E10A080CE20A0824F50A08F8E10A0807
:10F0F00054FA0A0834E20A0840FB0A0820E20A0827
:10F10000303800205CFA0A0828E10A0848E20A08B8
:10F1100098E60A0854F50A0888E60A08D835002057
:10F12000B8E60A08A8E60A0838F30A0874F30A08D9
:10F13000E03500206CFA0A0898DE0A0840E10A0867
:10F14000C035002084020020ACE20A0898E20A08D8
:10F1500074FA0A0884FA0A08480200207CFA0A08AD
:10F1600094FA0A086C0200208CFA0A08C8E60A0819
:10F17000740200208CF30A08A4F30A087C02002021
:10F1800098F30A0880F30A083C350020F8010020B3
:10F1900070E20A085CE20A08A4FA0A08B0F30A0856
:10F1A00018FB0A089CFA0A08C8F30A08BCF30A0804
:10F1B000D4F30A08E0F30A0804F40A08F8F30A088A
:10F1C00064FA0A08F8E60A0810F40A08E8E60A08E9
:10F1D000D8E60A08ECF30A0870E10A0828FB0A08D6
:10F1E00084E20A0808E70A081CF40A0858F40A0826
:10F1F0004CF40A0828E70A0818E70A0828F40A085D
:10F2000020FB0A08ACFA0A0840F40A0834F40A0899
:10F2100038E70A0870F40A0864F40A0844F30A0894
:10F2200088F40A087CF40A08BCFA0A08B4FA0A0846
:10F23000A0F40A0894F40A08B8F40A08ACF40A081E
:10F2400048E70A0858E70A08CCFA0A0880842E41E1
:10F25000C4FA0A0850F30A08DCFA0A08D4FA0A08C1
:10F260005CF30A082DE9F04FC5B0040000200190BE
:10F270005FF000090020009000275FF00008DFF831
:10F28000100B90F836008DF80C000020049004A9B3
:10F2900005A800F02BFC80464246DFF8241A05A89A
:10F2A00003F094FA002801D100208046B8F1010F44
:10F2B000C0F2098400200190B9F1000F06D14A463E
:10F2C000414605A800F0A2FC814605E0424605A99A
:10F2D000484600F043FC01900020050005A8405D71
:10F2E0003E2813D0454511D205A8405D2F2803D0F4
:10F2F00005A8405D3F2807D14A46414605A800F0D1
:10F3000085FC81464546E9E76D1CE7E7681C4045FA
:10F3100080F0D98305A8405D202803D005A8405D72
:10F320003E2801D16D1CF5E72E0005A8805D3C2824
:10F330000BD005A8805D0A2807D005A8805D0D28A0
:10F3400003D0464501D2761CEFE70198042859D036
:10F3500005286AD00C2800F088800D2800F09980DC
:10F360000E2800F0A2800F2800F0AC80102800F0DA
:10F37000B680112800F0C080122800F0B98113284F
:10F3800000F0EE81142800F0FA81152800F00F82B9
:10F39000162800F01482172800F01982182800F0AF
:10F3A0004082192800F045821A2800F051821B285B
:10F3B00000F071821D2800F0DF821E2800F0E58237
:10F3C0001F2800F0EB82202800F0F182212800F0B5
:10F3D0000583222800F01983232800F02A8324289B
:10F3E00000F03183252800F03883262800F03F8381
:10F3F000272800F04683282800F04D83292800F0B4
:10F40000538360E3701B092802D35FF0080A01E010
:10F41000B6EB050A05A82844029014F1180B5246D1
:10F4200002995846E5F78AFE4DE3701B009000985C
:10F43000152801D3142000900098029005A800EB35
:10F44000050A14F1200B029A51465846E5F776FE5C
:10F450000098C0B2142807DA0021C0B204EB000201
:10F4600082F82010401CF4E72DE305A8405D6E28CB
:10F4700005D10120DFF81C1981F8340008E005A847
:10F48000405D6D2804D10020DFF8081981F83400B0
:10F4900019E305A8405D522803D1012084F8350006
:10F4A00002E0002084F835000DE305A828448078A8
:10F4B0006D2803D1012084F8360002E0002084F892
:10F4C000360000E305A8284480786D2803D1012088
:10F4D00084F8370002E0002084F83700F3E205A842
:10F4E000284480786D2803D1012084F8380002E098
:10F4F000002084F83800E6E205A828444078742803
:10F5000002D10020070026E005A82844C078722810
:10F5100002D1012007001EE005A8405D412802D16C
:10F520000220070017E005A8405D422802D1032011
:10F53000070010E005A8405D432802D10420070021
:10F5400009E005A8405D4D2802D10520070002E032
:10F550009DF80C00070038009DF80C10C0B28842DE
:10F5600000F0C580FFB2002F14D1DFF82418086D19
:10F57000DFF81C1850F0805008650020DFF81018E4
:10F5800081F86D000020DFF8081881F83600E2F7F6
:10F59000C3FBACE0FFB2012F14D1DFF8F417086D04
:10F5A000DFF8EC1750F4004008650020DFF8E017A2
:10F5B00081F86D000120DFF8D81781F83600E2F7F6
:10F5C000A3FC94E0FFB2022F33D1DFF8C417086D1B
:10F5D000DFF8BC1750F4005008650020DFF8B017C2
:10F5E00081F86D000020DFF8B4170870DFF8BC0662
:10F5F0000021C1600020DFF8B41681F83F00DFF879
:10F60000AC0600210163DFF8A4060021016100209F
:10F61000DFF8981681F84000DFF890060021C0F866
:10F620003A100020DFF8841681F83E00E7F788FEE4
:10F630005DE0FFB2032F33D1DFF85417086DDFF818
:10F64000501750F4804008650020DFF8441781F817
:10F650006D000020DFF848170870DFF85006002121
:10F66000C1600020DFF8441681F83F00DFF83C0657
:10F6700000210163DFF83406002141610020DFF83A
:10F680002C1681F84100DFF824060021C0F83A105A
:10F690000020DFF8181681F83E00E9F7F3FB26E0BA
:10F6A000FFB2042F23D1DFF8E80690F86D000028A0
:10F6B0001DD1DFF8DC16086DDFF8D41650F4805049
:10F6C00008650020DFF8C81681F836000120DFF851
:10F6D000C01681F86D000020DFF8B41681F86F00C5
:10F6E0000020DFF8C81581F85600E2F715FBEAE1C3
:10F6F000721BDFF8B01605A8284403F067F800284D
:10F7000001D1012000E0002084F83900DFF88406F0
:10F7100090F83900002808D0DFF87406407E50F0D9
:10F720000100DFF86C16487607E0DFF86406407EDB
:10F7300010F0FE00DFF858164876DFF86C06006817
:10F7400050F00200DFF860160860DFF8440690F819
:10F75000330050F00100DFF8381681F83300B2E1D1
:10F76000721BDFF8401605A8284403F02FF8002884
:10F7700001D1012000E0002084F83A00A3E1711BD0
:10F7800005A8284400F0A2FA0700380094F83B10BE
:10F79000C0B288420AD0711B05A8284400F096FA2E
:10F7A00084F83B0094F83B00E5F791FE8BE1711B78
:10F7B00005A8284400F08AFA84F83C0083E1711B14
:10F7C00005A8284400F082FA84F842007BE1721B0D
:10F7D000DFF8D805416805A8284402F0F7FF0028A3
:10F7E00002D1012007000BE0721BDFF8C0050168A1
:10F7F00005A8284402F0EAFF002801D100200700F4
:10F8000094F83D003900C9B2884209D084F83D70AF
:10F81000DFF89C05006850F40030DFF894150860AC
:10F8200051E1711B05A8284400F050FAA4F83F00EC
:10F8300049E1721BDFF86C1505A8284402F0C6FFE9
:10F84000002801D1012000E0002084F841003AE1C5
:10F85000721BDFF8501505A8284402F0B7FF0028F6
:10F8600001D1012700E00027380094F85B10C0B2F6
:10F8700088420FD0FFB2002F05D10420DFF8101509
:10F8800081F8300004E0FF20DFF8041581F8300033
:10F8900084F85B7017E1721BDFF8181505A828447F
:10F8A00002F094FF002801D1002700E00127FFB2F9
:10F8B000002F2BD194F86900012827D10221DFF80D
:10F8C000F804FEF789FDDFF8C804407E10F0EF0071
:10F8D000DFF8BC144876DFF8B814086DDFF8B01410
:10F8E00050F040000865DFF8A80490F8330050F0AD
:10F8F0000100DFF89C1481F83300DFF8AC040068E5
:10F9000050F00200DFF8A014086032E0FFB2012FCF
:10F910002FD194F8690000282BD1DFF87404407EC1
:10F92000C00626D40221DFF89004FEF757FDDFF869
:10F930006004407E50F01000DFF854144876DFF881
:10F940005014086DDFF8481450F020000865DFF807
:10F95000400490F8330050F00100DFF8341481F8CF
:10F960003300DFF84404006850F00200DFF8381478
:10F97000086084F86970A6E0711B05A8284400F0AF
:10F98000BDF910EE100A20609DE0711B05A8284407
:10F9900000F0B4F910EE100AA06094E0711B05A805
:10F9A000284400F0ABF910EE100A60608BE0711B88
:10F9B00005A8284400F0A2F910EE100AE06094F8BF
:10F9C0003700012809D1E06800EE100ADFEDB30A24
:10F9D00080EE200A10EE100AE06074E0711B05A8AA
:10F9E000284400F08BF910EE100A206194F83800DA
:10F9F000012809D1206900EE100ADFEDA80A80EE87
:10FA0000200A10EE100A20615DE0711B05A8284451
:10FA100000F074F910EE100AF7F7C2F8DFF89C2333
:10FA2000DFF89C33F3F790F9F7F7D2FAC4F8430004
:10FA300049E0711B05A8284400F060F910EE100A97
:10FA4000C4F847003FE0711B05A8284400F056F9B0
:10FA500010EE100AC4F84B0035E0711B05A82844CD
:10FA600000F04CF910EE100AC4F84F002BE0711BA7
:10FA700005A8284400F042F910EE100AC4F853001B
:10FA800021E0711B05A8284400F038F910EE100A97
:10FA9000C4F8570017E0711B05A8284400F02EF9A0
:10FAA00010EE100A60610EE0721BDFF8F81205A874
:10FAB000284402F08BFE002801D1012000E0002044
:10FAC00084F83E00FFE7B8F1010FBFF6E0ABFCF7AA
:10FAD00099FEB8F1000F01D1012000E0022045B0ED
:10FAE000BDE8F08FE8F40A08DCF40A0830B402003C
:10FAF00000200023DFF8CC420D68645D2300DBB2F8
:10FB00003C2B08D00C68641C0C60DFF8B8420D6810
:10FB1000645D2300F3E7DBB20A2B13D0DBB20D2BBD
:10FB200010D0DBB2002B0DD0DBB2FF2B0AD0135468
:10FB3000401C0C68641C0C60DFF888420D68645D32
:10FB40002300E8E730BC704700F50A08F4F40A081F
:10FB50000CF50A08E4FA0A0818F50A082DE9F84F26
:10FB600082460C001500002600274FF0FF085FF0CA
:10FB700000095046B0F1010B14F809003E2804D0EA
:10FB8000A94502D219F10109F6E7B9F1000F01D137
:10FB900000202FE0A94501D219F101094A46DFF8FA
:10FBA00028025FFA8BFB50F82B0050F8261020003B
:10FBB00002F00CFE8046761CB8F1000F07D0DFF88B
:10FBC0000C025FFA8BFB10F80B008642E6D3B8F10B
:10FBD000000F0ED1701C07005FFA8BFB58460128FE
:10FBE00002D0022802D002E00A3700E032373800A3
:10FBF00000E00020BDE8F28FECFA0A0888E70A0866
:10FC000078E70A0868E70A08C4F40A082DE9F04111
:10FC100004000D0016005FF0000837002A00DFF82E
:10FC2000B00150F82810200002F0D0FD002806D0C6
:10FC300018F10100022802D218F10108EEE72A00AB
:10FC4000634850F82810200002F0C0FD002802D1BF
:10FC500018F101001FE0002E1CD0002080462A0071
:10FC60005C4850F82810200002F0B0FD002806D0B3
:10FC700018F10100022802D218F10108EFE72A006A
:10FC8000544850F82810200002F0A0FD002801D1AF
:10FC9000002000E03800BDE8F08100000000704264
:10FCA000D4E20A08C0E20A08D0F40A08DC02002004
:10FCB00010FB0A0800005940FCE20A08E8E20A08C2
:10FCC00058E10A0878E60A089C38002010B40200BF
:10FCD000002000238B420FD2D45C302C0ADBD45C92
:10FCE0003A2C07DAD45C303C20185C1C8C4201D2E0
:10FCF0000A2460435B1CEDE710BC704770B49FEDB5
:10FD0000260A002401220023092901D308252900FD
:10FD100000258D4224D2465D302E15DB465D3A2EFD
:10FD200012DA465D303E00EE906AF8EEE00A30EE00
:10FD3000800A6E1C8E4203D2F2EE040A20EE200AE4
:10FD4000012B0BD1641C09E0465D2E2E02D0465DCE
:10FD50002C2E03D100263400012633006D1CD8E779
:10FD60008C420CD20025A54203D20A2672436D1C98
:10FD7000F9E700EE902AF8EE600A80EE200A057896
:10FD80002D2D03D1FFEE000A20EE200A70BC704733
:10FD90003C350020C035002000000000A8380020BD
:10FDA000AD38002030FB0A082038002028FB0A0864
:10FDB0001C38002038FB0A08000400488DEDB5A06F
:10FDC000F7C6B03EEC1B00203C02002004FB0A08F2
:10FDD000F4FA0A08FCFA0A0880B500221D491E48F8
:10FDE00002F025FD002801D0FBF7B2FC1B491A48A0
:10FDF00002F060FD002801D0FBF7AAFC1849164864
:10FE000003F01AFA002801D0FBF7A2FC124802F016
:10FE100078FD002801D0FBF79BFC01BD80B50E48A2
:10FE200002F075FD002801D0FBF792FC00210A4882
:10FE300002F040FD084802F01AFD002801D0FBF74F
:10FE400087FC0848006830F480500649086000F0DC
:10FE500092FB01BD98010020602F0020FC000020D3
:10FE6000D80100204C1002401248006830F0807029
:10FE7000104908600F48006850F080700D49086014
:10FE80000D480068400840000B4908600A480068B7
:10FE900050F001000849086000200849086000BFD0
:10FEA00000BF00BF05480068002801D0002000E026
:10FEB00001207047FCED00E0001000E0041000E0BD
:10FEC00070B5040001F034FF0500260016F1010FA3
:10FED00002D004480078361801F02AFF401BB042D7
:10FEE000FAD370BDD6020020806810F00100704780
:10FEF0008068400810F00100704781681B4A11407B
:10FF000051F00401816070478068800810F00100A2
:10FF10007047006C80B270470068C00810F00100A4
:10FF2000704708210160704780B5FEF7C9F8104896
:10FF3000FFF7DAFF01280CD10D48FFF7D9FF0028A1
:10FF400007D10B48FFF7E0FF002802D10848FFF770
:10FF5000D4FF0748FFF7E0FF0028FAD00448FFF776
:10FF6000E0FF0348FFF7D5FF80B202BDC0FFFF7F6F
:10FF700000000450806810F001007047806840085D
:10FF800010F0010070478168DFF84023114051F004
:10FF90000401816070478068800810F0010070479C
:10FFA000006C80B270470068C00810F00100704714
:10FFB0000821016070478161704781627047DFF8F6
:10FFC00010130968C24A1268521A8242FAD3704763
:10FFD00070B50025EFF3108672B68021BD48FFF79B
:10FFE000EAFF1020012802DB00BF401EFAE7802153
:10FFF000B848FFF7E2FF0F20FFF7E1FF00F045F9F7
:02000004080AE8
:100000000500ADB2FB2D1EDA01200400E4B20C2C79
:1000100019DA8021AF48FFF7CEFFE4B220000128B3
:1000200002DB00BF401EFAE78021AA48FFF7C5FFA8
:100030000F20FFF7C4FF00F028F90500A648FFF7DE
:10004000BEFF641CE2E700F020F90500ADB2002D10
:1000500002D10420A149087086F3108870BD0020E9
:100060009F49087000209F49088080209E49088091
:1000700070472DE9F04100249C48B0F85F500026FD
:1000800000279B4890F800807F1C80219148FFF753
:1000900092FF5FFA88F84046012802DB00BF401E4D
:1000A000FAE780218B48FFF788FF0F20FFF787FFD3
:1000B00000F0EBF80600B6B2002E02D1042087490A
:1000C0000870ADB2ADB2B5EB1510B6B2B04217D3F1
:1000D0005FFA88F8B8F1280F01DA18F102088548AC
:1000E0000078022840F0A5807F480088B0F5C07FE6
:1000F00040F29F807C48008820387B49088098E047
:100100002800310080B289B2884208D35FFA88F8AB
:10011000B8F1280F80F28D8018F1010889E0ADB2A6
:10012000680910FA85F0B6B2B04217D30120040076
:1001300070480078042803D16D4880F8008078E08A
:100140006C480078022874D167480088FF2870D86E
:10015000654800882030644908806AE0ADB228090B
:1001600010FA85F0B6B2B0422ED3022004005FFA36
:1001700088F8B8F1060F04DBB8F101005C4908709B
:1001800002E005205A4908705A48007804280DD129
:100190005FFA88F8B8F1060F04DBB8F101005449A2
:1001A000087046E005205249087042E05148007846
:1001B00002283ED14C480088FF283AD84A48008897
:1001C00020304949088034E0ADB2280910FA85F0A2
:1001D000B6B2B0422DD2022004005FFA88F8B8F11E
:1001E000060F04DBB8F102004149087002E0052067
:1001F0003F4908703F48007804280DD15FFA88F81D
:10020000B8F1060F04DBB8F101003949087010E0BD
:100210000520374908700CE036480078022808D1DC
:1002200031480088FF2804D82F48008820302E4904
:10023000088040F2FD20FFF7C2FEE4B2002C03D19B
:10024000FFB20C2FFFF620AF4FF49170FFF7B7FE0F
:10025000E4B2002C09D12148007850F001001F4978
:100260000870234880F8008005E01C48007810F0F2
:10027000FE001A4908702048C683194804701A48BD
:10028000008818490880BDE8F08180B5FDF750FF6F
:100290001A48FFF76FFE01280CD11848FFF76EFED1
:1002A000002807D11548FFF776FE002802D1134831
:1002B000FFF769FE1148FFF776FE0028FAD00F48D5
:1002C000FFF776FE0D48FFF76BFE02BDC0FFFF7F14
:1002D000041000E00004004880380100A638002027
:1002E000A338002094380020CA020020DC0200203D
:1002F000D0020020D1020020500100200001045053
:10030000816170478162704711B581B01C480468F3
:10031000FCF71AFA4FF47A71B0FBF1F001994143FE
:10032000174A1268121B8A42FAD313BD80B51548CA
:1003300090F83C0014494875124890F84200124960
:1003400081F8780004211148FFF7DAFF0120FFF758
:10035000DBFFFDF773F801200B49087501BD80B57F
:10036000094890F82400002803D104210748FFF72A
:10037000C9FFFDF776F800200349087501BD0000AC
:10038000041000E0C03500203C3500200004004887
:100390006D480068C0F302207047000040B200289A
:1003A00008D4012110F01F029140684A40B243096D
:1003B00042F82310704710B440B2002804D40A0158
:1003C000634B40B21A5407E00A01624B40B210F08E
:1003D0000F04234403F8042C10BC704770B40300CE
:1003E00013F00704D4F10706052E01D3042001E021
:1003F000D4F10700261D072E01D2002500E0E51EDE
:10040000012616FA00F0401E0840A8400121A9402C
:10041000491E1140084370BC70474F490968020CDF
:100420001204914351EA00414B4A1160704781B078
:100430004A4909680143494A11604849096801402D
:100440000091009901B07047016951F0010101610B
:100450007047026932F006020A4302617047C268BF
:1004600032F480020A43C26070478269120C12049F
:100470000A4382617047C26832F400020A43C260D4
:100480007047C26832F400120A43C2607047C26803
:1004900032F460620A43C2607047026A92089200B6
:1004A0000A4302627047C16831F4C021C1607047DD
:1004B000C268520852000A43C2607047816851F016
:1004C00002018160704780B55FF00C10FFF7A5FF57
:1004D0005FF00040FFF7ABFFFFF75AFF002200215B
:1004E000FFF77CFF01004120FFF765FF4120FFF788
:1004F00055FF00211A48FFF7DBFF00211848FFF7DE
:10050000C6FF00211648FFF7BCFF00211448FFF783
:10051000A6FF00211248FFF7AEFF1148FFF7C3FF07
:1005200000210F48FFF7B9FF0D48FFF7C7FF0C4840
:10053000FFF78AFF4FF400710948FFF796FF042187
:100540000748FFF786FF01BD0CED00E000E100E089
:1005500000E400E018ED00E088100240581002406E
:10056000007C0040DFF82000006850F48060DFF875
:10057000181008607047DFF81000006830F48060E1
:10058000DFF80410086070470470004070B52DED6E
:10059000028B08EE900AB0EE408A32480478632558
:1005A00018EE906A9FED2D0AB4EE408AF1EE10FA33
:1005B0000BDB18EE900AF6F7FDFC2B4A2B4BF2F7FB
:1005C000C3FBF6F7D7FC060013E09FED250AB4EE57
:1005D000408AF1EE10FA0CDBB8EE680AF7EE000A7A
:1005E00070EEC80A20EE200ABCEEC00A10EE100A17
:1005F00006001F481B49097800EB810040888642AD
:1006000004D2002017490870002004004AF64B600D
:10061000864205D30120050000201249087017E02A
:100620001348E4B200EB84004088864204D3E4B26D
:10063000622C01DA641CF3E7E4B2002C02D0601EE5
:10064000084908700A480749097810F82100050090
:100650002800C0B2BDEC028B70BD0000CDCC4C3F79
:100660000BD7233CA2380020989999999999C93FB2
:100670008CC70A0838B52DED028BDFF8840C0021F9
:100680000160DFF8800C002101606320DFF8781C36
:100690000870DFF8780CDFF8781C0160DFF8740C64
:1006A00000220023C0E90023DFF86C0C0021016068
:1006B0000020DFF8681C086000200021DFF8602CB3
:1006C000C2E900010020DFF85C1C0880DFF8542C30
:1006D000DFF84C1CDFF8440CF5F72AF8DFF8480C7B
:1006E000D0F86B1000EE101ADFF8400C80ED000A15
:1006F000DFF83C0C0078022828D1DFF82C0CD0F869
:100700006B1000EE101ADFF82C0C80ED000ADFF8F9
:10071000180CD0F8671000EE101ADFF80C0CD0F8A7
:100720006B1000EE901ADFF8000CD0F8671001EEA5
:10073000101A70EE810A80EE200ADFF8FC0B80EDC3
:10074000000A0020DFF8E81B08702CE0DFF8E00B5F
:100750000078032827D1DFF8D00BD0F86B1000EE1B
:10076000101ADFF8D00B80ED000ADFF8BC0BD0F8D0
:10077000671000EE101ADFF8B00BD0F86B1000EE27
:10078000901ADFF8A40BD0F8671001EE101A70EE83
:10079000810A80EE200ADFF8A00B80ED000A00201D
:1007A000DFF88C1B0870DFF8780BD0E9000100221D
:1007B0000023994202D1904200F0D580DFF85C0B13
:1007C0000068002800F0CF80DFF8500B90ED000AA1
:1007D000B8EE400ADFEDAA0A20EE208ADFF8400BCF
:1007E000D0E90001FBF7EEFE00EE100A88EE000AE9
:1007F000DFF80C0B80ED000ADFF8340B00780128DD
:100800001AD1DFF8740E8069DFF8281B0860DFF862
:10081000180BD0F8671000EE101ADFF8E40AD0EDDC
:10082000000A80EE200ADFF8100B80ED000A00209D
:10083000DFF8FC1A087014E0DFF8E00A0068092805
:100840000FD3DFF8E40AD0F8671000EE101ADFF8D3
:10085000B00AD0ED000A80EE200ADFF8DC0A80ED55
:10086000000ADFF8C40AD0F8671000EE101ADFF8AB
:10087000900AD0ED000AB4EE600AF1EE10FA7CD5D1
:10088000DFF8A40AD0F8671000EE101ADFF8700A3B
:10089000D0ED000A30EEC00ADFF8680A80ED000AE9
:1008A000DFF8840AD0F8631008EE101ADFF8540A53
:1008B0000068F6F775F904000D0018EE100AF6F757
:1008C0006FF922002B00F2F73FFA0022DFF8443ED6
:1008D000F6F70EFADFF83C2AC2E90001DFF8580A01
:1008E00090ED000ADFF8340A0068FFF74FFEDFF8EA
:1008F000181A0870DFF8340ADFF8081A096801606E
:10090000DFF8240AD0F86F1000EE101ADFF81C0A86
:10091000D0ED000AF4EE400AF1EE10FA09D5DFF846
:10092000080AD0F86F1000EE101ADFF8000A80ED08
:10093000000ADFF8F409D0F8731000EE101ADFF89F
:10094000EC09D0ED000AB4EE600AF1EE10FA14D50D
:10095000DFF8D409D0F8731000EE101ADFF8CC09D4
:1009600080ED000A09E0DFF8C009D0F86B1000EE56
:10097000101ADFF8B80980ED000ADFF8A009006856
:10098000082880F0B280DFF88009007800EE100AB5
:10099000B8EE400ADFF89409D0ED000A20EE200AF4
:1009A000DFEDB00A80EE200ADFF86C0D80ED000A62
:1009B000DFF8780990ED000ADFF85C0DD0ED000A51
:1009C00030EE200ADFF86C09D0ED000AB4EE600AC0
:1009D000F1EE10FA20D5DFF8440990ED000AB8EEE8
:1009E000400ADFF8340DD0ED000A20EE200AF2EEC6
:1009F000000A80EE200ADFF8200DD0ED000A30EE6C
:100A0000C00ADFF82809D0ED000A30EE200ADFF82E
:100A10001C0980ED000A68E0DFF8100990ED000A7B
:100A2000DFF8F40CD0ED000A30EE600ADFF80409BC
:100A3000D0ED000AF4EE400AF1EE10FA22D5DFF80C
:100A4000DC0890ED000AB8EE400ADFF8CC0CD0EDDF
:100A5000000A20EE200AF2EE000A80EE200ADFF8FB
:100A6000B80CD0ED000A30EE600ADFF8C008D0ED17
:100A7000000A30EE200ADFF8B40880ED000A34E006
:100A80000024744BDFF8940890ED000AB8EE400A99
:100A9000DFF89808D0ED000A20EE200ADFF88C0875
:100AA00080ED000ADFF874080068D0F1080000EE5D
:100AB000100AB8EE400ADFF87C08D0ED000ADFF833
:100AC0006C0890ED001A00EE201ADFF8600880ED47
:100AD000001ADFF8580890ED000AF2EE000A80EEE6
:100AE000200ADFF8480880ED000ADFF88C0B006967
:100AF000401CDFF8841B0861DFF8200CD0E90001FE
:100B0000002909D801D3142806D2DFF87C0E90F80A
:100B10003400012840F03881DFF8700ED0E9000180
:100B200000220023994202D1904200F02D81DFF88B
:100B3000600E0068002800F027810020DFF8481EC2
:100B400081F83400DFF8D40BD0E90023DFF8444EFD
:100B50000025A4FB020104FB031105FB0211FBF7B6
:100B600031FD08EE100ADFF8240ED0E90001FBF792
:100B700029FD00EE100A88EE000ADFF89C0780EDE0
:100B8000000ADFF8640ED0F8471000EE101ADFED0F
:100B90007B0AB4EE600AF1EE10FA1ADBDFF8780790
:100BA00090ED000ADFED750AB4EE600AF1EE10FA7E
:100BB0000FDBDFF8340ED0F8471000EE901ADFF8A4
:100BC000580790ED000A02F0C6FCDFF84C0780EDF4
:100BD000000ADFF85407D0F8671000EE101ADFF8AB
:100BE0003807D0ED000AB4EE600AF1EE10FA3BD5FA
:100BF000DFF8240790ED000A02F0AFFC022833D0A2
:100C0000DFF82407D0F8671000EE101ADFF80807A5
:100C1000D0ED000A30EEC00ADFF8FC0680ED000AD5
:100C2000DFF86C0D90ED000AB8EE400ADFF8E80638
:100C3000D0ED000A20EE200ADFF8DC0680ED000A85
:100C400000200021DFF8D42AC2E9000100200021A1
:100C5000DFF8382DC2E900010020DFF8341D0860FC
:100C600006E000BF0000C842DFF8AC0600210160CA
:100C7000DFF8140D90F83600002840F08180DFF88E
:100C800098060068F5F78CFFDFF8EC29C2E902014D
:100C9000DFF8540DD0F8431000EE101A10EE100AD1
:100CA000F5F77EFFDFF8D029D2E90223F2F74CF8FE
:100CB000F6F78EF900EE100ADFEDC60A80EE200A84
:100CC000DFF8280D80ED000ADFF8BC1CD1F82A00FF
:100CD000400523D4DFF85006026A436A43EC182B20
:100CE000DFF84446DFF8040D90ED000ADFEDBA0AA4
:100CF00020EE200A10EE100AF5F752FF53EC182BE5
:100D000001F06CF820626162DFF81C16886ADFF877
:100D10001816DFF86429126910188862DFF80806CF
:100D2000D0F84A20D0F84E3043EC182BDFF8F845C5
:100D3000DFF8B80C90ED000ADFEDA70A20EE200ADC
:100D400010EE100AF5F72CFF53EC182B01F046F8C3
:100D5000C4F84A00C4F84E10DFF8CC15D1F85200A0
:100D6000DFF8C415DFF8102912691018C1F8520015
:100D70000020DFF80419086106E000BF0100803F91
:100D80000020DFF8F4180861DFF85C0CD0F8471099
:100D900000EE901ADFF8940590ED000A02F0DBFBFC
:100DA000DFF8D40880ED060ADFF8440C0078DFF89D
:100DB000C81881F82000DFF850050078DFF8B8186F
:100DC00081F82100DFF85C050088DFF8AC18888323
:100DD000DFF8140CD0F8431000EE101ADFF8980872
:100DE000D0ED060A20EE800ADFF8200580ED000A2B
:100DF000DFF83405DFF8141591ED000ADFED760A0F
:100E000020EE200A10EE101A8161DFF86C0890F8CD
:100E10002100DFF8141581F84200DFF80C05DFF837
:100E2000581889698160DFF8500890F82100DFF8D0
:100E3000F81481F84300DFF8500B90F86D0001289A
:100E400040F0E080DFF8E00490F85600DFF8541E30
:100E50000978884280F0D680DFF82C0B90F86F007C
:100E6000002801D100F098FDDFF8C40DDFF8B814B8
:100E700091F8561000EBC100D0E900230020DFF804
:100E8000741BF1F761FFDFF8702BDFF8703BF1F7AF
:100E90005BFFF6F79DF808EE100ADFF8700490ED9E
:100EA000000AB4EE408AF1EE10FA31D5DFF8500BAB
:100EB000007800282CD1DFF8D00A90F86E000028C6
:100EC0001CD10120DFF8381B0870F4F700FC01206A
:100ED000DFF8541481F844000F20DFF8AC1A81F8D1
:100EE0006E00DFF8040BDFF8CC1DC0F84310DFF80C
:100EF000F80A5FF07E51C0F8471079E0DFF8880A01
:100F000090F86E00401EDFF8801A81F86E006FE0E6
:100F1000DFF8F80390ED000AB4EE408AF1EE10FA23
:100F20005CD5DFF8840DDFF8001491F8561000EB63
:100F3000C100D0E900230020002102F02BFB4DD19D
:100F4000DFF8E40390F84300032847DADFF8D8031A
:100F5000816800EE101A10EE100AF5F721FEDFF896
:100F6000482DDFF8C43393F8563002EBC302C2E9D0
:100F70000001DFF8B40390F85600401CEA4981F8FC
:100F800056000020DFF8781A08700020E64981F842
:100F900044000F20DFF8F01981F86E00DFF8E8193F
:100FA000086DDFF8E41950F000700865DFF8D80923
:100FB00090F8330050F00100DFF8CC1981F83300CD
:100FC000DFF8700C006850F00200DFF8681C086061
:100FD0000EE000BF0000614520BCBE4CCB4890ED48
:100FE000000AB4EE408AF1EE10FA01D5FAF7BFFA22
:100FF000CD4890F85600DFF8AC1C0978884201D142
:1010000000F000FDDFF8400C407B0A2880F2BA8235
:10101000DFF8740990F86D00002840F0B382DFF823
:10102000680990F83600002840F0C181BE48026A85
:10103000436A43EC102B51EC100B0122DFF8F83B14
:10104000F1F726FE2DD8DFF84019D1F82A00400527
:1010500000F18E80DFF83019D1F82A00DFF8281966
:1010600050F48060C1F82A00DFF81C09B0F8700065
:1010700050F48060DFF81019A1F87000DFF808194B
:10108000086DDFF8041950F400100865DFF8F8085F
:10109000DFF8AC1B01620020DFF8EC1881F82800B3
:1010A00066E0DFF84409416800EE101A9E48026AC3
:1010B000436A43EC182BDFED900A20EE200A10EE75
:1010C000100AF5F76DFD53EC182BF1F725FE2CD225
:1010D000DFF8B418D1F82A00400749D4DFF8A8187F
:1010E000D1F82A00DFF8A01850F00400C1F82A0057
:1010F000DFF89408B0F8700050F00400DFF88818AA
:10110000A1F87000DFF88018086DDFF87C1850F443
:1011100080000865DFF87008DFF8201B01620020FE
:10112000DFF8641881F8280022E0DFF85C18D1F8B5
:101130002A00400512D5DFF85018086DDFF848186E
:1011400050F000600865DFF84018D1F82A00DFF899
:10115000381830F48060C1F82A0009E0DFF8281858
:10116000D1F82A00DFF8201830F00400C1F82A0076
:101170006D48816900EE101ADFED600AB4EE600A76
:10118000F1EE10FA32DB0420DFF8FC1781F87F0063
:10119000DFF8F417D1F82A00800500F1F381DFF8B9
:1011A000E817D1F82A00DFF8E01750F40070C1F812
:1011B0002A00DFF8D407B0F8700050F40070DFF8B0
:1011C000C817A1F87000DFF8C017086DDFF8B8176E
:1011D00050F080600865DFF8B007DFF8641A01623C
:1011E0000020DFF8A41781F82800CBE1DFF8F8072A
:1011F000016800EE101A4C48816900EE901A9FEDCC
:101200003E1A20EE010AB4EE600AF1EE10FA63D540
:10121000DFF87417D1F82A00800725D4DFF86817A3
:10122000D1F82A00DFF8601750F00200C1F82A0058
:10123000DFF85407B0F8700050F00200DFF84817EC
:10124000A1F87000DFF84017086DDFF83C1750F484
:1012500080300865DFF83007DFF8E8190162002008
:10126000DFF8241781F82800DFF81C17D1F82A00CE
:10127000800520D5DFF8100790F87F0000281AD1EC
:10128000DFF80417086DDFF8001750F000600865FC
:10129000DFF8F416086DDFF8F01630F480300865DA
:1012A000DFF8E416D1F82A00DFF8DC1630F400701D
:1012B000C1F82A0066E1DFF8D00690F87F00002828
:1012C00000F06081DFF8C00690F87F00401EDFF874
:1012D000B81681F87F0055E1DFF8AC0690F87F0082
:1012E00000282BD0DFF8A00690F87F00401EDFF822
:1012F000981681F87F0045E10000C842C1E1E44B47
:10130000D0370020D4370020A03800202838002013
:1013100077CC2B3270370020E8370020EC370020E4
:101320007837002090380020DC020020D8370020D9
:10133000BD380020DC370020E0370020DFF84816F9
:10134000D1F82A00800518D5DFF83C0690F87F0018
:10135000002812D1DFF83016086DDFF82C1650F097
:1013600000600865DFF82016D1F82A00DFF81816AB
:1013700030F40070C1F82A0004E1DFF80C16D1F84F
:101380002A00800740F1FE80DFF8FC15086DDFF8C9
:10139000F81550F400300865DFF8EC15D1F82A0094
:1013A000DFF8E41530F00200C1F82A00EAE0DFF8C7
:1013B000D80590F83600012840F0E480DFF8EC080A
:1013C000816800EE101ADFEDD20AB4EE600AF1EE89
:1013D00010FA28DB0420DFF8B01581F87F00DFF871
:1013E000A815D1F82A00C00500F1CC80DFF89815C7
:1013F000D1F82A00DFF8901550F48070C1F82A0067
:10140000DFF88415086DDFF8801550F080600865FE
:10141000DFF87405DFF8281801620020DFF868158E
:1014200081F82800AEE0DFF8C005816800EE101AF0
:10143000DFF87808816800EE901AB4EE600AF1EEE9
:1014400010FA58D5DFF84015D1F82A00C0071BD490
:10145000DFF83415D1F82A00DFF82C1550F0010020
:10146000C1F82A00DFF82015086DDFF81C1550F4CC
:1014700080300865DFF81005DFF8C817016200202A
:10148000DFF8041581F82800DFF8FC14D1F82A00F1
:10149000C00520D5DFF8F00490F87F0000281AD1AD
:1014A000DFF8E414086DDFF8E01450F00060086520
:1014B000DFF8D414086DDFF8D01430F480300865FC
:1014C000DFF8C414D1F82A00DFF8BC1430F48070BF
:1014D000C1F82A0056E0DFF8B00490F87F00002839
:1014E00050D0DFF8A40490F87F00401EDFF8981475
:1014F00081F87F0046E0DFF8900490F87F00002834
:1015000009D0DFF8840490F87F00401EDFF87814DB
:1015100081F87F0036E0DFF87014D1F82A00C005AA
:1015200018D5DFF8640490F87F00002812D1DFF8A6
:101530005814086DDFF8501450F000600865DFF8AB
:101540004814D1F82A00DFF8401430F48070C1F854
:101550002A0017E0DFF83014D1F82A00C00711D5AF
:10156000DFF82414086DDFF8201450F4003008650B
:10157000DFF81414D1F82A00DFF80C1440084000FA
:10158000C1F82A00DFF8C006407B002844D1DFF80C
:101590001C0790F84500DFF8141791F843108842B3
:1015A00025D3DFF8E40390F82E00C0071FD4DFF83E
:1015B000D80390F82E0050F00100DFF8CC1381F82A
:1015C0002E000020DFF8C01388770020DFF8B81362
:1015D000C8770020DFF8B01381F82800DFF8A813DF
:1015E000086DDFF8A41350F480200865C8E1DFF827
:1015F000BC0690F84500DFF8B41691F84310884215
:1016000080F0BE81DFF8800390F82E0010F0FE001D
:10161000DD4981F82E00B3E1DB4890F8360002285E
:1016200040F06D81DFF88406B0F90000DFF81C1689
:10163000B1F90010884200F00A81DFF870060088D6
:10164000DFF808160880DFF86406B0F900003228D9
:1016500014DBDFF83406DFF8FC1509680160DFF8F9
:101660001406DFF8F41509680160DFF8F005DFF80B
:10167000E015016065E000BF50010020DFF82C0696
:10168000B0F90000142811DBDFF8FC05DFF8C41501
:1016900009680160DFF8DC05DFF8BC150968016046
:1016A000DFF8B8055FF07E5101604AE0DFF8FC0525
:1016B000B0F9000010F10F0F11DBDFF8CC05DFF8F7
:1016C000A41509680160DFF8AC05DFF89C1509680E
:1016D0000160DFF888055FF07E51016031E0DFF8DE
:1016E000CC05B0F9000010F1190F19DBDFF89805EF
:1016F000DFF8701509680160DFF87805DFF8681514
:1017000009680160DFF85405DFF85415016018E03E
:101710000150C3490020AC40E43700209837002036
:10172000DFF86405DFF83C1509680160DFF844055F
:10173000DFF8341509680160DFF82005DFF82C15A3
:101740000160DFF8400590ED000ADFF83C05D0EDC0
:10175000000AB4EE600AF1EE10FA1AD1DFF82C0597
:1017600090ED000ADFF8F404D0ED000AB4EE600A50
:10177000F1EE10FA0DD1DFF8180590ED000A9A4845
:10178000D0F84B1000EE901AB4EE600AF1EE10FAA9
:101790005DD09548D0F84B1000EE101ADFF8D00459
:1017A000D0ED000ADFF8B40490ED001A60EE810A73
:1017B00080EE800ADFF8C00480ED000ADFF8C8047C
:1017C00090ED000ADFF8B004D0ED000A20EE200A08
:1017D000DFF8A80480ED000ADFF8980490ED000A15
:1017E000DFF89404D0ED000AB7EE001A00EE201ADC
:1017F000DFF88C0480ED001ADFF8B004B0F90000C7
:1018000000EE100AB8EEC00ADFF87004D0ED000A4E
:10181000DFF86C0490ED001A00EE201ADFF8740473
:1018200080ED001ADFF85C04DFF85C1409680160E1
:10183000DFF85804DFF82414096801606A48D0F81A
:101840004B1000EE101ADFF8480480ED000ADFF8B4
:10185000440490ED000AB5EE400AF1EE10FA0FDDF7
:10186000DFF84804816800EE101ADFF84004DFF862
:101870002414D1ED000A20EE200A10EE101A816027
:10188000E6F7A0F8DFF8240490F84500DFF810141C
:101890000978884222D33C4890F82E00C0071DD416
:1018A000394890F82E0050F00100374981F82E0099
:1018B00000203549887700203349C8770020324915
:1018C00081F82800DFF8D0030078052858DB2E497E
:1018D000086D2D4950F48020086551E0424890F889
:1018E0006700DFF8BC130978884249D2264890F88F
:1018F0002E0010F0FE00244981F82E0040E022481E
:1019000090F8360003283BD1E7F7F6FDDFF89C039B
:1019100090F84500DFF888130978884221D31A48E7
:1019200090F82E00C0071CD4174890F82E0050F0F5
:101930000100154981F82E00002013498877002006
:101940001149C8770020104981F82800D348007851
:10195000052815DB0C49086D0B4950F480200865FB
:101960000EE0214890F86800CD490978884207D2F6
:10197000054890F82E0010F0FE00034981F82E0073
:10198000BDEC028B31BD00003C350020A0370020AB
:10199000443800200024F4000120C54981F86F007C
:1019A00000200100BF4A1278C9B2914209D2BE4953
:1019B000C0B201EBC00100220023C1E90023401C9A
:1019C000EFE70020B94981F856000F20B84981F8A7
:1019D0006E000548B749C0F8431003485FF07E51D8
:1019E000C0F8471070470000C03500202C38002098
:1019F000A63800200000E03F8DEDB5A0F7C6B03E50
:101A0000A1380020F8B52DED0A8B8CB09FEDAA9A75
:101A1000DFEDA99A9FEDA98B9FEDA8AB9FEDA7BB2A
:101A20009FEDA6CB002420009E490978C0B28842D1
:101A30002DD29D48E4B200EBC400D0E90001F5F7D7
:101A4000C7FA00EE100A01F0B5FD10EE100AF5F726
:101A5000A7F86A46E4B202EBC402C2E90001744886
:101A6000E4B200EBC400D0E90001F5F7B1FA00EEF2
:101A7000100A01F09FFD10EE100AF5F791F806AA82
:101A8000E4B202EBC402C2E90001641CCBE700240B
:101A9000200084490978C0B2884241D253EC1A2B05
:101AA0006846E4B200EBC400D0E9000100F096F90A
:101AB00041EC1A0B53EC1B2B06A8E4B200EBC4005C
:101AC000D0E9000100F08AF941EC1B0B6846E4B252
:101AD00000EBC400D0E9002306A8E4B200EBC40088
:101AE000D0E90001F1F730F953EC182B00F076F94A
:101AF00041EC180B6846E4B200EBC400D0E90023C7
:101B00006846E4B200EBC400D0E90001F1F71CF92B
:101B100053EC1C2B00F062F941EC1C0B641CB7E782
:101B200060480078F5F746FA53EC182BF1F70CF9FA
:101B300004000D0053EC1A2B51EC1B0BF1F704F9C8
:101B400002000B0020002900FAF73EFC04000D0003
:101B500054480078F5F72EFA53EC1C2BF1F7F4F803
:101B600006000F0053EC1A2B51EC1A0BF1F7ECF8AE
:101B700002000B0030003900FAF726FC02000B00CF
:101B800020002900F5F7B4F8F5F722FA09EE900ADB
:101B900044480078F5F70EFA02000B0051EC1B0BDD
:101BA000F5F7A6F804000D003E48007800EE100A94
:101BB000B8EE400A89EE800A10EE100AF4F7F0FF42
:101BC00053EC1A2BF1F7C0F802000B00200029009B
:101BD000FAF7FAFBF5F7FCF900EE100A01F0EEFC5B
:101BE000B0EE409A38489FED370A29EE000A10EE11
:101BF000101AC0F84310344819EE901AC0F8471074
:101C0000ECF730FB00202A4981F86D002849086D67
:101C1000274950F000700865254890F8330050F0CF
:101C20000100234981F833000CB0BDEC0A8BF1BDF3
:101C3000C0DF0A082038002084D79741C8E70A0887
:101C4000B8E70A08A8E70A08D0280020C402002044
:101C50009A99593F68FB0A086CFB0A08C0370020B4
:101C6000CDCCAC3F70FB0A0874FB0A083333F33F5A
:101C70000CFB0A08B0370020A4020020C83700205F
:101C8000CC370020B43700206C370020B837002054
:101C9000BC370020C4370020A8380020AD38002011
:101CA000AA380020CE020020B8360020DC02002036
:101CB0003C350020A2E7BB3400000000000000001B
:101CC00000000000BD378635C035002038B504005F
:101CD00000251448007800281ED04FF47A7011496E
:101CE0000978B0FBF1F010490968B1FBF0F000F0A1
:101CF000B2F900280DD1102C08D2002221005FF08B
:101D0000FF3000F087F90948046007E00120050072
:101D100004E00120050001E0012005002800C0B218
:101D200032BD00BFD6020020B4020020B002002065
:101D300001480068704700BF6038002080B5DFF8B8
:101D40000C0000F0BFF8806902BD00009000002088
:101D500030B430B90FF24800D0E90045C2E900457F
:101D60001BE00170012030BC704730B431B90FF274
:101D70003800D0E90045C3E900450EE01AB930BC8F
:101D80006FF00100704708B10A7802800978481E98
:101D9000804130BCC043C00F7047002030BC70474A
:101DA0000000000000000000000000000000000033
:101DB0000749086808B1002070470648C008C000FD
:101DC00008600549C908C900091A0160704700BFC9
:101DD0008C380020CF400020C8420020F0B44FF0E3
:101DE000004591EA030C44BF6B40FAF7F7BA00BF15
:101DF000841A71EB030603D2001BB141121973411F
:101E00004FF4001C1CEB410F34BF7CEB430443E058
:101E10000C0DA4EB1356352E50DC45EAC323DB0A28
:101E200045EAC121C912B6F120050DDD63FA05F6B8
:101E3000EB4086EA0305124218BF45F00105C018C1
:101E400051F100010CD213E062FA06F5F240554060
:101E5000F3415A40B340F3405A408018594107D3E8
:101E600049085FEA30005FEA350528BF45F0010503
:101E700001F58011420875F1004250F1000041EB7C
:101E80000451F0BC4FF4001C1CEB410F38BF7047ED
:101E90000020090D090570471CEB410F10D252EAD2
:101EA00043060BD0BCEB410F05D80C0DAB43661EAF
:101EB000342EB5DD02E0AB4380185941F0BC7047C9
:101EC000F0BC70477047000000B500BF1300964695
:101ED0009446103928BFA0E80C50FAD85FEA417C3C
:101EE00028BF0CC048BF40F8042BC90728BF20F802
:101EF000022B48BF00F8012B00BD00000148FFF78E
:101F0000E1BF0000C002002010F00702DFF85C31E2
:101F10001B6819004FF6FF031940DFF8543153EAEC
:101F200002231943DFF84431196070474F480068B5
:101F3000C0F302207047000040B2002808D40121FD
:101F400010F01F0291404B4A40B2430942F823105F
:101F5000704740B200280CD4012110F01F029140BC
:101F6000454A40B2430942F82310BFF34F8FBFF3F5
:101F70006F8F704710B440B2002804D40A013F4B61
:101F800040B21A5407E00A013D4B40B210F00F0472
:101F9000234403F8042C10BC704770B4030013F002
:101FA0000704D4F10706052E01D3042001E0D4F183
:101FB0000700261D072E01D2002500E0E51E0126A0
:101FC00016FA00F0401E0840A8400121A940491E11
:101FD0001140084370BC704710B50400601EB0F19A
:101FE000807F01D301200EE0601E264908600F218A
:101FF0005FF0FF30FFF7BEFF002023490860072095
:1020000022490860002010BD10B504002000FFF731
:102010007BFF10BDF8B504000D0016000027FFF788
:1020200085FF0700320029003800FFF7B6FF0100E6
:10203000200040B2FFF79EFFF1BD10B50400200064
:1020400040B2FFF779FF10BD10B50400200040B288
:10205000FFF77FFF10BD10B504002000FFF7BCFFA5
:1020600010BD80B500F014F801BD00000CED00E0DB
:102070000000FA0500E100E080E100E000E400E09B
:1020800018ED00E014E000E018E000E010E000E0EF
:102090007047000081B0DFF84000006850F0010098
:1020A000DFF834100860DFF83000006810F001003D
:1020B00000900098DFF82400006850F08050DFF8AE
:1020C0001C100860DFF81400006810F080500090C9
:1020D000009801B0704700006010024058100240A4
:1020E00010B40100002901D1002014E00A000020F2
:1020F0005FF080439A4201D29B08FBE7002B09D096
:102100001C18A24203D3121AD21A10EB4300400843
:102110009B08F3E7401C10BC7047000081627047C9
:10212000C1627047016370474163704781637047C4
:10213000C163704701647047826D81657047C165F6
:102140007047416951F001014161704770B5040069
:102150000D0020680600DFF8E804844212D0B4F1D4
:10216000804F0FD0DFF8DC0484420BD0DFF8D804B6
:10217000844207D0DFF8D404844203D0DFF8D004CF
:10218000844204D136F07000696851EA0006DFF835
:10219000B00484421ED0B4F1804F1BD0DFF8A404F9
:1021A000844217D0DFF8A004844213D0DFF89C04E7
:1021B00084420FD0DFF8980484420BD0DFF89404F7
:1021C000844207D0DFF89004844203D0DFF88C0407
:1021D000844204D136F44070E96851EA0006266072
:1021E000A9682000FFF79CFF29882000FFF796FFD1
:1021F000DFF84C0484420FD0DFF8540484420BD043
:10220000DFF85004844207D0DFF84C04844203D046
:10221000DFF84804844203D129692000FFF782FFD8
:102220002000FFF78EFF002070BDF8B504000D0000
:1022300016000127280001280ED0102812D0B0F572
:10224000807F15D0B0F5805F18D0B0F5803F1BD0EF
:10225000B0F5801F1ED023E03100200000F05BF8B5
:1022600007001DE03100200000F0A2F8070017E091
:102270003100200000F0E9F8070011E031002000F3
:1022800000F030F907000BE03100200000F068F9A1
:10229000070005E03100200000F09AF90700FFE791
:1022A0003800C0B2F2BD02000023087B60F30703D0
:1022B00033F440708B68034333F480604B6803430E
:1022C00033F400600B68034333F48050CB8903433D
:1022D00033F400500B69034333F480404B6A0343EB
:1022E00033F470204B690343DFF85403824203D078
:1022F000DFF85C0382420BD133F470000B6A0343B6
:1023000033F080708B69034333F00070CB69034373
:102310005364002070472DE9F04104000D00206A4D
:10232000400840002062206A070060688046A0697B
:102330000600B608B600CA483040296851EA0006CF
:1023400037F00200296951EA0007780840006968FF
:1023500051EA0007BA4884420BD0BD48844208D0F5
:10236000BC48844205D0BC48844202D0BB48844269
:1023700013D137F00800696950EA810737F004008B
:10238000A96850EA810738F48070A96951EA000809
:1023900038F40070E96950EA4108C4F80480A66185
:1023A000E9682000FFF7C0FE27620020BDE8F08149
:1023B0002DE9F04104000D00206A30F01000206289
:1023C000206A070060688046A069060036F44076FF
:1023D000A4483040296850EA012637F020002969D6
:1023E00050EA011737F01000696850EA0117944865
:1023F00084420BD09648844208D09648844205D047
:102400009548844202D09548844213D137F0800029
:10241000696950EA811737F04000A96850EA8117CE
:1024200038F48060A96950EA810838F40060E969ED
:1024300050EAC108C4F80480A661E9682000FFF7EB
:1024400075FE27620020BDE8F0812DE9F04104000F
:102450000D00206A30F480702062206A07006068F6
:102460008046E0690600B608B6007D48304029681D
:1024700051EA000637F40070296950EA012737F461
:102480008070696850EA01276D4884420BD070481B
:10249000844208D06F48844205D06F48844202D0FD
:1024A0006E48844213D137F40060696950EA81278D
:1024B00037F48060A96850EA812738F48050A96910
:1024C00050EA011838F40050E96950EA4118C4F89C
:1024D0000480E661E9682000FFF72AFE27620020F9
:1024E000BDE8F0812DE9F04104000D00206A30F4D0
:1024F00080502062206A070060688046E06906001C
:1025000036F4407657483040296850EA012637F4BF
:102510000050296950EA013737F48050696850EA61
:102520000137474884420BD04948844208D0494883
:10253000844205D04848844202D04848844204D1AD
:1025400038F48040A96950EA8118C4F80480E66133
:10255000E9682000FFF7EEFD27620020BDE8F0816A
:10256000F8B504000D00206A30F480302062206A43
:102570000600606D07003A483840296851EA0007B4
:1025800036F40030296950EA014636F48030696833
:1025900050EA01462A4884420BD02D48844208D094
:1025A0002C48844205D02C48844202D02B488442D7
:1025B00006D1606830F48030A96950EA012060607B
:1025C0006765E9682000FFF7B7FD26620020F2BDCD
:1025D000F8B504000D00206A30F480102062206AF3
:1025E0000600606D07001F483840296850EA01273F
:1025F00036F40010296950EA015636F480106968F3
:1026000050EA01560E4884420BD01148844208D04B
:102610001048844205D01048844202D00F488442BA
:1026200006D1606830F48020A96950EA812060609A
:102630006765E9682000FFF782FD26620020F2BD91
:10264000002C01400004004000080040000C004045
:102650000034014000400140004401400048014076
:102660008FFFFEFFFF8FFFFE026B120912010A436C
:1026700002637047806810F001007047F8B50400ED
:102680000D000026686800283A48FFF7F3FF0700AE
:102690003948FFF7EFFF07433848FFF7EBFF3843B0
:1026A000002816D1686800280CD0A068344908407A
:1026B0002968084369680843A9680843E96808432A
:1026C000A06008E0A0682E49084029680843A0607F
:1026D00001E0012006003000C0B2F2BD70B5040078
:1026E0000D0000262000FFF7C5FF00280AD1E06892
:1026F000244908402968084369680843A9680843D1
:10270000E06001E0012006003000C0B270BD70B58D
:1027100004000D000026686800282000FFF7AAFFCB
:10272000002822D1686800280ED0E06816490840C9
:1027300029680843A9680843E968084329690843E8
:1027400069690843E0600BE0E0680F4908402968C8
:102750000843E96808432969084369690843E06058
:1027600069682000FFF780FF01E0012006003000CB
:10277000C0B270BD000004500001045000020450BB
:10278000E030C0FFC7BFFFFF3CC0F0FF094200BF01
:1027900008BFF4F70FBC02460846B0FA80F150407B
:1027A0008A40C1F12001C8415040C91E01F5846131
:1027B000090501EBD021400540EAD220520572F113
:1027C000004250F1000041F1000170470300002079
:1027D00013F0030F09D0521E22BF13F8010B11F89A
:1027E00001CBB0EB0C00F3D07047121F22BF53F89F
:1027F000040B51F804CB6045F7D0121D0AD200BA81
:102800009CFA8CFCB0EB0C0038BF6FF0000088BF66
:1028100001207047521E22BF13F8010B11F801CBA3
:10282000B0EB0C00F6D0521C08BF10467047F8B54C
:1028300004000D001600002C01D1032016E000203A
:10284000C4F8B8020020C4F8C4020020C4F8D002C2
:10285000002D01D0C4F8B452012084F89C022670E7
:10286000200001F01BF807003800C0B2F2BD38B5F7
:102870000400200001F0A9F8012084F89C02D4F89B
:10288000B802002806D06168C9B22000D4F8B82286
:10289000526890470020C4F8C4020020C4F8B40273
:1028A0000020C4F8D002200001F049F805002800FB
:1028B000C0B232BD38B504000D000020ADF80000F4
:1028C000002D01D103201BE0C4F8B852D4F8D40283
:1028D00004EB8000D0F8B802C06A00280AD068462D
:1028E000D4F8D41204EB8101D1F8B812C96A884730
:1028F000C4F8D002D4F8D802401CC4F8D802002092
:1029000032BD10B50400200001F03CF810BD10B538
:102910000400200001F059F8D4F8B802002806D0CD
:102920006168C9B22000D4F8B822526890470020EC
:1029300010BD01000020704770B504000D00002696
:10294000D4F8B802002807D02900C9B22000D4F872
:10295000B8221268904706003000C0B270BD70B552
:1029600004000D0000262900C9B22000D4F8B822C6
:1029700052689047002801D0032006003000C0B202
:1029800070BD70B504000D00290004F2AA2001F00A
:102990004BFE0120C4F89402B4F8B002C4F89802C7
:1029A00094F8AA0210F01F00002803D002280FD0CC
:1029B00007D314E004F2AA21200001F0C5F90600B3
:1029C00015E004F2AA21200001F017FA06000EE03B
:1029D00004F2AA21200001F067FA060007E094F84B
:1029E000AA0210F08001200001F092F806003000E9
:1029F000C0B270BD2DE9F84304000D0016005FF071
:102A00000008EDB2002D5ED14FF4AA7020440700FB
:102A1000D4F89402032840F08B80F868B9688842A3
:102A20000FD2B868F968401AB860B868F968884287
:102A300001D2BA6800E0FA683100200001F077FEA8
:102A400076E094F8AA0210F01F00002803D00228B4
:102A50000CD003D312E00020814611E0B4F8AE128E
:102A6000C9B2200000F0DCF9814609E0B4F8AE12EA
:102A7000C9B2200000F0D7F9814601E0002081466C
:102A80005FFA89F9B9F1000F19D194F89C02032873
:102A900015D15FFA89F904EB8900D0F8B802006912
:102AA00000280CD05FFA89F9C4F8D49220005FFAAC
:102AB00089F904EB8901D1F8B81209698847200027
:102AC00001F041FE34E015F07F01200000F0ABF989
:102AD00081465FFA89F9B9F1FF0F29D05FFA89F9C8
:102AE000B9F1000F24D194F89C02032818D15FFAA1
:102AF00089F904EB8900D0F8B802806900280FD06A
:102B00005FFA89F9C4F8D4922900C9B220005FFAAB
:102B100089F904EB8902D2F8B8229269904780467D
:102B20005FFA88F8B8F1000F02D04046C0B200E06A
:102B30000020BDE8F2832DE9F84304000D001600E3
:102B4000EDB2002D59D114F114000700D4F894020D
:102B5000022847D1F868B96888420FD2B868F96886
:102B6000401AB860BA683100200001F0D4FD00239B
:102B700000220021200001F086F833E0F868B968EF
:102B8000884217D17868F968884213D37868D4F8F6
:102B9000981288420ED200220021200001F0BBFDD5
:102BA0000020C4F89802002300220021200001F038
:102BB0006AF817E094F89C0203280CD1D4F8B80204
:102BC000C068002807D00020C4F8D4022000D4F840
:102BD000B812C96888478021200000F099FF2000C2
:102BE00001F0BEFD94F8A00200283CD02000FFF7C1
:102BF000A0FE002084F8A00235E055F08001C9B2A3
:102C0000200000F010F981465FFA89F9B9F1FF0F51
:102C100029D05FFA89F9B9F1000F24D194F89C0208
:102C2000032820D15FFA89F904EB8900D0F8B802B3
:102C30004069002817D05FFA89F9C4F8D4922900B6
:102C4000C9B220005FFA89F904EB8902D2F8B822F0
:102C50005269904780465FFA88F8B8F1000F02D0B9
:102C60004046C0B200E00020BDE8F28338B5040061
:102C70000025012084F89C020020C4F89402002062
:102C800060600020C4F8A402002084F8A002D4F8F8
:102C9000B80200280FD0D4F8B802406800280AD043
:102CA0006168C9B22000D4F8B82252689047002861
:102CB00001D003200500402300220021200000F065
:102CC000A7FE0120A4F864014020C4F8600140235D
:102CD00000228021200000F09BFE0120A0844020E3
:102CE00020622800C0B232BD02001174002070477B
:102CF000010091F89C02042803D091F89C0281F80D
:102D00009D02042081F89C0200207047010091F888
:102D10009C02042803D191F89D0281F89C020020B6
:102D2000704710B5040094F89C0203280DD1D4F824
:102D3000B802002809D0D4F8B802C069002804D02D
:102D40002000D4F8B812C9698847002010BD38B5F2
:102D500004000D00D4F8D40204EB8000D0F8B802CF
:102D6000002801D1032018E094F89C02032813D115
:102D7000D4F8D40204EB8000D0F8B802006A00282E
:102D80000AD02900C9B22000D4F8D42204EB820270
:102D9000D2F8B822126A9047002032BD38B504003C
:102DA0000D00D4F8D40204EB8000D0F8B80200285B
:102DB00001D1032018E094F89C02032813D1D4F821
:102DC000D40204EB8000D0F8B802406A00280AD090
:102DD0002900C9B22000D4F8D42204EB8202D2F830
:102DE000B822526A9047002032BD0100002070478F
:102DF00038B504000025012084F89C02D4F8B802FC
:102E000000280AD06168C9B22000D4F8B8225268FC
:102E10009047002801D0032005002800C0B232BD31
:102E20000200002070470200002070472DE9F041A9
:102E300082B004000D00260027005FF000083878FB
:102E4000798880B2884219D23878ADF80000BDF890
:102E500000007988884211D26946300000F011F8EC
:102E6000060070780528F2D1B04698F802002900D3
:102E7000C9B2884202D000208046E8E74046BDE85B
:102E8000F68110B4020010000B88047853FA84F322
:102E90000B800078104410BC7047000070B504002F
:102EA0000D0040F6740000F02BFF0600002E08D144
:102EB000D4F8D40204EB80000021C0F8C012022034
:102EC00059E0D4F8D40204EB8000C0F8C062D4F812
:102ED000D40204EB8000D0F8C002C4F8BC02207C0D
:102EE000002823D14FF400730222CF48017820003C
:102EF00000F08EFDCC48007810F00F0014214843FC
:102F000020440121A0F864114FF400730222C74845
:102F10000178200000F07CFDC448007810F00F001C
:102F20001421484320440121818420E040230222CF
:102F3000BD480178200000F06BFDBB48007810F020
:102F40000F001421484320440121A0F864114023BC
:102F50000222B6480178200000F05AFDB3480078FC
:102F600010F00F00142148432044012181842000E7
:102F700001F004FC002070BD38B504000D00AA4823
:102F80000178200000F078FDA748007810F00F00CD
:102F90001421484320440021A0F86411A34801787B
:102FA000200000F069FDA148007810F00F00142106
:102FB0004843204400218184D4F8D40204EB8000EB
:102FC000D0F8C002002814D0200001F02FFCD4F863
:102FD000D40204EB8000D0F8C00200F0A1FED4F8C7
:102FE000D40204EB80000021C0F8C0120020C4F815
:102FF000BC02002032BDF8B504000D00D4F8D402A4
:1030000004EB8000D0F8C06200270020ADF800007B
:10301000002E01D10320A2E0287810F060000028E3
:1030200042D0202840F093806878FE2802D0FF2804
:103030001FD032E06888002814D1E888012811D117
:10304000287800060ED5D4F8D40204EB8000D0F81E
:10305000C40280698047306001223100200001F005
:1030600049FB05E02900200001F0F9FA03200700E0
:1030700019E06888002809D1E888002806D1287856
:10308000000603D4200001F0AEFB05E0290020007B
:1030900001F0E5FA0320070005E02900200001F017
:1030A000DEFA0320070058E06878002806D00128DF
:1030B00034D00A2813D00B2822D041E094F89C0287
:1030C000032805D102226946200001F013FB05E028
:1030D0002900200001F0C3FA0320070036E094F82D
:1030E0009C02032805D10122311D200001F002FBC2
:1030F00005E02900200001F0B2FA0320070025E0D6
:1031000094F89C02032802D1A878706005E0290099
:10311000200001F0A4FA0320070017E094F89C02B5
:1031200003280CD16888002809D1A988C9B22000D9
:1031300000F0C8FCA988C9B2200001F0B5FC05E088
:103140002900200001F08BFA0320070005E0290088
:10315000200001F084FA032007003800C0B2F2BD5D
:1031600038B504000D002900C9B2200001F069FB48
:10317000002032BD38B504000D002900C9B220007E
:1031800001F085FB002032BD38B5040081212848BC
:10319000FFF74CFE050001212548FFF747FE01001F
:1031A000002D02D04FF40070A880002902D04FF407
:1031B00000708880202020801D4832BD38B5040072
:1031C00081211B48FFF732FE050001211848FFF757
:1031D0002DFE0100002D01D04020A880002901D043
:1031E0004020888020202080114832BD38B504005E
:1031F00081210F48FFF71AFE050001210C48FFF757
:1032000015FE0100002D01D04020A880002901D02A
:103210004020888020202080054832BD01000A20FF
:103220000880044870470000D8020020D702002020
:10323000B8010020600200200200002901D1032013
:1032400006E0D2F8D40202EB8000C0F8C4120020DD
:1032500070470000F8B52DED028B04462DED020AF3
:1032600082B0039801900298C0F3C750FF2806D19E
:103270000298002540020CBF0127022712E0012816
:1032800007DA02A801F03EFC012802DB0025002736
:1032900008E0029A7E2161F3DE520292A0F17E05DF
:1032A0004FF0FF37002101A801F040FC06460CB1A9
:1032B00000202080002E02BF9DED030AB5EE400ADB
:1032C000F1EE10FA16D0002F18D52DB2012D1AD11B
:1032D0009DED020AF6EE000AB4EE600AF1EE10FA75
:1032E00008D0012E0FD1FEEE000AB4EE600AF1EE16
:1032F00010FA30D104B0B7EE000A29E1022F04D150
:103300009DED020A23E1012E5CDB022E08BF9DED3C
:10331000030A00F01C81012F1BD10298002803989A
:1033200002D400284AD532E0002809D4002E45D125
:103330004FF0FF3101A801F0F9FB00283ED539E03C
:103340002EBB4FF0FF3101A801F0F0FB00281ED585
:1033500019E0012E09D1039800282DB202D4012DC5
:103360002CDA14E0012D12DA28E00398002812D498
:103370006EB94FF0FF3101A801F0D8FB002844BF1F
:103380000298002803D504B09FED600AE0E004B085
:103390009FED5F0ADCE0FEF7B1FD222101606EB90E
:1033A0004FF0FF3101A801F0C1FB002844BF029893
:1033B000002803D504B09FED570AC9E004B09FED83
:1033C000560AC5E00298002848BF002E07D5FEF730
:1033D00095FD2121016004B09FED500AB8E09DEDFC
:1033E000020AB5EE400AF1EE10FAC8BF002609DC69
:1033F000B1EE400A8DED020A4FF0FF3101A801F055
:1034000095FB06469DED020ADFED450AB4EE600A23
:10341000F1EE10FA06D5F0EE000A20EE200A8DED4E
:10342000020A6D1E9DED020AFFEE000A30EE200A30
:10343000DDED020A8DED020AB7EE001A70EE810A88
:1034400080EE208A68EE088AB0EE680A01F02AFC55
:1034500028EE800ADDED020A30EE600A20EE080A4E
:1034600030EE800A2DB200EE905A9FED2E1AF8EE43
:10347000E00A80EE011A30EE811A8DED011A9DED01
:10348000031ADDED011A21EE211ADFED271AB4EE41
:10349000611AF1EE10FA8DED001A49D4DFED231A0E
:1034A000B4EE611AF1EE10FA44DAB5EE401AF1EE1C
:1034B00010FA4CBFFEEE001AF6EE001A31EE211A99
:1034C000DDED031ABDEEC11A60EEA10AF8EEC11AD5
:1034D00070EEE10ADFED131A60EEA10ADDED031ACA
:1034E00040EE210ACDED000A24B111EE100A208031
:1034F0009FED071A11EE101AB7EE000A684601F0A8
:10350000FDFBA8B1012815D01BE000BF0000008022
:1035100000000000000080FF0000807FFFFFFF7FB1
:10352000F304353F1872313F000000C70100004727
:10353000002001E04FF0FF400090FEF7DFFC222169
:103540000160002E9DED000A18BFB1EE400A04B0E4
:10355000BDEC028BF1BD00207CE62DED010A009848
:10356000C0F3C750FF2809D000B10EE00098400218
:103570000CBF00206FF0010001B0704700984002BE
:1035800014BF0220012001B070474FF0FF3001B09E
:103590007047000090420CD141EA030C50EA4C0CF9
:1035A00007D0994205D14FF4001C1CEB410F38BFE6
:1035B00089427047002001F0E1BA000000B52DED0E
:1035C000010A0098C0F3C750FF2806D070B90098D0
:1035D00040020BD1B7EE000A01BD009840020DD1A8
:1035E000009800280AD59FED060A01BD0021B7EE1C
:1035F000000A684601F082FB9DED000A01BD000053
:1036000000000000DFF80017096831F04061014355
:10361000DFF8F4261160704710B586B0040001A8E9
:103620001421F9F787F82068B0F1A04F5AD15FF064
:103630008060FFF7E7FFDFF8D406006850F0010074
:10364000DFF8C8160860DFF8C406006810F0010053
:10365000009000984FF4C05001900220029000208A
:103660000390032004900A20059001A95FF0904088
:1036700001F05CFCDFF89406006850F48050DFF83D
:103680008C160860DFF88406006810F48050009003
:103690000098DFF87C060068C00019D4DFF87006D7
:1036A000006850F08050DFF868160860DFF86006A8
:1036B000006810F0805000900098FCF753FFDFF88E
:1036C0005006006830F08050DFF84416086001E0D2
:1036D000FCF748FF002200214320FEF79BFC43201B
:1036E000FEF7ABFC06B010BD10B582B00400206838
:1036F000B0F1A04F31D1DFF81406006830F48050EB
:10370000DFF8081608604FF4C0515FF0904001F0F8
:1037100007FDDFF8FC050068C00019D4DFF8F005EC
:10372000006850F08050DFF8E8150860DFF8E00529
:10373000006810F0805000900098FCF71CFFDFF844
:10374000D005006830F08050DFF8C415086001E053
:10375000FCF711FF4320FEF777FC13BD10B5040002
:1037600004F29C41D4F8E004FFF70BF910BD38B522
:1037700004000D00EDB2242000FB05F02044D0F839
:1037800060222900C9B2D4F8E004FFF733F931BD53
:1037900038B504000D00EDB2242000FB05F02044F4
:1037A000026A2900C9B2D4F8E004FFF7C4F931BDB8
:1037B00010B50400D4F8E004FFF7B3FA10BD38B533
:1037C00004000125E079022801D0F7F7C1FF2900A4
:1037D000C9B2D4F8E004FFF787FAD4F8E004FFF7A1
:1037E00045FA31BD10B50400206810F5606000682E
:1037F00050F00100216811F560610860D4F8E00420
:10380000FFF776FAE07A002807D0DFF808050068AD
:1038100050F00600DFF8FC14086010BD10B504007D
:10382000206810F56060006840084000216811F5CC
:1038300060610860E07A002809D0DFF8D8040068E9
:1038400030F00600DFF8CC14086000F06AFAD4F813
:10385000E004FFF75BFA10BD38B504000D00290045
:10386000C9B2D4F8E004FFF799FA31BD38B50400C5
:103870000D002900C9B2D4F8E004FFF768FA31BDA1
:1038800010B50400D4F8E004FFF7AFFA10BD10B58E
:103890000400D4F8E004FFF7ABFA10BD10B5040043
:1038A0002078002849D1DFF87004C0F8E044DFF840
:1038B0006804C4F8C8025FF0A040DFF85C14086038
:1038C0000620DFF8541408710220DFF84C14C87188
:1038D0000220DFF8441448720020DFF83C1488729C
:1038E0000020DFF83414C8720020DFF82C140873AD
:1038F0000120DFF8241448730020DFF81C14C8737B
:103900000020DFF814148873DFF80C0401F0C2FC07
:10391000002801D0F7F71CFF8021DFF8FC0302F03C
:10392000A0FB40220021DFF8F00302F06BFB8022B5
:103930000121DFF8E40302F065FB002010BD70B543
:10394000040000250026D4F8C80201F069FD050036
:10395000EDB2002D05D0022D09D005D3032D09D0DD
:103960000BE0002006000AE00320060007E001202B
:10397000060004E00320060001E0032006003000FA
:10398000C0B270BD70B5040000250026D4F8C8028E
:1039900001F05EFD0500EDB2002D05D0022D09D02D
:1039A00005D3032D09D00BE0002006000AE0032018
:1039B000060007E00120060004E00320060001E005
:1039C000032006003000C0B270BD70B504000025B1
:1039D0000026D4F8C80201F059FD0500EDB2002D13
:1039E00005D0022D09D005D3032D09D00BE000200E
:1039F00006000AE00320060007E00120060004E0BC
:103A00000320060001E0032006003000C0B270BDB4
:103A10002DE9F84304000D0016001F005FF00008B8
:103A20005FF000093300DBB23A0092B22900C9B25C
:103A3000D4F8C80202F087F880465FFA88F8B8F137
:103A4000000F07D0B8F1020F0AD006D3B8F1030F68
:103A500009D00BE0002081460AE00320814607E000
:103A60000120814604E00320814601E003208146D5
:103A70004846C0B2BDE8F283F8B504000D00002648
:103A800000272900C9B2D4F8C80202F0ADF8060038
:103A9000F6B2002E05D0022E09D005D3032E09D090
:103AA0000BE0002007000AE00320070007E00120E8
:103AB000070004E00320070001E0032007003800AE
:103AC000C0B2F2BDF8B504000D00002600272900A1
:103AD000C9B2D4F8C80202F0AAF90600F6B2002E64
:103AE00005D0022E09D005D3032E09D00BE000200B
:103AF00007000AE00320070007E00120070004E0B8
:103B00000320070001E0032007003800C0B2F2BD27
:103B1000F8B504000D00002600272900C9B2D4F82A
:103B2000C80202F0E4F80600F6B2002E05D0022E1C
:103B300009D005D3032E09D00BE0002007000AE0CE
:103B40000320070007E00120070004E0032007002E
:103B500001E0032007003800C0B2F2BDF8B5040050
:103B60000D00002600272900C9B2D4F8C80202F0CF
:103B700001F90600F6B2002E05D0022E09D005D3B9
:103B8000032E09D00BE0002007000AE00320070005
:103B900007E00120070004E00320070001E0032004
:103BA00007003800C0B2F2BD0200D2F8C802C9B2A4
:103BB0000B0607D5C9B211F07F01242359430844ED
:103BC000807D07E0C9B211F07F01242359430844E6
:103BD00090F856027047F8B504000D000026002743
:103BE0002900C9B2D4F8C80201F096FF0600F6B267
:103BF000002E05D0022E09D005D3032E09D00BE0EC
:103C0000002007000AE00320070007E0012007006A
:103C100004E00320070001E0032007003800C0B2E1
:103C2000F2BD2DE9F84304000D0016001F005FF0FF
:103C300000085FF000093B0032002900C9B2D4F847
:103C4000C80202F031F880465FFA88F8B8F1000F38
:103C500007D0B8F1020F0AD006D3B8F1030F09D08C
:103C60000BE0002081460AE00320814607E00120A6
:103C7000814604E00320814601E003208146484656
:103C8000C0B2BDE8F2832DE9F84304000D00160030
:103C90001F005FF000085FF000093B0032002900C0
:103CA000C9B2D4F8C80201F0D1FF80465FFA88F8A3
:103CB000B8F1000F07D0B8F1020F0AD006D3B8F15F
:103CC000030F09D00BE0002081460AE00320814663
:103CD00007E00120814604E00320814601E0032043
:103CE00081464846C0B2BDE8F28338B504000D00F5
:103CF0002900C9B2D4F8C80201F0CDFF32BD704727
:103D00000100064870470000881002404C10024035
:103D10005810024010ED00E0EC230020740B00204E
:103D2000704780B5F7F75EFB01BD000030B40100BD
:103D30000C0025782A00641C25782B0052EA032504
:103D4000280080B230BC704770B504000D0000261A
:103D5000287810F0600000280FD0202801D04028DB
:103D600044D129002000D4F8D42204EB8202D2F8F6
:103D7000B8229268904706003CE06878002821D07D
:103D8000012829D0032822D005280BD0062804D0EA
:103D9000082812D009280AD023E02900200000F0CA
:103DA000E8F922E02900200000F000FB1DE02900D6
:103DB000200000F02EFB060017E02900200000F094
:103DC000B1FB12E02900200000F0D3FB0DE0290038
:103DD000200000F0F4FB08E02900200000F00DFCBA
:103DE00003E02900200000F03AFC03E02900200055
:103DF00000F035FC3000C0B270BDF8B504000D0015
:103E00000026287810F06000002803D0202801D078
:103E1000402842D194F89C02401E022838D82879C4
:103E2000022830D2A988C9B22000FEF7F9FF0700A6
:103E3000FFB2FF2F1BD0FFB2002F18D1FFB204EB4F
:103E40008700D0F8B802806800280DD0FFB2C4F80F
:103E5000D47229002000FFB204EB8702D2F8B82206
:103E600092689047060004E00320060001E003206A
:103E70000600E88800280AD1F6B2002E07D12000FB
:103E800000F061FC03E02900200000F0E8FB03E003
:103E90002900200000F0E3FB03E02900200000F0EF
:103EA000DEFB3000C0B2F2BD2DE9F84304000D0086
:103EB0005FF00009A8880700287810F0600000284B
:103EC0002DD0202802D0402840F04B813900C9B2C3
:103ED0002000FEF7A8FF80465FFA88F8B8F1FF0FD0
:103EE0001CD05FFA88F8B8F1000F17D15FFA88F894
:103EF000C4F8D4825FFA88F804EB8800D0F8B802DE
:103F0000806800280AD0290020005FFA88F804EBB6
:103F10008802D2F8B82292689047814625E16878F5
:103F2000002800F09380012838D0032840F0148145
:103F300094F89C02022802D0032815D029E0FFB291
:103F4000002F0CD0FFB2802F09D03900C9B2200059
:103F5000FFF7DEFD80212000FFF7DAFD03E02900F6
:103F6000200000F07CFB18E0688800280DD1FFB22B
:103F7000002F0AD0FFB2802F07D0E888002804D194
:103F80003900C9B22000FFF7C3FD200000F0DBFBC1
:103F900003E02900200000F062FBE1E094F89C02BD
:103FA000022802D0032815D04BE0FFB2002F0CD01E
:103FB000FFB2802F09D03900C9B22000FFF7A8FD59
:103FC00080212000FFF7A4FD03E02900200000F07D
:103FD00046FB3AE06888002832D17F20074204D0AF
:103FE0003900C9B22000FFF7B9FD200000F0ABFB9B
:103FF0003900C9B22000FEF716FF80465FFA88F844
:10400000B8F1FF0F1CD05FFA88F8B8F1000F17D194
:104010005FFA88F8C4F8D4825FFA88F804EB880065
:10402000D0F8B802806800280AD0290020005FFA82
:1040300088F804EB8802D2F8B8229268904781464B
:1040400003E02900200000F00AFB89E094F89C02BC
:10405000022802D0032829D079E0FFB2002F07D030
:10406000FFB2802F04D02900200000F0F8FA72E09F
:10407000FFB2380608D5FFB217F07F00142148437D
:10408000204410F1140609E0FFB217F07F0014215C
:10409000484320444FF4AA7100EB01060020306031
:1040A00002223100200000F025FB54E0FFB2380668
:1040B0000DD5FFB217F00F00142148432044808C27
:1040C000002813D12900200000F0C9FA43E0FFB214
:1040D00017F00F00142148432044B0F86401002871
:1040E00004D12900200000F0BAFA34E0FFB238060B
:1040F00008D5FFB217F07F0014214843204410F187
:10410000140609E0FFB217F07F0014214843204451
:104110004FF4AA7100EB0106FFB2002F02D0FFB2EC
:10412000802F02D1002030600BE03900C9B220009E
:10413000FFF73AFD002802D00120306001E00020A6
:10414000306002223100200000F0D4FA03E02900A0
:10415000200000F084FA03E02900200000F07FFA3C
:1041600003E02900200000F07AFA4846C0B2BDE81A
:10417000F283F8B504000D000020ADF80000002621
:104180000027688880B2000AC0B201281FD0022828
:1041900025D0032838D0062800F0BA80072800F080
:1041A000C7800F2840F0D680D4F8B402C069002838
:1041B00007D06946207CD4F8B422D2699047060023
:1041C00004E02900200000F04AFA7F1CC7E069469D
:1041D000207CD4F8B422126890470600BFE0207C0F
:1041E000002808D16846D4F8B812896A88470600C2
:1041F0000220707007E06846D4F8B812C96A884790
:10420000060002207070AAE0A878002808D00228D2
:104210002CD018D304284FD03BD305285FD071E0B1
:10422000D4F8B4024068002807D06946207CD4F84E
:10423000B42252689047060004E02900200000F0F4
:104240000EFA7F1C63E0D4F8B4028068002807D01F
:104250006946207CD4F8B42292689047060004E0B6
:104260002900200000F0FBF97F1C50E0D4F8B402D4
:10427000C068002807D06946207CD4F8B422D268F0
:104280009047060004E02900200000F0E8F97F1CB8
:104290003DE0D4F8B4020069002807D06946207CCC
:1042A000D4F8B42212699047060004E029002000E7
:1042B00000F0D5F97F1C2AE0D4F8B4024069002848
:1042C00007D06946207CD4F8B42252699047060092
:1042D00004E02900200000F0C2F97F1C17E0D4F8A8
:1042E000B4028069002807D06946207CD4F8B42243
:1042F00092699047060004E02900200000F0AFF921
:104300007F1C04E02900200000F0A9F97F1C26E0B2
:10431000207C002806D16846D4F8B812496B88473B
:10432000060004E02900200000F099F97F1C16E047
:10433000207C002808D16846D4F8B812096B884759
:1043400006000720707004E02900200000F087F9C3
:104350007F1C04E02900200000F081F97F1CFFB2DF
:10436000002F22D1E88800281CD0BDF800000028CA
:1043700013D0BDF80000E988884204D2BDF80000DF
:10438000ADF8000002E0E888ADF80000BDF80020BC
:104390003100200000F0AEF907E02900200000F015
:1043A0005EF902E0200000F0CEF9F1BD70B5040026
:1043B0000D00A888002827D1E888002824D1688823
:1043C000802821D2A87810F07F00060094F89C0283
:1043D000032804D12900200000F041F918E084F8F6
:1043E0009E623100C9B22000FFF7F5FB200000F00B
:1043F000AAF9F6B2002E03D0022084F89C0207E04E
:10440000012084F89C0203E02900200000F027F935
:1044100070BD70B504000D00002668884049087022
:104420003F480078022805D32900200000F017F942
:10443000032074E094F89C02022802D0032823D0C1
:1044400060E03748007800281AD03548007860606E
:10445000334801782000FEF76FFA0600F6B2002E0E
:1044600007D02900200000F0FAF8022084F89C020E
:1044700009E0200000F067F9032084F89C0202E0C4
:10448000200000F060F948E02548007800280ED1AF
:10449000022084F89C02224800786060204801785D
:1044A0002000FEF75CFA200000F04DF929E01C48DE
:1044B00000786168884221D06168C9B22000FEF7A7
:1044C0004EFA174800786060154801782000FEF722
:1044D00033FA0600F6B2002E0CD02900200000F0BE
:1044E000BEF86168C9B22000FEF739FA022084F8EC
:1044F0009C0206E0200000F026F902E0200000F017
:1045000022F90AE02900200000F0A9F80448017807
:104510002000FEF724FA032006003000C0B270BD70
:10452000C338002038B504000D00E888012804D005
:104530002900200000F093F81AE094F89C02401E35
:10454000012802D9801E09D00EE00020A0600122BF
:1045500014F10801200000F0CDF809E00122211D2E
:10456000200000F0C7F803E02900200000F077F8F1
:1045700031BD38B504000D0094F89C02401E02289D
:1045800018D8E888022804D02900200000F067F835
:1045900014E00120E060D4F8A402002803D0E06811
:1045A00050F00200E060022214F10C01200000F043
:1045B000A1F803E02900200000F051F831BD38B522
:1045C00004000D006888012806D10120C4F8A40267
:1045D000200000F0B8F80FE06888022808D1A88809
:1045E00080B2000A84F8A002200000F0ACF803E0DA
:1045F0002900200000F033F831BD38B504000D006B
:1046000094F89C02401E022809D86888012805D128
:104610000020C4F8A402200000F095F803E029006F
:10462000200000F01CF831BD70B504000D002E0014
:1046300030782070761C30786070761C3000FFF780
:1046400075FB6080761C761C3000FFF76FFBA08046
:10465000761C761C3000FFF769FBE08070BD38B532
:1046600004000D0080212000FFF752FA00212000F5
:10467000FFF74EFA31BD2DE9F04104000D001600A0
:104680000027002C29D0A046404600F028F8400022
:10469000801CB0F5807F02D94FF4807004E0404662
:1046A00000F01DF84000801C30803078FFB2E855E3
:1046B0007F1C0320FFB2E8557F1C98F800000028FB
:1046C0000BD098F80000FFB2E85518F101087F1CE4
:1046D0000020FFB2E8557F1CEFE7BDE8F081010044
:1046E00000200A001378002B02D0401C521CF9E76E
:1046F000C0B2704770B504000D0016000220C4F867
:104700009402A661E66133002A0000212000FFF731
:1047100088FA002070BD70B504000D00160033004B
:104720002A0000212000FFF77CFA002070BD70B540
:1047300004000D00160033002A0000212000FFF7BE
:10474000A2FA002070BD10B504000420C4F8940241
:104750000023002200212000FFF763FA002010BD93
:1047600010B504000520C4F89402002300220021A3
:104770002000FFF788FA002010BD000038B50400C3
:10478000D4F8D40204EB8000D0F8C052002D29D018
:104790000020287200206872002085F8610800203F
:1047A00085F86008002085F862080020D4F8D4124B
:1047B00004EB8101D1F8C41209688847CD4801781B
:1047C0002000FFF77FF9CC4801782000FFF77AF945
:1047D0001F234FF4016005EB0002C648017820005A
:1047E000FFF751FA31BD38B50400D4F8D40204EB18
:1047F0008000D0F8C052002D17D000202872012070
:104800006872BD4801782000FFF7A8F9B94801781F
:104810002000FFF7A3F91F234FF4016005EB00020E
:10482000B44801782000FFF72EFA31BDD0F8D41239
:1048300000EB8101D1F8C012002901D000220A72D8
:10484000704770B504000D00D4F8D40204EB80006A
:10485000D0F8C062002E19D0307A801E03D0401EDE
:1048600001280ED912E006F61F0296F81D18200046
:1048700001F012FC002803D50121200000F0C0F84F
:1048800004E00021200000F0BBF8FFE770BD70B528
:1048900004000D00D4F8D40204EB8000D0F8C0620C
:1048A000002E17D0307A002802D0012804D011E061
:1048B000200000F010F80DE006F61F0296F81D1813
:1048C000200001F0E9FB002803D50121200000F0C1
:1048D00097F8FFE770BD38B50400D4F8D40204EBB4
:1048E0008000D0F8C052002D61D0D5F81408C5F86A
:1048F0003408D5F81808C5F838087E480178200033
:10490000FFF7F3F91F2810D1D5F810087B4988422A
:104910000BD195F81D08022807D295F81E0800282B
:1049200003D095F81E0811280CD32023052295F8F2
:104930001D18200001F034FF02206872200000F0F2
:1049400086F834E005F61F0295F81D18200001F0E6
:10495000A3FB00280BD5287A052804D101212000CB
:1049600000F04EF823E0200000F071F81FE0287AF4
:1049700002281BD0287A012818D0287A032815D0BD
:10498000E868002806D0EA6815F11001200000F060
:104990000FF80CE0E868002804D10021200000F0A6
:1049A0002FF804E0200000F052F800E0FFE731BDEE
:1049B0002DE9F04104000D001600D4F8D40204EBF8
:1049C0008000D0F8C072002F18D0D7F81808B04275
:1049D00002D2D7F8188800E0B046D7F83808801B14
:1049E000C7F83808002087F83C080420387243468E
:1049F0002A00414801782000FFF713F9BDE8F08153
:104A000070B504000D00D4F8D40204EB8000D0F897
:104A1000C062002E1AD03A48C6F8300886F83C58D2
:104A2000002030720D234FF4036006EB0002324881
:104A300001782000FFF7F5F81F234FF4016006EB23
:104A400000022C4801782000FFF71DF970BD38B531
:104A50000400D4F8D40204EB8000D0F8C052002D3A
:104A600021D095F81C0800280BD1D5F8180800288B
:104A700007D0687A002804D11E4801782000FFF78B
:104A800047F81D4801782000FFF742F8687A0228AD
:104A900009D1194801782000FFF73AF81548017844
:104AA0002000FFF735F831BD70B504000D00D4F8D3
:104AB000D40204EB8000D0F8C062002E19D0707AC6
:104AC00002280AD10C4801782000FFF721F8094894
:104AD00001782000FFF71CF80BE0EDB2280607D59F
:104AE000707A012804D001212000FFF789FF00E03F
:104AF000FFE770BDD8020020D70200205553424383
:104B000055534253026802F000430121C2F31602DA
:104B1000002A02D106E05200491E5FEA022CFAD5B3
:104B2000C2F316021A430260084670470268C2F3D5
:104B3000C752FF2A06D10068400201D10120704708
:104B40000220704703685B0016D0C2F19602521A29
:104B5000012A11DB182A04DB016801F00041016021
:104B600007E0012191400268491E11404A4002605D
:104B700011B14FF0FF3070470020704710B52DED98
:104B8000010A81B004460198C0F3C750FF2808D13C
:104B900001990020490240F084800199002914D431
:104BA00013BD01280BDA01A8FFF7ACFF012806DBD3
:104BB000FDF7A4F9222101609FED410A13BD019A7E
:104BC0007E2161F3DE5201927E380199002906D5DB
:104BD000FDF794F9212101609FED3A0A13BD9DED87
:104BE000010ADFED390AB4EE600AF1EE10FA06D5DB
:104BF000F0EE000A20EE200A8DED010A401E9DED28
:104C0000010AFFEE000A70EE200AB7EE001A30EE3D
:104C1000010A80EE800A20EE001ADFED2C1A9FEDCB
:104C20002C2A01EE212ADFED2B1A42EE011AB0EEFA
:104C3000602A01EEC12A22EE001A00B200EE100A2C
:104C4000F8EEC01A54B99FED240A21EE800A30EE26
:104C5000410A30EE200ADFED210A13E0012C14DBBB
:104C60009FED1F0A21EE800A9FED1E3ADFED1E2AFE
:104C700001EE430A9FED1D2A00EEA20A00EE820A11
:104C8000DFED1B0A01EEA00A13BD9FED1A2A9FED6E
:104C90001A0A20EE822A01EE402A00EE802A32EE25
:104CA000210A13BDDFED090A9FED091A00EE201A53
:104CB000DFED080A41EE000AB0EE600A704700001E
:104CC000000080FFFFFFFF7FF304353F1502993E90
:104CD00011AECC3EC0AA2A3FE8E8FB331672313F42
:104CE000F43EA133D95BDE3E2837A932D85BDE3EE5
:104CF00098209A3E6070A5323BAAB83F10B52DEDC2
:104D0000010A044681B094ED000A8DED000A009876
:104D1000C0F3C750FF280AD010B14FF0FF300BE0AE
:104D2000009840020CBF00206FF0010004E00098E2
:104D3000400214BF02200120019AC2F3C752FF2A89
:104D40000AD012B14FF0FF320BE0019A52020CBFB1
:104D500000226FF0010204E0019A520214BF022205
:104D60000122030048BF002A44D4022800F0C58075
:104D7000022A08BF01981CD04AB9DFED600AB4EEE0
:104D8000600AF1EE10FA0ED00198206041E0012A8D
:104D900012D1DFED5B0AB4EE600AF1EE10FA02D038
:104DA000019820604AE0FDF7A9F8212101606FF029
:104DB00000402060022016BD70B901982060204696
:104DC00002F024F9040018BF012C40F09580FDF793
:104DD00095F8222101608FE0DFED480AB4EE600A09
:104DE000F1EE10FA0DD19DED010A20EE200A84EDBE
:104DF000000A23E0DFED430AB4EE600AF1EE10FA98
:104E000009D59DED010ADFED400A20EE200A84ED70
:104E1000000A002016BDDFED3D0AB4EE600AF1EE97
:104E200010FA0DDB9DED010ADFED340A20EE200AB9
:104E300084ED000AFDF762F822210160012016BD11
:104E4000DFED330A60EE200AF5EE400AF1EE10FACB
:104E50004CBFBEEE001AB6EE001A70EE810AFDEEEF
:104E6000E00A10EE900AF8EEE00A9FED2A1A00EE32
:104E7000C10A9FED291A00EEC10ADFED280AB4EE3F
:104E8000600AF1EE10FA09DBDFED250AB4EE600AE4
:104E9000F1EE10FA48BF9DED010A1FD4DFED211A93
:104EA000B6EE002A60EE000A9FED1F1A00EEA12A5E
:104EB00020EE811A22EE000A71EE000A31EE400A5D
:104EC000F7EE001AB7EE001A70EEA10A30EE010AF2
:104ED00080EE800ADDED010A20EE200A091884ED3B
:104EE000000A204602F092F8040018BF012C03D1FA
:104EF000FDF704F822210160204616BD0000807FE6
:104F0000000080FF000065C3000000000100654351
:104F10003BAAB83F0060313FBFBF9039000000B3EB
:104F2000010000331354083C9EBFCC3D78B40022EE
:104F30000D68D540002D00F0F1800D6801269640E7
:104F400035402B00002B00F0E7800D7915F00305AC
:104F5000012D04D00D7915F00305022D19D18568B6
:104F60002C0003251600F6B27600B540AC43CD68A0
:104F70001600F6B27600B5402C43846045682C00DC
:104F800001259540AC434D68C5F3001595402C4371
:104F900044600D7915F00305032D0AD1C56A2C0074
:104FA00001259540AC434D68C5F3C00595402C43A1
:104FB000C4620D7915F00305032D0ED0C5682C00D1
:104FC00003251600F6B27600B540AC438D68160096
:104FD000F6B27600B5402C43C4600D7915F0030598
:104FE000022D16D1D50800EB85052D6A2C000F2562
:104FF00012F00706F6B2B600B540AC430D6912F0E8
:105000000706F6B2B600B5402C43D50800EB85057F
:105010002C6205682C0003251600F6B27600B54018
:10502000AC430D7915F003051600F6B27600B540D5
:105030002C4304604D6815F4403F6DD0894D2D68B8
:1050400055F00105874E3560864D2D6815F0010538
:105050000095009D844D960855F826502C000F258C
:1050600012F00306F6B2B600B540AC43B0F1904F73
:1050700001D100251EE07D4DA84201D1012519E096
:105080007B4DA84201D1022514E07A4DA84201D1FE
:1050900003250FE0784DA84201D104250AE0774DA1
:1050A000A84201D1052505E0754DA84201D106258C
:1050B00000E0072512F00306F6B2B600B5402C4317
:1050C000694D960845F826406E4D2D682C009C438E
:1050D0004D68ED0200D51C436A4D2C606A4D2D6869
:1050E0002C009C434D68AD0200D51C43664D2C60DE
:1050F000664D2D682C009C434D68AD0300D51C43C4
:10510000624D2C60624D2D682C009C434D68ED0370
:1051100000D51C435E4D2C60521C09E771BC7047E2
:10512000F0B400220D00D540002D00F0988001253C
:1051300095400D402B00002B00F08F804A4D9608C3
:1051400055F826502C000F2512F00306F6B2B600D3
:10515000B5402C40B0F1904F01D100251EE0434DE9
:10516000A84201D1012519E0414DA84201D10225F3
:1051700014E0404DA84201D103250FE03E4DA84266
:1051800001D104250AE03D4DA84201D1052505E0E5
:105190003B4DA84201D1062500E0072512F0030689
:1051A000F6B2B600B540AC4223D1394D2D689D43CF
:1051B000374E3560354D2D689D43344E3560324D48
:1051C0002D689D43304E35602E4D2D689D432D4EEC
:1051D00035600F2512F00306F6B2B600B5402C007C
:1051E000214D960855F82650A5431F4E970846F8BE
:1051F0002750056803261700FFB27F00BE403543E5
:105200000560D50800EB8505D60800EB8606366AF2
:105210000F2712F0070C5FFA8CFC5FEA8C0C17FA70
:105220000CF7BE432E62856803261700FFB27F008D
:10523000BE40B5438560456801269640B54345604C
:10524000C56803261700FFB27F00BE40B543C560A6
:10525000C56A01269640B543C562521C62E7F0BCA0
:105260007047000060100240080001400004004840
:1052700000080048000C00480010004800140048D6
:1052800000180048080401400C04014004040140D7
:105290000004014038B50500002D01D10120BEE019
:1052A00095F89504002805D1002085F8940428007D
:1052B000FEF7B2F9032085F895040020A87128684C
:1052C00001F0A4FF291D83B068460D22DFF736FFE9
:1052D0000EBC286801F0FCFE002804D0022085F8EE
:1052E000950401209BE00021286801F096FF00282A
:1052F00004D0022085F89504012090E000200400ED
:1053000020002979C0B2884231D20120E4B22421A0
:1053100001FB04F129444875E4B2242000FB04F0A9
:1053200028440475E4B2E4B2242000FB04F02844CD
:10533000C4850020E4B2242101FB04F1294408764D
:105340000020E4B2242101FB04F12944C8610020BB
:10535000E4B2242101FB04F1294408620020E4B2F4
:10536000242101FB04F129444862641CC8E70020A1
:10537000040020002979C0B2884230D20020E4B273
:10538000242101FB04F1294481F85502E4B22420D0
:1053900000FB04F0284480F854420020E4B22421A9
:1053A00001FB04F1294481F858020020E4B22421D1
:1053B00001FB04F12944C1F85C020020E4B224217D
:1053C00001FB04F12944C1F860020020E4B2242169
:1053D00001FB04F12944C1F86402641CC9E7291DDA
:1053E00083B068460D22DFF7A9FE0EBC286801F0E5
:1053F0004AFF002804D0022085F8950401200EE021
:1054000000206874012085F89504287B012802D1CA
:10541000280000F02CFE286802F0FBFC002032BDC2
:1054200010B50400002C01D1012010E0032084F805
:105430009504206802F089FC002801D0012006E0D4
:105440002000FEF751F9002084F89504002010BDDB
:1054500038B50400256894F89404012801D102208D
:1054600013E0012084F89404607B012803D1A86B29
:1054700050F48030A863206801F0C1FE206802F07B
:10548000B5FC002084F89404002032BD38B5040037
:10549000256894F89404012801D1022017E0012026
:1054A00084F89404206801F0B1FE206802F0B1FC99
:1054B0001021206801F0CCFF607B012803D1A86B8C
:1054C00030F48030A863002084F89404002032BDBA
:1054D0002DE9F04F83B0040025682E00206802F00B
:1054E000F0FC002840F01683206802F0A5FC00289C
:1054F00000F0108316F500608068C0F30D20C4F83A
:10550000D404206802F098FC800705D52068406923
:1055100010F0020021684861206802F08DFCC0068E
:1055200047D52068806930F0100021688861286ABA
:10553000814619F00F002421484320444FF415718F
:1055400008440090C9F3434002281BD147F6F0708D
:1055500019EA000F27D0C9F30A1292B20098C16865
:10556000280002F025FB0098C068C9F30A1108441E
:105570000099C86000984069C9F30A110818009999
:10558000486110E0C9F3434006280CD1082204F218
:105590009C41280002F00CFB00984069C9F30A11F5
:1055A0000818009948612068806950F0100021684F
:1055B0008861206802F040FC000374D50020824618
:1055C000206802F03FFC8346BBF1000F6BD05FEA1E
:1055D000CB7063D55146C9B2206802F049FC8046C1
:1055E0005FEAC87009D516EB4A1010F5306001214A
:1055F00081605146200000F0ABFC5FEA087009D5DD
:1056000016EB4A1010F530600821816051462000E9
:1056100000F0D1FC5FEAC86005D516EB4A1010F522
:105620003060102181605FEA887024D568690006C7
:1056300007D516F50060406850F4806016F50061EB
:105640004860242000FB0AF020444FF41571084400
:1056500000900098C078012807D100200099C870F8
:105660005146C9B22000FEF7F7F816EB4A1010F5C4
:105670003060022181605FEA886005D516EB4A1030
:1056800010F53060202181605FEA884006D516EB76
:105690004A1010F530604FF4005181601AF1010A90
:1056A0005FEA5B0B90E7206802F0C6FB400372D50F
:1056B000206802F0D2FB834600208246BBF1000F37
:1056C00069D05FEACB7061D55146C9B2206802F05B
:1056D000DCFB80465FEAC87017D501201AF00F0185
:1056E0008840019016F50060406B0199884316F5DB
:1056F0000061486316EB4A1010F5106001218160CB
:105700005146C9B22000FEF743F85FEA087005D59C
:1057100016EB4A1010F51060082181605FEAC8603E
:1057200005D516EB4A1010F51060102181605FEA74
:10573000486005D516EB4A1010F5106040218160D5
:105740005FEA88701BD55146280001F081FE2420B5
:1057500000FB0AF02044143000900098C078012823
:1057600007D100200099C8705146C9B22000FEF749
:105770007DF816EB4A1010F51060022181605FEA97
:10578000086003D55146200000F06FFB1AF1010AB2
:105790005FEA5B0B92E7206802F04EFB00281CD505
:1057A00016F5006040684008400016F5006148604A
:1057B00094F8CC04012807D1002084F8CC040021FF
:1057C0002000FEF79CFA02E02000FEF727F8206890
:1057D000406910F0004021684861206802F02CFB0D
:1057E00000050DD516F500608068C00702D52000C1
:1057F000FDF7F8FF2068406910F4006021684861F7
:10580000206802F019FB00011AD52068406910F0E9
:1058100000602168486194F8CC0400280DD1012073
:1058200084F8CC042068406DC0F38300C4F8D00431
:1058300001212000FEF763FA02E02000FDF7D2FF0D
:10584000206802F0F9FAC00440F1888016F5006083
:1058500040684008400016F500614860102120684B
:1058600001F0F6FD002007002079874233D216EBC5
:10587000471010F510604FF67F31816016EB47102E
:1058800010F51060006830F4001016EB471111F5A8
:105890001061086016EB471010F530604FF67F314D
:1058A000816016EB471010F53060006830F400108E
:1058B00016EB471111F53061086016EB471010F533
:1058C0003060006850F0006016EB471111F5306150
:1058D00008607F1CC8E716F50060C06950F0011031
:1058E00016F50061C861E07B002812D016F5006053
:1058F000D0F8840050F00B0016F50061C1F8840068
:1059000016F50060406C50F00B0016F5006148641D
:1059100011E016F50060406940F4005050F02B0093
:1059200016F50061486116F50060006950F00B0043
:1059300016F50061086116F50060006830F4FE603D
:1059400016F50061086004F29C41206802F0D0FA6C
:105950002068406910F4805021684861206802F096
:105960006BFA800416D5206802F0AFFA206801F0C7
:10597000C4FDE071F6F7E8FE0100E279206801F06D
:10598000C4FB2000FDF71BFF2068406910F40050A5
:1059900021684861206802F04FFA000708D520000E
:1059A000FDF706FF2068406910F008002168486193
:1059B000206802F041FA000618D5A86930F080008E
:1059C000A86101208246207982450FD2242000FB65
:1059D0000AF0204490F85702012804D15146C9B278
:1059E000200000F003FA1AF1010AECE7206802F047
:1059F00023FAC00229D501208246207982451ED291
:105A000016EB4A1010F5106000688146242000FB58
:105A10000AF02044007E01280ED1B9F1000F0BD509
:105A20000120242101FB0AF12144C8755AF08001AC
:105A3000C9B2200000F0DAF91AF1010ADDE72068A6
:105A4000406910F4801021684861206802F0F4F980
:105A500080023DD5012082462079824532D216EB64
:105A60004A1010F5306000688146242000FB0AF0DF
:105A7000204490F85802012821D1B9F1000F1ED519
:105A800019F4803094F8D41411F00101884216D131
:105A90000120242101FB0AF1214481F85702A86961
:105AA00050F08000A8616869000608D416F500600F
:105AB000406850F4007016F50061486002E01AF189
:105AC000010AC9E72068406910F4001021684861A4
:105AD000206802F0B1F9400008D52000FDF7D0FEA3
:105AE0002068406910F0804021684861206802F019
:105AF000A3F940070ED52068406881465FEA4970E7
:105B000002D52000FDF7C3FE2068406859EA000076
:105B100021684860BDE8F78F38B504000D0094F89F
:105B20009404012801D102200CE0012084F894049F
:105B300065742900C9B2206802F042F9002084F897
:105B40009404002032BD2DE9F84304000D00160036
:105B50001F005FF00008EDB228060BD5EDB215F07E
:105B60000F0024214843204414308146012089F845
:105B700001000CE0EDB215F00F0024214843204451
:105B80004FF4157108448146002089F8010015F092
:105B90000F0089F80000B6B27005400DC9F8080082
:105BA00089F8047099F80100002803D099F80000E2
:105BB000A9F81A00FFB2022F02D1002089F80500CF
:105BC00094F89404012801D102200BE0012084F80C
:105BD00094044946206801F0A4FC002084F8940451
:105BE0004046C0B2BDE8F28370B504000D00EDB2CE
:105BF00028060AD5EDB215F00F00242148432044B1
:105C000014300600012070700BE0EDB215F00F00AB
:105C10002421484320444FF4157108440600002015
:105C2000707015F00F00307094F89404012801D1C1
:105C300002200AE0012084F894043100206801F079
:105C4000CFFC002084F89404002070BD2DE9F041C1
:105C500004000D0016001F00EDB215F00F00242106
:105C6000484320444FF4157108448046C8F80C603E
:105C7000C8F810700020C8F81400002088F801004F
:105C800015F00F0088F800004146206801F03FFD44
:105C90000020BDE8F081C9B211F00F012422514368
:105CA0000844D0F8680270472DE9F04104000D0067
:105CB00016001F00EDB215F00F00242148432044C8
:105CC00014308046C8F80C60C8F810700020C8F87E
:105CD0001400012088F8010015F00F0088F800007A
:105CE0004146206801F013FD0020BDE8F08170B549
:105CF00004000D002079EDB215F00F01884201D2A9
:105D0000012036E0EDB228060AD5EDB215F00F00FD
:105D100024214843204414300600012070700AE01A
:105D2000EDB2242000FB05F020444FF41571084427
:105D30000600002070700120B07015F00F00307068
:105D400094F89404012801D1022012E0012084F883
:105D500094043100206801F064FF0F20054204D153
:105D600004F29C41206802F0C3F8002084F89404F7
:105D7000002070BD70B504000D002079EDB215F063
:105D80000F01884201D201202FE0EDB228060AD58A
:105D9000EDB215F00F0024214843204414300600D2
:105DA000012070700BE0EDB215F00F002421484384
:105DB00020444FF415710844060000207070002044
:105DC000B07015F00F00307094F89404012801D1E0
:105DD00002200AE0012084F894043100206801F0D8
:105DE0006DFF002084F89404002070BDF8B5040015
:105DF0000D00EDB2280608D5EDB215F00F002421F4
:105E0000484320441430070009E0EDB215F00F00BC
:105E10002421484320444FF41571084407003900F9
:105E2000206801F02BFE06003000C0B2F2BD38B58C
:105E300004000D0094F89404012801D1022013E01D
:105E4000012084F89404EDB2280606D5EDB215F0D1
:105E50000F01206801F0FCFA02E0206801F01FFB4E
:105E6000002084F89404002032BD2DE9F84F04008E
:105E70000D0026683700242000FB05F02044143074
:105E80008046D8F81000D8F81410884201D20120BA
:105E90005CE0D8F81000D8F81410401A8146D8F801
:105EA0000800484502D2D8F80800814619F10300DD
:105EB0008008824617EB451010F51060806980B2AB
:105EC00050452FD3D8F81400D8F81010884229D2A2
:105ED000D8F81000002825D0D8F81000D8F81410F1
:105EE000401A8146D8F80800484502D2D8F8080080
:105EF000814619F10300800882464B469BB22A0076
:105F0000D2B2D8F80C10300001F033FED8F80C00F3
:105F10004844C8F80C00D8F8140019EB0000C8F881
:105F20001400C7E7D8F81400D8F8101088420CD332
:105F3000012015F00F018840834617F50060406B83
:105F400030EA0B0017F5006148630020BDE8F28FCE
:105F50002DE9F84304000D0026683700D6F840808C
:105F600017EB451010F53060D0F8089023488045B5
:105F700019D15FEA094007D517EB451010F53060DD
:105F80004FF40041816013E05FEA896005D517EBAB
:105F9000451010F53060202181602900C9B2200031
:105FA000FDF7E5FB04E02900C9B22000FDF7DFFBA7
:105FB0000020BDE8F2832DE9F84304000D002668B7
:105FC0003700D6F8408017EB451010F53060D0F858
:105FD00008900B48804509D35FEA094006D517EBC6
:105FE000451010F530604FF4004181602000FDF74E
:105FF000B5FB0020BDE8F283000000000A31544FD9
:106000000B30544F70B403001868406A0500C9B2E1
:10601000002905D192B255EA02401E68B0621DE027
:106020001868806A15EB104500200400E4B2C9B27C
:10603000481E844209D21868E4B200EB8400D0F80C
:10604000040115EB1045641CF0E71868C9B200EBB9
:10605000810092B255EA0246C0F80061002070BC8F
:106060007047020089B21068416200207047010049
:106070000A680120C1F8D804002081F8CC04906996
:1060800050F000609061506D40F0805050F003007F
:1060900050650020704700002DE9F04104000D001C
:1060A0001600D4F8D40204EB8000D0F8C082B8F116
:1060B000000F02D15FF0FF30A6E0307800281CD03E
:1060C000032822D0122828D01A283ED01B282CD0F2
:1060D0001E2832D0232848D025284ED028285CD02E
:1060E0002A286AD02F2878D05A2836D09E284CD01B
:1060F000A8285AD0AA2868D077E032002900C9B26F
:10610000200000F083F807007CE032002900C9B2CB
:10611000200000F0DEFA070074E032002900C9B266
:10612000200000F0BCF807006CE032002900C9B282
:10613000200000F05FFB070064E032002900C9B2D4
:10614000200000F097FB07005CE032002900C9B294
:10615000200000F04EFA070054E032002900C9B2D6
:10616000200000F07EFA07004CE032002900C9B29E
:10617000200000F0D4F9070044E032002900C9B241
:10618000200000F0EDF807003CE032002900C9B221
:10619000200000F043F9070034E032002900C9B2C2
:1061A000200000F083FB07002CE032002900C9B278
:1061B000200000F0FDFB070024E032002900C9B2F6
:1061C000200000F07DFC07001CE032002900C9B26D
:1061D000200000F01EFD070014E032002900C9B2C3
:1061E000200000F0C8FD07000CE020230522290054
:1061F000C9B2200000F0D4FA022088F809005FF04C
:10620000FF300700380040B2BDE8F081F8B5040067
:106210000D001600D4F8D40204EB8000D0F8C07250
:10622000002F02D15FF0FF3038E0D7F818080028BF
:1062300009D02023052297F81D18200000F0B0FA9D
:106240005FF0FF302AE097F8620802280BD13A236A
:1062500002222900C9B2200000F0A2FA05203872FB
:106260005FF0FF301AE02800C0B2D4F8D41204EB7B
:106270008101D1F8C4128968884700280BD03A23DD
:1062800002222900C9B2200000F08AFA05203872E3
:106290005FF0FF3002E00020F8600020F2BD2DE941
:1062A000F84304000D001600D4F8D40204EB80007B
:1062B000D0F8C092B9F1000F02D15FF0FF304DE08D
:1062C000D9F81808002809D12023052299F81D18AB
:1062D000200000F065FA5FF0FF303FE07078C00703
:1062E0001DD5B078002806D10622DFF8D81C484614
:1062F00000F074FE31E0B078802806D10822DFF883
:10630000C81C484600F06AFE27E02423052299F8BD
:106310001D18200000F044FA5FF0FF301EE0D4F8B2
:10632000D40204EB8000D0F8C402C069EDB224218D
:1063300001FB05F1084407003879401D80464046BE
:10634000317980B289B2884201D3307980464246A1
:1063500092B23900484600F041FE0020BDE8F283C9
:106360002DE9F04104000D001600D4F8D40204EB2E
:106370008000D0F8C082B8F1000F02D15FF0FF308A
:106380004AE008F6640208F668012800C0B2D4F8B2
:10639000D43204EB8303D3F8C4325B689847070018
:1063A0007FB2002F03D198F86208022809D13A235E
:1063B00002222900C9B2200000F0F2F95FF0FF309C
:1063C0002AE0D8F86808401E000E88F81000D8F8B7
:1063D0006808401E000C88F81100D8F86808401EB4
:1063E000000A88F81200D8F86808401E88F81300E0
:1063F000002088F81400002088F81500B8F8640818
:1064000080B2000A88F81600B8F8640888F8170007
:106410000820C8F80C000020BDE8F0812DE9F84301
:1064200004000D001600D4F8D40204EB8000D0F86C
:10643000C092B9F1000F02D15FF0FF306DE009F6B4
:10644000640209F668012800C0B2D4F8D43204EB23
:106450008303D3F8C4325B68984780464FFA88F8C4
:10646000B8F1000F03D199F86208022809D13A2344
:1064700002222900C9B2200000F092F95FF0FF303B
:106480004BE0B07AF17A090451EA0060317B50EABE
:106490000120717B0843C9F80C0000200700D9F8DF
:1064A0000C00874205D2002009EB070108747F1C0D
:1064B000F5E7D9F86808401E000E89F81400D9F8ED
:1064C0006808401E000C89F81500D9F86808401EBD
:1064D000000A89F81600D9F86808401E89F81700E4
:1064E000002089F81800002089F81900B9F864081C
:1064F00080B2000A89F81A00B9F8640889F81B000C
:10650000B07AF17A090451EA0060317B50EA012047
:10651000717B0843C9F80C000020BDE8F2832DE927
:10652000F04383B004000D001600D4F8D40204EB4D
:106530008000D0F8C092B9F1000F02D15FF0FF30B7
:1065400055E001AA69462800C0B2D4F8D43204EB61
:106550008303D3F8C4325B68984780464FFA88F8C3
:10656000B8F1000F03D199F86208022809D13A2343
:1065700002222900C9B2200000F012F95FF0FF30BA
:1065800035E000200700BFB20C2F06D20020BFB2BA
:1065900009EB070108747F1CF5E7082089F8130050
:1065A0000098401E000E89F814000098401E000C50
:1065B00089F815000098401E000A89F81600009816
:1065C000401E89F81700022089F81800002089F879
:1065D0001900BDF8040080B2000A89F81A00BDF85D
:1065E000040089F81B000C20C9F80C000020BDE84D
:1065F000FE832DE9F04104000D001600D4F8D4020A
:1066000004EB8000D0F8C0725FF00408002F02D1C4
:106610005FF0FF3023E02800C0B2D4F8D41204EBBE
:106620008101D1F8C412C9688847002807D0DFF873
:106630009C09807850F08000DFF8901988704046FF
:10664000317980B289B2884201D33079804642469E
:1066500092B2DFF87819380000F0C0FC0020BDE8E5
:10666000F0812DE9F04104000D001600D4F8D402A9
:1066700004EB8000D0F8C0725FF00808002F02D150
:106680005FF0FF3023E02800C0B2D4F8D41204EB4E
:106690008101D1F8C412C9688847002807D0DFF803
:1066A0003009C07850F08000DFF82419C8704046E7
:1066B000317A80B289B2884201D3307A804642462C
:1066C00092B2DFF80C19380000F088FC0020BDE819
:1066D000F0812DE9F04104000D001600D4F8D40239
:1066E00004EB8000D0F8C082B8F1000F02D15FF057
:1066F000FF3053E0D8F81808002809D120230522DC
:1067000098F81D18200000F04BF85FF0FF3045E0CE
:1067100000200700FFB2122F06D20020FFB208EBC4
:10672000070108747F1CF5E7702088F810000C2022
:1067300088F8170098F8600898F86118884223D004
:1067400098F8600808EBC00090F8400888F812003C
:1067500098F8600808EBC00090F8440888F81C001E
:1067600098F8600808EBC00090F8450888F81D000C
:1067700098F86008401C88F8600898F860080428B9
:1067800002D1002088F860081220C8F80C00307987
:10679000132802D23079C8F80C000020BDE8F0813F
:1067A00070B4D0F8D44200EB8404D4F8C042002C7A
:1067B0001ED094F8615804EBC50585F8402894F87C
:1067C000615804EBC50585F8443894F8615804EB2A
:1067D000C505002685F8456894F861586D1C84F855
:1067E000615894F86158042D02D1002584F861584D
:1067F00070BC7047F8B504000D001600D4F8D40240
:1068000004EB8000D0F8C072002F02D15FF0FF309F
:106810002FE097F8620801280ED1307910F00300BC
:10682000022809D1242305222900C9B22000FFF73C
:10683000B7FF5FF0FF301CE0307910F00300012853
:1068400003D1002087F8620810E0307910F00300CF
:10685000022803D1022087F8620807E0307910F09F
:106860000300032802D1002087F862080020F860A6
:106870000020F2BD10B40300D3F8D40203EB800073
:10688000D0F8C042002C02D15FF0FF300CE010794C
:10689000002803D1002084F8620802E0012084F877
:1068A00062080020E060002010BC7047F8B50400CA
:1068B0000D001600D4F8D40204EB8000D0F8C072AA
:1068C000002F02D15FF0FF3071E0387A002866D1E6
:1068D00097F81C08000609D42023052297F81D18F4
:1068E0002000FFF75DFF5FF0FF3060E097F862087F
:1068F000022809D13A2302222900C9B22000FFF759
:106900004FFF5FF0FF3052E02800C0B2D4F8D4123D
:1069100004EB8101D1F8C41289688847002809D0A6
:106920003A2302222900C9B22000FFF739FF5FF0A5
:10693000FF303CE0B078F178090451EA0060317929
:1069400050EA012071790843C7F86C08F079317A70
:1069500051EA0020C7F87008D7F87038D7F86C28CB
:106960002900C9B2200000F034FA002802D55FF0F7
:10697000FF301CE0D7F81808D7F87018B7F864286B
:106980005143884209D02023052297F81D18200082
:10699000FFF706FF5FF0FF3009E0022038724FF486
:1069A0000060F8602900C9B2200000F036FAF2BD9C
:1069B000F8B504000D001600D4F8D40204EB8000F2
:1069C000D0F8C072002F02D15FF0FF3077E0387A44
:1069D00000286CD197F81C08000609D42023052252
:1069E00097F81D182000FFF7DBFE5FF0FF3066E030
:1069F00097F86208022809D13A2302222900C9B275
:106A00002000FFF7CDFE5FF0FF3058E02800C0B255
:106A1000D4F8D41204EB8101D1F8C41289688847F4
:106A2000002809D03A2302222900C9B22000FFF72A
:106A3000B7FE5FF0FF3042E0B078F178090451EA28
:106A40000060317950EA012071790843C7F86C0879
:106A5000B079F179090451EA0060317A50EA0120F5
:106A6000717A0843C7F87008D7F87038D7F86C28DF
:106A70002900C9B2200000F0ACF9002802D55FF06F
:106A8000FF301CE0D7F81808D7F87018B7F864285A
:106A90005143884209D02023052297F81D18200071
:106AA000FFF77EFE5FF0FF3009E0022038724FF4FE
:106AB0000060F8602900C9B2200000F0AEF9F2BD14
:106AC0002DE9F04104000D001600D4F8D40204EBC7
:106AD0008000D0F8C072002F02D15FF0FF3096E046
:106AE000387A002840F08E80D7F81808002809D19D
:106AF0002023052297F81D182000FFF751FE5FF0B4
:106B0000FF3084E097F81C08000609D520230522F1
:106B100097F81D182000FFF743FE5FF0FF3076E086
:106B20002800C0B2D4F8D41204EB8101D1F8C41209
:106B300089688847002809D03A2302222900C9B26F
:106B40002000FFF72DFE5FF0FF3060E02800C0B2AC
:106B5000D4F8D41204EB8101D1F8C412C968884773
:106B6000002809D0272302222900C9B22000FFF7FC
:106B700017FE5FF0FF304AE0B078F178090451EA7F
:106B80000060317950EA012071790843C7F86C0838
:106B9000F079317A51EA0020C7F87008D7F87038D8
:106BA000D7F86C282900C9B2200000F012F900289B
:106BB00002D55FF0FF302AE0D7F87008B7F8641804
:106BC00048438046D7F81808404509D020230522BD
:106BD00097F81D182000FFF7E3FD5FF0FF3016E087
:106BE000B8F5006F01D34FF40068012038724346B6
:106BF00017F11002DFF8DC0301782000FDF743F8FD
:106C0000002004E02900C9B2200000F066F9BDE8C8
:106C1000F0812DE9F04104000D001600D4F8D402F3
:106C200004EB8000D0F8C072002F02D15FF0FF307B
:106C30009FE0387A002840F09780D7F8180800289D
:106C400009D12023052297F81D182000FFF7A8FD81
:106C50005FF0FF308DE097F81C08000609D520236F
:106C6000052297F81D182000FFF79AFD5FF0FF300E
:106C70007FE02800C0B2D4F8D41204EB8101D1F82F
:106C8000C4128968884700280BD03A2302222900C1
:106C9000C9B22000FFF784FD052038725FF0FF3095
:106CA00067E02800C0B2D4F8D41204EB8101D1F817
:106CB000C412C968884700280BD027230222290064
:106CC000C9B22000FFF76CFD052038725FF0FF307D
:106CD0004FE0B078F178090451EA0060317950EA68
:106CE000012071790843C7F86C08B079F17909047B
:106CF00051EA0060317A50EA0120717A0843C7F8FE
:106D00007008D7F87038D7F86C282900C9B220006D
:106D100000F05FF8002802D55FF0FF3029E0D7F8D7
:106D20007008B7F8641848438046D7F818084045FB
:106D300009D02023052297F81D182000FFF730FD09
:106D40005FF0FF3015E0B8F5006F01D34FF4006835
:106D500001203872434617F110029E480178200046
:106D6000FCF791FF002004E02900C9B2200000F0E8
:106D7000B4F8BDE8F081F8B504000D001600D4F8B1
:106D8000D40204EB8000D0F8C072002F02D15FF073
:106D9000FF301DE07078800709D5242305222900E3
:106DA000C9B22000FFF7FCFC5FF0FF3010E0D7F81D
:106DB0007038D7F86C282900C9B2200000F009F813
:106DC000002802D55FF0FF3002E00020F8600020CC
:106DD000F2BD2DE9F04104000D0016001F00D4F8AB
:106DE000D40204EB8000D0F8C082B8F1000F02D1C9
:106DF0005FF0FF300FE0D8F86808B919884209D26F
:106E0000212305222900C9B22000FFF7C9FC5FF049
:106E1000FF3000E00020BDE8F081F8B504000D006F
:106E2000D4F8D40204EB8000D0F8C062002E02D166
:106E30005FF0FF3050E0D6F87008B6F864184843A9
:106E40000700B7F5006F01D34FF40067B6F8640888
:106E5000B7FBF0F39BB2D6F86C2816F110012800AE
:106E6000C0B2D4F8D4C204EB8C0CDCF8C4C2DCF899
:106E700010C0E047002809D5112304222900C9B217
:106E80002000FFF78DFC5FF0FF3025E03B0016F19E
:106E90001002514801782000FCF7C3FED6F86C08B8
:106EA000B6F86418B7FBF1F10818C6F86C08D6F804
:106EB0007008B6F86418B7FBF1F1401AC6F870080C
:106EC000D6F83808C01BC6F83808D6F8700800286D
:106ED00001D1032030720020F2BDF8B504000D008E
:106EE000D4F8D40204EB8000D0F8C062002E02D1A6
:106EF0005FF0FF3064E0D6F87008B6F864184843D5
:106F00000700B7F5006F01D34FF40067B6F86408C7
:106F1000B7FBF0F39BB2D6F86C2816F110012800ED
:106F2000C0B2D4F8D4C204EB8C0CDCF8C4C2DCF8D8
:106F300014C0E047002809D5032304222900C9B260
:106F40002000FFF72DFC5FF0FF3039E0D6F86C0829
:106F5000B6F86418B7FBF1F10818C6F86C08D6F853
:106F60007008B6F86418B7FBF1F1401AC6F870085B
:106F7000D6F83808C01BC6F83808D6F870080028BC
:106F800004D100212000FDF73BFD18E0D6F8700881
:106F9000B6F864184843B0F5006F06D2D6F870080A
:106FA000B6F8641801FB00F701E04FF400673B00FE
:106FB00016F11002074801782000FCF764FE00205B
:106FC000F2BD00008C02002094020020BC020020D0
:106FD0009C020020D8020020D702002030B4030019
:106FE0001400002B02D15FF0FF300DE0A4B2DC6092
:106FF000A4B2002C07D0641EA4B2085DA4B203EBB7
:1070000004052874F4E7002030BC704738B5044606
:107010000D462068C00D00F0FF00FF2804D1206855
:10702000400216D0022032BD20B92046FDF76AFD8D
:10703000012847DA012D0EDBC0F1FF018D420AD392
:10704000206800284CBF9FED200A9FED200A84EDA8
:10705000000A012032BD4142A942216806DA21F02E
:10706000FF41401941EAC050206025E02368401EDE
:107070000122451962F3DF5305F1180001F00041C8
:107080002360182828BF21601CD200206A4206D045
:107090001846C2F1200398402368D3402360226839
:1070A0000A43B0F1004F226003D808D12078C0070E
:1070B00005D52068401C20604FF0FF3032BD2068AD
:1070C0008842F9D1002032BD000080FF0000807F9F
:1070D0000EB430B50400E06850F04000E0602000DD
:1070E00000F034FF05009DF81500002804D1A06BC6
:1070F00050F48030A06303E0A06B30F48030A063D4
:107100002800C0B230BC5DF810FB30B40300D2B22E
:10711000022A65D1DFF83C09814206D3DFF838093D
:10712000814202D20F2004005CE0DFF82C0981428A
:1071300006D3DFF82809814202D20E20040051E074
:10714000DFF81809814206D3DFF81409814202D220
:107150000D20040046E0DFF80809814206D3DFF87D
:107160000409814202D20C2004003BE0DFF8F4085D
:10717000814206D3DFF8F008814202D20B200400DE
:1071800030E0DFF8E408814206D3DFF8E00881420E
:1071900002D20A20040025E0DFF8D008814206D39D
:1071A000DFF8CC08814202D2092004001AE0DFF89F
:1071B000C008814206D3DFF8BC08814202D2082011
:1071C00004000FE0DFF8AC08814206D3DFF8A8081E
:1071D000814202D20720040004E00620040001E0FE
:1071E00009200400D86830F47050D860D868A5022F
:1071F00015F470552843D860002030BC704701005A
:10720000886850F00100886000207047010088689D
:107210004008400088600020704770B504000D00F1
:107220000026E06830F0C040E060EDB2012D0FD1E3
:10723000E06850F00050E0600A20F8F741FE0A369E
:10724000200000F03EFE012817D0C82EF4D314E031
:10725000EDB2002D0FD1E06850F08040E0600A20D0
:10726000F8F72EFE0A36200000F02BFE002804D08E
:10727000C82EF4D301E0012004E0C82E01D1012082
:1072800000E0002070BD0EB4F0B50400002526001B
:10729000002007000F2F06D2002004EB8701C1F861
:1072A00004017F1CF6E79DF81E00002814D116F596
:1072B0000060406850F0020016F500614860A06B65
:1072C00030F40010A063206850F040002060206877
:1072D00050F08000206003E0A06B50F40010A06329
:1072E000002016F5606108600321200000F0FAF824
:1072F0001021200000F0ACF8002801D0012005008A
:10730000200000F0CCF8002801D00120050000206A
:1073100016F500610861002016F500614861002043
:1073200016F50061C861002007009DF8140087422F
:107330002DD216EB471010F510600068002811D50B
:10734000002F07D15FF0006016EB471111F51061B7
:1073500008600DE05FF0904016EB471111F51061E9
:10736000086005E0002016EB471111F51061086078
:1073700016EB471010F510600021016116EB471065
:1073800010F510604FF67F3181607F1CCDE7002043
:1073900007009DF8140087422DD216EB471010F518
:1073A00030600068002811D5002F07D15FF0006021
:1073B00016EB471111F5306108600DE05FF0904069
:1073C00016EB471111F53061086005E0002016EB5F
:1073D000471111F53061086016EB471010F5306069
:1073E0000021016116EB471010F530604FF67F3138
:1073F00081607F1CCDE716F50060006930F4807075
:1074000016F5006108610020A0617FF08040606196
:10741000A06950F01000A061A069DFF87C1B084350
:10742000A0619DF81A00002803D0A06950F0080060
:10743000A0619DF81E00012805D1A06940F08040A0
:1074400050F00400A0612800C0B2F0BC5DF810FB51
:1074500081B00200002000900098401C009000982D
:10746000DFF8383B984201D3032016E0106900286A
:10747000F2D500200090880150F0200010610098A3
:10748000401C00900098DFF8143B984201D3032081
:1074900003E010698006F2D4002001B0704781B08B
:1074A0000100002000900098401C00900098B0F16E
:1074B000706F01D9032013E008690028F3D500207C
:1074C0000090102008610098401C00900098B0F1D6
:1074D000706F01D9032003E00869C006F3D40020CF
:1074E00001B07047020012F500600068C9B208439D
:1074F00012F5006318600020704710B401000A0004
:1075000012F500639B6813F00603022B01D0062BD3
:1075100002D10224200001E00F242000C0B210BCE0
:10752000704770B4020013000C78487801282BD102
:1075300013F50060C06901250E7816F00F06B540FE
:10754000ADB2284313F50065E86113EB441010F564
:1075500010600068000440D413EB441010F5106074
:1075600000688D686D056D0D0E7955EA864555EA02
:10757000845545F0805555F40045284313EB4415D8
:1075800015F51065286028E013F50060C069012535
:107590000E7816F00F06B54050EA054013F5006569
:1075A000E86113EB441010F530600068000414D457
:1075B00013EB441010F5306000688D686D056D0D9B
:1075C0000E7955EA864545F0805555F40045284327
:1075D00013EB441515F530652860002070BC70472A
:1075E00070B4020013000C784878012846D113EBE0
:1075F000441010F510600068002817D513EB4410F4
:1076000010F51060006850F0006013EB441515F59C
:107610001065286013EB441010F51060006850F0FE
:10762000804013EB441515F51065286013F50060D4
:10763000C06B01250E7816F00F06B540ADB2A84319
:1076400013F50065E86313F50060C06901250E7845
:1076500016F00F06B540ADB2A84313F50065E8611A
:1076600013EB441010F510600068DFF8345928401F
:1076700013EB441515F51065286045E013EB441035
:1076800010F530600068002817D513EB441010F592
:107690003060006850F0006013EB441515F530655C
:1076A000286013EB441010F53060006850F0804003
:1076B00013EB441515F53065286013F50060C06BB9
:1076C00001250E7816F00F06B54030EA054013F597
:1076D0000065E86313F50060C06901250E7816F0B7
:1076E0000F06B54030EA054013F50065E86113EB7D
:1076F000441010F530600068DFF8A858284013EBFC
:10770000441515F530652860002070BC70472DE9E0
:10771000F04104000D0026002F786878012840F021
:10772000E2802869002824D116EB471010F510607C
:1077300016EB471111F5106109696FF3DC41016126
:1077400016EB471010F5106016EB471111F510619C
:10775000096951F40021016116EB471010F5106022
:1077600016EB471111F510610969C90CC9040161D3
:1077700073E016EB471010F5106016EB471111F58A
:1077800010610969C90CC904016116EB471010F5B5
:10779000106016EB471111F5106109696FF3DC41B8
:1077A0000161002F12D1A8682969884201D2A86816
:1077B000286116EB471010F5106016EB471111F514
:1077C0001061096951F40021016138E02869A96854
:1077D0000818401EA968B0FBF1F0804616EB471070
:1077E00010F5106016EB471111F5106109691FFAC9
:1077F00088F8DFF8B42712EAC842114301612879FA
:1078000001281CD116EB471010F5106016EB47113C
:1078100011F51061096931F0C041016116EB4710A3
:1078200010F5106016EB471111F5106109691FFA88
:1078300088F85FEA487212F0C0421143016116EB0A
:10784000471010F5106016EB471111F5106109692A
:107850002A695203520B1143016116EB471010F5D0
:107860001060006850F0044016EB471111F51061EC
:1078700008602879012810D02869002800F0E780E6
:1078800016F50060406B01212A7812F00F0291403A
:10789000084316F500614863D9E016F5006080687A
:1078A000C0050CD416EB471010F51060006850F0BE
:1078B000005016EB471111F5106108600BE016EB54
:1078C000471010F51060006850F0805016EB47111B
:1078D00011F5106108602B699BB22A78E9682000D5
:1078E00000F047F9B3E016EB471010F5306016EBE7
:1078F000471111F530610969C90CC904016116EB22
:10790000471010F5306016EB471111F53061096929
:107910006FF3DC410161002F21D12869002801D0DB
:10792000A8682861A868286216EB471010F5306037
:1079300016EB471111F5306109692A6A5203520B9F
:107940001143016116EB471010F5306016EB47113B
:1079500011F53061096951F4002101614AE028699B
:1079600000281AD116EB471010F5306016EB4711BE
:1079700011F530610969AA685203520B1143016184
:1079800016EB471010F5306016EB471111F530611A
:10799000096951F4002101612CE02869A9680818DF
:1079A000401EA968B0FBF1F08046A8681FFA88F86D
:1079B00008FB00F0286216EB471010F5306016EB5C
:1079C000471111F5306109691FFA88F8DFF8D825E9
:1079D00012EAC8421143016116EB471010F53060FE
:1079E00016EB471111F5306109692A6A5203520BEF
:1079F00011430161287901281DD116F500608068C6
:107A0000C0050CD416EB471010F53060006850F03C
:107A1000005016EB471111F5306108600BE016EBD2
:107A2000471010F53060006850F0805016EB471199
:107A300011F53061086016EB471010F530600068F2
:107A400050F0044016EB471111F53061086000203A
:107A5000BDE8F081C0ACD800C0E1E4000024F4002F
:107A600080730601A0491A01002D310140A44C0188
:107A700000366E0120ABA6010048E80138B40200D0
:107A800000200090002013004C78012C37D10C7896
:107A900013EB441414F510642468002C66D50C789C
:107AA00013EB441414F510640D7813EB451515F51C
:107AB00010652D6855F0006525600C7813EB4414B3
:107AC00014F510640D7813EB451515F510652D6848
:107AD00055F080452560009C641C0094009C42F297
:107AE0001175AC4202D3012420003FE00C7813EB67
:107AF000441414F510642468002CECD436E00C789F
:107B000013EB441414F530642468002C2ED50C7843
:107B100013EB441414F530640D7813EB451515F58B
:107B200030652D6855F0006525600C7813EB441422
:107B300014F530640D7813EB451515F530652D6897
:107B400055F080452560009C641C0094009C42F226
:107B50001175AC4202D30124200007E00C7813EB2E
:107B6000441414F530642468002CECD4C0B232BC48
:107B70007047F0B5040025000E009BB2D81C8008A9
:107B8000070000208446BC4510D23068D2B24FF4C2
:107B9000805E0EFB025E1EF5805ECEF80000761C55
:107BA000761C761C761C1CF1010CECE70020F0BD65
:107BB000F8B503001C00080092B2950812F0030605
:107BC0005FF0000C6746AF420CD214F5805CDCF825
:107BD00000C08646CEF800C0401C401C401C401C23
:107BE0007F1CF0E7B6B2002E1AD05FF0000C67469B
:107BF00014F5805CDCF800C0EE46CEF800C0DDF87D
:107C000000C0BE465FFA8EFE5FEACE0E3CFA0EFC66
:107C100080F800C07F1C401C761EB6B2002EEED14C
:107C2000F2BD30B4020013000C784878012821D14D
:107C300013EB441010F51060006800280DD4002CE0
:107C40000BD013EB441010F51060006830F080404A
:107C500013EB441515F51065286013EB441010F56F
:107C60001060006850F4001013EB441515F5106512
:107C7000286020E013EB441010F530600068002805
:107C80000DD4002C0BD013EB441010F530600068BD
:107C900030F0804013EB441515F53065286013EB88
:107CA000441010F53060006850F4001013EB4415D8
:107CB00015F530652860002030BC704730B40200F4
:107CC00013000C78487801281ED113EB441010F5EE
:107CD0001060006830F4001013EB441515F51065C2
:107CE00028600879032802D0087902282AD113EBEA
:107CF000441010F51060006850F0805013EB4415EC
:107D000015F5106528601DE013EB441010F5306088
:107D1000006830F4001013EB441515F53065286049
:107D20000879032802D0087902280BD113EB4410FC
:107D300010F53060006850F0805013EB441515F5D5
:107D400030652860002030BC7047F8B5040026007C
:107D5000002007000F2F0FD216EB471010F5106010
:107D60004FF67F31816016EB471010F530604FF60B
:107D70007F3181607F1CEDE7002016F5006108610E
:107D8000002016F500614861002016F50061C86109
:107D90002000FFF784FB0500EDB2002D02D0280083
:107DA000C0B20CE010212000FFF752FB0500EDB23D
:107DB000002D02D02800C0B201E02800C0B2F2BD00
:107DC000020012F50060006830F4FE6012F50063F6
:107DD000186012F500600068C9B20B0113F4FE636D
:107DE000184312F50063186000207047010011F578
:107DF000606000688008800011F56062106011F515
:107E00000060406830F0020011F500625060002010
:107E10007047010011F5606000688008800011F56E
:107E20006062106011F50060406850F0020011F5CA
:107E3000006250600020704701004A6910008A69A2
:107E400010407047010011F500629269100011F5B1
:107E50000062D2691040000C7047010011F5006209
:107E60009269100011F50062D269104080B270472B
:107E70000200C9B212EB411313F530639B6818007E
:107E800012F500635B691840704770B4020012F588
:107E900000652D692C0012F500656D6B2B0011F04B
:107EA0000F051E00EE40F50115F080052C43C9B208
:107EB00012EB411515F51065AD682540280070BC22
:107EC0007047406910F001007047010011F5106023
:107ED0000068C00AC00211F51062106011F5006060
:107EE000406850F4807011F50062506000207047C7
:107EF00030B402001300146CDFF8B000844206D3E3
:107F000013F530600068002801D500201CE0002037
:107F100013F53065286113F53060006950F40020D6
:107F200013F53065286113F53060006950F01800D2
:107F300013F53065286113F53060006950F0C040DA
:107F400013F530652861002030BC704781B0010016
:107F5000002000900098401C00900098B0F1706FD5
:107F600001D9032015E008690028F3D5002000900E
:107F7000086950F0010008610098401C00900098CA
:107F8000B0F1706F01D9032003E00869C007F3D492
:107F9000002001B07047000000383C80410D030014
:107FA000007833EC0078F3EF0000F81F0B30544FEB
:107FB0002DE9F34F9BB01B9813901398052840F0C0
:107FC000748300240020402818D21C990144095DC4
:107FD0006A4611546946095C232902D10020040035
:107FE0000CE06946095C262902D1401C040005E02A
:107FF0003F2801D100210C00401CE4E79DF800005F
:10800000552833D19DF801004E280CD19DF802006F
:108010004C2808D19DF803004F2804D10020DFF838
:10802000C41681F827009DF8030046280BD19DF85F
:108030000400572807D1DFF8B006006850F00200AE
:10804000DFF8A41608609DF80200422840F026835D
:108050009DF80500522840F02183DFF88C06006867
:1080600050F00800DFF88016086017E39DF8000064
:10807000422816D19DF80100412812D19DF8030035
:10808000522840F00B839DF80600532840F00683E9
:10809000DFF85406006850F00400DFF84C16086062
:1080A000FCE29DF800004B285FD19DF801004528B7
:1080B0005BD19DF80200592857D19DF8040055283E
:1080C00010D19DF8050050280CD1DFF8200600687B
:1080D000002807D1DFF81406006850F00800DFF828
:1080E0000C1608609DF80400442810D19DF8050086
:1080F0004F280CD1DFF8F4050068002807D1DFF81D
:10810000EC05006850F00100DFF8E01508609DF80C
:108110000400522810D19DF8050049280CD1DFF841
:10812000CC050068002807D1DFF8C005006850F0D2
:108130000400DFF8B81508609DF804004C2840F0F2
:10814000AD829DF80500452840F0A882DFF89C0527
:108150000068002840F0A282DFF89005006850F027
:108160000200DFF88815086098E29DF800005228A8
:1081700056D19DF80100452852D19DF802005328A0
:108180004ED19DF8030044280FD19DF804004528E6
:108190000BD19DF80500562807D1DFF81C0D0068AB
:1081A00050F00400DFF8101D08609DF8050053280A
:1081B0000FD19DF8060054280BD19DF808005428D3
:1081C00007D1DFF8F40C006850F00800DFF8E81C75
:1081D00008609DF8050044280FD19DF806004F283F
:1081E0000BD19DF80800452807D1DFF8CC0C0068BA
:1081F00050F01000DFF8C01C08609DF80300532801
:1082000040F04C829DF80400452840F04782DFF89A
:10821000D804006850F01000DFF8CC1408603DE28C
:108220009DF80000432810D19DF801004C280CD186
:108230009DF80500482808D1DFF8AC04006850F02C
:108240000100DFF8A414086028E29DF8000053281C
:1082500040F0D0819DF80100452840F0CB819DF889
:108260000200542840F0C6819DF80300542840F0D5
:108270001F819DF80400492840F01A819DF80700ED
:108280003A2840F0158100259DF808003038050097
:108290000A2015FB00F59DF80900303845190A2021
:1082A00015FB00F59DF80A00303845190A2015FB2A
:1082B00000F59DF80B003038451900269DF80C009C
:1082C000303806000A2016FB00F69DF80D00303805
:1082D000861900279DF80E00303807000A2017FB8A
:1082E00000F79DF80F003038C7195FF000089DF8BF
:1082F0001000303880460A2018FB00F89DF8110065
:10830000303810EB08085FF000099DF81200303893
:1083100081460A2019FB00F99DF81300303810EB54
:1083200009095FF0000A9DF81400303882460A20DF
:108330001AFB00FA9DF81500303810EB0A0AADB2AE
:1083400040F2DA708542C0F2B380ADB240F634003C
:10835000854280F2AD80B6B2002E00F0A980B6B2A0
:108360000D2E80F2A580BFB2002F00F0A180BFB219
:10837000202F80F29D801FFA88F8B8F1180F80F244
:1083800097801FFA89F9B9F13C0F80F291801FFAAA
:108390008AFABAF13C0F80F28B8010A8EAF76AFEE5
:1083A00017A810A9B1E80C10A0E80C100C390C3873
:1083B00010A8EAF723FE14A810A9B1E80C10A0E851
:1083C0000C100C390C381798ADB2A84216D1189879
:1083D000B6B2B04212D11998BFB2B8420ED11498B9
:1083E0001FFA88F8404509D115981FFA89F94845C0
:1083F00004D116981FFA8AFA50453AD0ADB21795B3
:10840000B6B21896BFB21997B648D0F83BB017A8C5
:10841000EAF7FEFEB348C0F83BB01FFA88F8CDF883
:1084200050801FFA89F9CDF854901FFA8AFACDF8D6
:1084300058A014A8EAF7B2FEAA481FFA8AFAC0F8B0
:1084400010A0DFF8780A006850F48050DFF86C1A4A
:108450000860A44890F8330050F00400A14981F866
:108460003300DFF8540A006850F00200DFF8481AC1
:1084700008609C4890F88000012815D10020994997
:1084800081F880000020DFF8381A8871954890F84C
:10849000330050F00700934981F83300DDF774F89A
:1084A000D9F712FFD9F788FF0120DFF8181A0870F2
:1084B0009DF8030043286DD19DF80600442869D13A
:1084C0009DF80A003A2865D100209DF80B1030393C
:1084D00008000A2110FB01F09DF80C103039081833
:1084E0000A2110FB01F09DF80D10303908180A21FF
:1084F00010FB01F09DF80E103039081800219DF88E
:108500000F20303A11000A2211FB02F19DF81020D1
:10851000303A511800229DF81130303B1A000A23DE
:1085200012FB03F29DF81230303B9A1880B240F2F1
:10853000DA7398422EDB80B240F63403984229DA8F
:1085400089B2002926D089B20D2923DA92B2002AF5
:1085500020D092B2202A1DDADFF86C391B68109304
:10856000DFF868391B681193DFF864391B681293D0
:10857000109B80B2834207D1119B89B28B4203D1F9
:10858000129B92B2934205D080B2109089B21191A1
:1085900092B212929DF80300482840F07F809DF827
:1085A000040056287AD19DF805003A2876D1002596
:1085B0009DF80600303805000A2015FB00F59DF8EF
:1085C0000700303845190A2015FB00F59DF8080012
:1085D00030384519ADB240F2E730854203DADFF8B2
:1085E000E008A0F85F50DFF8EC08A0F86B50F5F752
:1085F000F7FE53E09DF8000042281CD19DF80100D1
:108600004B2818D19DF80200502814D19DF8030082
:10861000442843D19DF8040045283FD19DF805002A
:1086200056283BD1DFF89408006850F40070DFF85A
:108630008C18086032E09DF8000052282ED19DF879
:10864000010053282AD19DF80200542826D19DF814
:10865000030044280ED19DF8040045280AD19DF856
:108660000500562806D12048006850F010001E4929
:10867000086013E09DF8030044280FD19DF8040022
:108680004F280BD19DF80500532807D1DFF82808A3
:10869000006850F01000DFF820180860002C1CD093
:1086A000B4F5FC6FFFF48EAC17E01398062814D1D4
:1086B0000020B0F5007F08DA1C9951F82010DFF88F
:1086C000182842F82010401CF3E7DFF8F007006894
:1086D00050F48060DFF8E417086001201DB0BDE8A9
:1086E000F08F00003C350020243800206438002042
:1086F0002DE9F74FACB000242D9800902E9D5FF02F
:10870000000B00260098DFF8D417DFF8D427128872
:108710008854DFF8CC070088401CDFF8C4170880B5
:10872000DFF8BC070088B0F5FA7F03DD0020DFF832
:10873000B0170880009800280CD100200400802C7D
:1087400080F0B783DFF89C0750F8240045F8240038
:10875000641CF4E70098022823D100200400B4F53B
:10876000007F05D25FF0FF3045F82400641CF6E777
:108770007FF0070028605FF0FF3068600020040091
:10878000112C0AD25FF00210DFF85C1700FB041016
:1087900005EB8401C860641CF2E7DFF85007286528
:1087A00087E30098032840F078810820B0F5007F27
:1087B00004D2002145F82010401CF7E7EAF7A0FC9E
:1087C0008346EAF7B3FC060000200B2806D2DFF848
:1087D0002017095C01AA1154401CF6E708208DF807
:1087E0000F0000208DF8100000208DF811000020EF
:1087F0008DF8120000208DF8130000208DF8140071
:1088000000208DF8150030008DF81600300080B281
:10881000000A8DF8170000208DF8180000208DF850
:10882000190058468DF81A00584680B2000A8DF893
:108830001B0030008DF81C00300080B2000A8DF85B
:108840001D0000208DF81E0000208DF81F00002064
:108850008DF8200000208DF8210000208DF82200E6
:1088600000208DF823000020202804D201A9095CF3
:108870002954401CF8E7202000214D2907D2DFF8B9
:108880007426525C05EB01031A54491CF5E70221DA
:108890008DF81E100021132909D201AA0A44527B27
:1088A00005EB0103034483F84D20491CF3E76030D6
:1088B00053218DF8041054218DF8051041218DF8B5
:1088C000061054218DF8071055218DF808105321FA
:1088D0008DF8091020218DF80A1020218DF80B1039
:1088E00042218DF80C1049218DF80D104E218DF884
:1088F0000E1003218DF81E1000218DF81F1000218D
:108900008DF8201008218DF8211000218DF80F100E
:108910000021202906D201AA525C05EB01031A545A
:10892000491CF6E7203053218DF8041045218DF8BD
:10893000051054218DF8061054218DF80710492197
:108940008DF808104E218DF8091047218DF80A1076
:1089500053218DF80B1058218DF80C104D218DF8F6
:108960000D104C218DF80E1004218DF81E100021E1
:108970008DF81F10DFF8801509888DF82010DFF8BA
:108980007815098889B2090A8DF8211000218DF81F
:108990000F100021202906D201AA525C05EB010329
:1089A0001A54491CF6E7203044218DF8041049215F
:1089B0008DF8051053218DF8061050218DF8071001
:1089C0004C218DF8081041218DF8091059218DF89E
:1089D0000A1020218DF80B1042218DF80C104D212A
:1089E0008DF80D1050218DF80E1005218DF81E10F8
:1089F0003E218DF8201004218DF8211000218DF8E2
:108A0000221001218DF80F100021202906D201AA81
:108A1000525C05EB01031A54491CF6E7203048214B
:108A20008DF8041049218DF8051053218DF806109A
:108A300054218DF807104F218DF8081052218DF820
:108A4000091059218DF80A1020218DF80B1054219E
:108A50008DF80C1058218DF80D1054218DF80E1042
:108A600006218DF81E1000218DF81F1000218DF8B1
:108A7000201020218DF8211001218DF822100021D5
:108A80008DF80F100021202980F0138201AA525C7A
:108A900005EB01031A54491CF5E70098042840F03F
:108AA000AE800020B0F5007F04D2002145F82010F0
:108AB000401CF7E7EAF724FB8346EAF737FB06009A
:108AC00020208DF80F003C208DF8100000208DF83C
:108AD000110000208DF8120000208DF813000020F6
:108AE0008DF8140000208DF8150030008DF8160068
:108AF000300080B2000A8DF8170000208DF81800B1
:108B000000208DF8190058468DF81A00584680B29A
:108B1000000A8DF81B0030008DF81C00300080B278
:108B2000000A8DF81D0000208DF8200000208DF82F
:108B3000210000208DF8220000208DF82300012064
:108B40000B2804D2202101AA1154401CF8E72E2042
:108B50008DF8040029208DF81E0001208DF81F00DB
:108B60000020202804D201A9095C2954401CF8E700
:108B70002E208DF8050000208DF81E0000208DF8B5
:108B80001F000020202807D201A9095C05EB000284
:108B900082F82010401CF5E70020C02807D2D749F2
:108BA000095C05EB000282F84010401CF5E72A2022
:108BB0008DF81E0001208DF81F004C208DF820003C
:108BC0000020132808D201A90144497B05EB0002CB
:108BD00082F88D10401CF4E72B208DF81E000C202D
:108BE0008DF820000020132880F0638101A9014442
:108BF000497B05EB000282F8ED10401CF3E700987A
:108C0000052816D1612055212970811C6970002129
:108C1000814206D2AA4A525C05EB01039A70491CB4
:108C2000F6E70D2105EB000291700A212844C1707E
:108C30003FE1009806280AD10020AF490988884200
:108C400080F03781A449095C2954401CF5E700985D
:108C5000072840F0E280422028704D2068703E20B6
:108C6000A8700420E870002028710020687100209E
:108C7000A8710020E87100202872002068723E2050
:108C8000A8720020E8720020287300206873282052
:108C9000A8730020E87300202874002068748020E6
:108CA000A8740020E8740020287500206875402012
:108CB000A8750020E875002028760020687601203D
:108CC000A8760020E8760120287700206877002029
:108CD000A8770020E877002085F82000002085F89C
:108CE0002100002085F82200042085F823000020C0
:108CF00085F82400002085F82500002085F826004E
:108D0000002085F82700002085F82800002085F83D
:108D10002900002085F82A00002085F82B0000207B
:108D200085F82C00002085F82D00002085F82E0005
:108D3000002085F82F00002085F83000002085F8FD
:108D40003100002085F83200002085F83300002033
:108D500085F83400002085F83500002085F83600BD
:108D6000002085F83700002085F83800002085F8BD
:108D70003900FF2085F83A00FF2085F83B00FF20EE
:108D800085F83C00002085F83D0000275FF00008D2
:108D900040F22D495FF0000A5FFA8AFABAF1080F33
:108DA00080F287805146C9B20020DCF7C2FC8021E6
:108DB0000BA8DCF762FA012080460021C9B208291D
:108DC00028DA0022D2B2802A1EDA19F10109002025
:108DD00007000023DBB2082B0DDA0BA8DBB253FA35
:108DE00082FC10F80C0010EA080F02D08020184115
:108DF00007435B1CEEE7FFB2F8431FFA89F905F859
:108E00000900D21D521CDDE7B9F120095FEA4808CC
:108E1000491CD3E71AF1010ABEE70098082812D3CB
:108E200000982C280FD200984FF40061344A01FBBF
:108E300000200021B1F5007F3BDA50F8212045F8F1
:108E40002120491CF6E70098B0F5967F11D100204B
:108E5000B0F5007F04D2002145F82010401CF7E750
:108E60000020262825D22749095C05F81010401C4F
:108E7000F7E7009840F22D11884210D10320B0F599
:108E8000007F04D2002145F82010401CF7E70020A5
:108E90000C280ED21C49095C2954401CF8E700201C
:108EA000B0F5007F05DA5FF0FF3145F82010401C77
:108EB000F6E72FB0BDE8F08F203800201C380020E6
:108EC000DC020020A53800200050010804500108F1
:108ED00008500108C0350020EC1B00203C32002067
:108EE0009E380020F4C30A08070008002900FFFF8D
:108EF00048F50A0810D00A089C3800206CCC0A08F3
:108F000000C00108D4DC0A083CF50A0840B2002879
:108F10000DD4012110F01F029140DFF8642D40B202
:108F2000430942F82310BFF34F8FBFF36F8F704791
:108F3000BFF34F8FDFF84C0D006810F4E060DFF8EE
:108F4000801C0843DFF83C1D0860BFF34F8F00BF53
:108F5000FDE7DFF8781D09680140814201D1012059
:108F600000E000207047DFF8641D08607047DFF8FC
:108F7000600D006830F00200DFF8541D0860704793
:108F80000069704700690840884201D1012000E073
:108F900000207047816170478162704710B4426958
:108FA00011EA020331EA020454EA0343836110BC6C
:108FB0007047C068800A10F001007047C068400A1E
:108FC00010F001007047C068000A10F001007047FF
:108FD000C16811F0800171F49061C1607047C1688F
:108FE00011F0800171F42071C1607047C16811F007
:108FF000800171F4C071C1607047806B70477FF071
:10900000010101617047006910F0010070477FF0B5
:109010000201016170470069400810F001007047CB
:109020007FF00401016170470069800810F00100C1
:1090300070477FF01001016170470069000910F06E
:1090400001007047C06980B27047416851F001016A
:1090500041607047006810F001007047416851F0AE
:109060000201416070470068400810F0010070473D
:10907000416851F01001416070470068000910F02C
:109080000100704780B5FFF753FF01BD80B5FFF7C2
:109090004FFF01BD80B5FFF74BFF01BD80B5FFF766
:1090A00047FF01BD80B5FFF743FF01BD80B5FFF766
:1090B0003FFF01BD80B5FFF73BFF01BD80B5FFF766
:1090C00037FF01BD80B500F08DFEF8F7CAFF01BD86
:1090D000F0B589B0DFF8640CFFF76BFF012840F0B2
:1090E0006E83DFF8580CFFF773FF5FF48010FFF713
:1090F0003AFFFFF73CFFDFF8700C0068401CDFF818
:10910000681C08600520DFF8601C0968DFF8582C2F
:109110001268B2FBF0F200FB1210002807D1DFF852
:109120005C0C006850F00400DFF8501C0860DFF8A9
:10913000500C90F86700002816D0DFF8440C90F827
:109140006700401EDFF8381C81F86700DFF8300C3C
:1091500090F86700002807D1DFF8280C006850F469
:109160008070DFF8201C08600A20DFF8FC1B09680B
:10917000DFF8F42B1268B2FBF0F200FB12100028AB
:1091800040F0BA80DFF8F81B0869DFF8F41B401CD8
:109190000861DFF8EC1B086910F0030F07D1DFF856
:1091A000E40B006850F00100DFF8D81B0860DFF81E
:1091B000D00B90F83600022811D1DFF8C41B0869E3
:1091C0000A21B0FBF1F201FB1200002807D1DFF801
:1091D000B40B006850F40070DFF8A81B0860DFF8DB
:1091E000A01B08693C21B0FBF1F201FB1200002832
:1091F00011D1DFF88C0B90F8330050F00400DFF849
:10920000801B81F83300DFF87C0B006850F002000F
:10921000DFF8701B0860DFF8680B90F83600002854
:109220000BD0DFF85C0B90F83600012805D0DFF892
:10923000500B90F83600042856D105A8E9F7DEFE59
:1092400002A8E9F717FF0798019006980090059B80
:10925000049A03990298EAF772F8DFF82C1B086069
:10926000DFF8240B0168DFF8240B0068EAF751F8F7
:10927000DFF81C1B0860DFF8180B0068DFF8141B10
:10928000B1F83F1088420DD3DFF8F00A006850F4BF
:109290008040DFF8E81A0860DFF8EC0A0068DFF8C1
:1092A000EC1A0860DFF8D80A0169DFF8EC0A0068F8
:1092B000EAF72FF8DFF8D81A0860DFF8C41AD1F8F7
:1092C0007300DFF8CC1A096881420DD3DFF8AC0ACD
:1092D000006850F48030DFF8A41A0860DFF8A80AAC
:1092E0000068DFF8B41A0860DFF8900A006850F0F0
:1092F0000100DFF8881A08605FF09040FFF740FE39
:109300000400DFF87C0A90F83000042800F008819F
:10931000DFF86C0A90F83050600A10F00106DFF8B0
:109320007C0AFFF72DFE810A11F00101C9B24A0043
:1093300052FA86F2D2B2032A25D1DFF8443A93F8E2
:109340003030032B1FD00323DFF8347A87F8303016
:10935000DFF82C3A5B7E53F00803DFF8247A7B7643
:10936000DFF8203A1B6853F00203DFF8187A3B60FD
:10937000DFF80C3A93F8333053F00303DFF8007A48
:1093800087F83330CCE0D2B2032A00F0C980DFF88E
:10939000F0395B7E1B0719D5DFF8E8391B6853F0FD
:1093A0000203DFF8E0793B60DFF8D43993F833301B
:1093B00053F00303DFF8C87987F83330DFF8C0399A
:1093C0005B7E13F0F703DFF8B8797B76DFF8B0390E
:1093D00093F83030FF2B16D1DFF8A43983F83060D2
:1093E0003500DFF8A0391B6853F00203DFF89479E9
:1093F0003B60DFF88C3993F8333053F00203DFF829
:10940000807987F8333013002F00DBB2FFB2BB4204
:1094100000F08180DFF8683993F832305B1CDFF8A8
:10942000607987F83230DFF8583993F83230042BFE
:109430006BDBDFF84C3993F83030002B08D1D2B217
:10944000022A05D10223DFF8387987F830305CE052
:10945000DFF82C3993F83030022B08D1D2B2002A31
:1094600005D10023DFF8187987F830304DE0DFF8B8
:10947000103983F83020DFF8083993F83030012BA9
:1094800008D1DFF8FC783B6DDFF8F47853F4007313
:109490003B6507E0DFF8E8783B6DDFF8E47853F4EC
:1094A00080733B65DFF8DC381B6853F00A03DFF894
:1094B000D4783B60DFF8C83893F8333053F00203B8
:1094C000DFF8BC7887F833300023DFF8B47887F80A
:1094D0003230DFF8AC3893F87930002B08D1DFF860
:1094E000A4381B6853F04003DFF898783B600CE029
:1094F000DFF88C381B7D002B07D1DFF888381B681C
:1095000053F08003DFF87C783B60DFF87438002785
:10951000C3F82A7004E00023DFF8647887F832305B
:1095200094F00F0414F00F0F24D00020DFF850182F
:1095300081F83500F4F7A6FBDFF8580890F83A00F8
:1095400000280CD0DFF8380890F82400002801D15A
:10955000F4F716F90020DFF8281881F82400DFF866
:10956000200890F82500012801D1F2F716F8F4F749
:1095700065FB1DE0DFF808080021C160DFF8000886
:1095800000214160DFF8F80700210160DFF8F007F3
:10959000002181600020DFF8081808700020DFF843
:1095A000041808700020DFF800180870F4F77CFB3E
:1095B000DFF8CC17D1F82A00002864D0DFF8C017F4
:1095C000086ADFF8BC17497F11F00F01405C0028E2
:1095D0002CD0DFF8AC0790F82800002826D1DFF85F
:1095E000CC07407B0A2813DBDFF8C007407B342818
:1095F0000ED0DFF8B807407B372809D0DFF8AC077A
:10960000407B3E2804D0DFF8A407407B41280DD1E1
:10961000F1F76EFFDFF86807007D01282BD10120EC
:10962000DFF85C174875F6F79AFE24E0DFF850077C
:1096300090F82400012809D1F1F781FFDFF84007F5
:10964000007D002817D1F6F771FE14E0DFF830072F
:1096500090F8250001280ED1F1F79FFFDFF82007D1
:10966000007D002807D1DFF8180790F828000028AF
:1096700001D1F6F75BFEDFF80807407F401CDFF8FA
:10968000001748779BE0DFF8F80690F82E000521D8
:1096900008424FD0DFF8E80690F82800002849D1AA
:1096A000DFF8DC06807F00282BD1DFF8D406C07FEE
:1096B0001E2826DADFF8F406407B002813D0DFF8F6
:1096C000EC06407B34280ED0DFF8E006407B3728DC
:1096D00009D0DFF8D806407B3E2804D0DFF8CC065E
:1096E000407B41280DD1F1F703FF3220DFF89016BF
:1096F0008877DFF88C06C07F401CDFF88416C877B7
:1097000010E0DFF87C0690F82400012802D1F1F780
:1097100016FF07E0DFF8680690F82500012801D160
:10972000F1F73BFFDFF85806807F401EDFF8501648
:10973000887744E0DFF8480690F82E00800736D599
:10974000DFF83C0690F82800002830D1DFF830061A
:10975000807F002812D1DFF82806C07F1E280DDA8E
:10976000F1F7C6FEFA20DFF818168877DFF8100642
:10977000C07F401CDFF80816C87710E0DFF800064D
:1097800090F82400012802D1F1F7D9FE07E0DFF8B4
:10979000F00590F82500012801D1F1F7FEFEDFF871
:1097A000E005807F401EDFF8D815887707E0DFF8F6
:1097B000D00590F82500012801D1F1F7EEFE09B09F
:1097C000F0BD80B55FF48020FFF7CDFBDFF86C05BE
:1097D000FFF7F9FB012805D1DFF86005FFF706FC6C
:1097E00000F019F8DFF85405FFF7E8FB012805D170
:1097F000DFF84805FFF7F3FB00F030F8DFF83C0531
:10980000FFF7E1FB012805D1DFF83005FFF7EEFB9C
:1098100000F001F801BD80B5DFF8780590F83A0056
:10982000002810D0F3F7ACFF0020DFF8541581F8C2
:109830002400DFF84C05007D002804D10421DFF866
:109840005C05FFF7A9FBDFF8380590F82500012833
:1098500001D1F1F7A2FEF4F703FA01BD10B55FF0F4
:109860009040FFF78DFB040094F00F0414F00F0FED
:1098700000F03E81600715D5DFF804150868DFF8B1
:109880000015401C0860DFF8F8140868022840F052
:109890003181DFF81C05006850F00400DFF8101576
:1098A000086027E1A00715D5DFF8D4144868DFF871
:1098B000D014401C4860DFF8C8144868022840F003
:1098C0001981DFF8EC04006850F00200DFF8E014C2
:1098D00008600FE1E00740F1AF80DFF8A414C8682A
:1098E000DFF89C14401CC860DFF8C004407B0328EC
:1098F00026DADFF88C14C868022807D1DFF8B00434
:10990000006850F00100DFF8A81408600120DFF8BB
:1099100098140870DFF86814C868B0F5FA7F40F052
:10992000E9800120DFF87C140870DFF8540490F817
:10993000350050F08000DFF8481481F83500D9E098
:10994000DFF83C14C868022808D1DFF86404006816
:1099500050F00100DFF858140860CBE0DFF8440451
:109960000078012816D1DFF81814C868052811D12D
:10997000DFF83804407B5B280CD1DFF83404006842
:1099800050F01000DFF828140860DFF8F40302211B
:10999000C160AFE0DFF80C040078012816D1DFF8D1
:1099A000E013C868102811D1DFF80004407B1028AC
:1099B0000CD1DFF8FC03006850F01000DFF8F01362
:1099C0000860DFF8BC030221C16093E0DFF8B01348
:1099D000C86832281BD10120DFF8C8130870DFF8EF
:1099E000C8030078002840F08580DFF8C4030068D1
:1099F00050F01000DFF8B8130860DFF8B003407BC8
:109A00000A2877DBDFF878030221C16072E0DFF813
:109A10007013C868B0F5FA7F6CD10120DFF88413A9
:109A20000870DFF85C0390F8350050F08000DFF834
:109A3000501381F835005DE020075BD5DFF8401357
:109A40008868DFF83C13401C8860DFF834138868AE
:109A5000022808D1DFF85803006850F00800DFF84A
:109A60005013086046E0DFF838030078012814D16D
:109A7000C3498868052810D1DFF83003407B5B2894
:109A80000BD1DFF82C03006850F02000DFF8201322
:109A90000860BB48022181602CE0C14800780128A1
:109AA00011D1B749886810280DD1C048407B1028D3
:109AB00009D1BF48006850F02000BD490860B04897
:109AC0000221816016E0AE498868322812D1012057
:109AD000B3490870B648006850F02000B4490860E7
:109AE000B248407B0A2805DBA5480221816001E0DD
:109AF000F4F7DAF8FFF73BFA10BD80B50120FFF765
:109B000028FA002807D00120FFF72DFAFFF72FFAD7
:109B10000620FFF7FBF901BD10B500242020FFF758
:109B200018FA00281CD0FFF722FAA248FFF78AFA99
:109B300004000020924981F83500EAF797F89E4822
:109B40000068401C9C4908602000F2F7BBFE8D486D
:109B5000006850F020008B4908602020FFF703FACE
:109B60004FF40070FFF7F5F9002803D04FF40070B0
:109B7000FFF7F9F910BD80B58E48FFF774FA012898
:109B80000CD1FFF7F4F98B48FFF768FA8B480068AF
:109B9000401C8A490860F2F7E3FF10E08548FFF7B0
:109BA00059FA012803D18348FFF74FFA07E08148AB
:109BB000FFF763FA012802D17E48FFF759FA01BD89
:109BC0000400FA0580B57E48FFF72EFA012825D15A
:109BD0007C48006830F004007A49086079480068E1
:109BE0004008400077490860FFF7C1F97448FFF763
:109BF00017FA0020744908607148FFF7FEF97349AD
:109C00000860F2F70DFF00205D4981F835005D48DE
:109C1000006850F020005B4908600EE06848FFF7DC
:109C2000F2F9012809D16648FFF7E9F9F2F77BFF5D
:109C300065480068401C6449086001BD80B56448FF
:109C4000FFF7E9F9012808D16148FFF7E0F9102191
:109C50005FF09040FFF7A0F910E05D48FFF7D3F9FF
:109C600001280BD15A48FFF7CAF910215FF0904044
:109C7000FFF790F90120424981F8250001BD00005D
:109C800080E100E00CED00E080B55248FFF7CCF930
:109C900001280CD15048006830F004004E4908609B
:109CA0004D480068400840004B49086007E04948BB
:109CB000FFF7A9F9012802D14648FFF7A0F91021C2
:109CC0005FF09040FFF76AF901BD00001404014005
:109CD00010ED00E080B54FF48060FFF73AF90028FE
:109CE0002AD04FF48060FFF73EF9FFF740F94FF4B8
:109CF00080615FF09040FFF745F9002809D01F48C8
:109D0000006850F008001D49086004201C4981F8D3
:109D100067001B4890F8650001280DD14FF4806161
:109D20005FF09040FFF72EF9002805D11348006836
:109D300050F002001149086001BD000000280040F9
:109D400080B52648FFF75FF9012802D12348FFF7C5
:109D500056F901BD80B52148FFF76FF9012802D1FE
:109D60001E48FFF766F901BD7838002080B51C4811
:109D7000FBF7AEFBFFF7FBF801BD00001C3800202D
:109D80003C3500202038002080380020703800202A
:109D90007C380020C03500207438002000040048C2
:109DA000C0380020C1380020C2380020D028002050
:109DB00064380020007C004088380020843800206F
:109DC000000400400C0400406C380020683800207B
:109DD000000C0040001000400C1000400034014016
:109DE000EC23002003480068034909784018014922
:109DF0000860704760380020D60200200000000094
:109E00000000000000000000000000000000000052
:109E1000000000000000FE06FE060000000000003A
:109E20000000000000000000000000000000000032
:109E30000E000E0000000E000E00000000000000EA
:109E4000000000000000000000009007F0009E00ED
:109E50009007F0009E0000000000000000000000DD
:109E6000000000003C027204FF0FE204C403000083
:109E700000000000000000000000000000003E00A4
:109E800022003E06C0013000CE074004C00700009B
:109E900000000000000000008003CC077E04F204F4
:109EA000DE071C03C00700040000000000000000E3
:109EB00000000E000E000000000000000000000086
:109EC000000000000000000000000000F007FC1F80
:109ED000063000000000000000000000000000004C
:109EE0000000000000000630FC1FF007000000002A
:109EF0000000000000000000000000000000000062
:109F0000140014000E0014001400000000000000F3
:109F10000000000000000000000040004000F001D0
:109F2000F0014000400000000000000000000000C0
:109F3000000000000016000E0000000000000000FD
:109F40000000000000000000000000000000000110
:109F500000010001000100010001000000000000FC
:109F600000000000000000000006000600000000E5
:109F700000000000000000000000000000000000E1
:109F800000000018000E8003E00038000E000300FF
:109F9000000000000000000000000000FC03FE07BD
:109FA00002040204FE07FC030000000000000000A1
:109FB00000000000000018000C00FE07FE07000073
:109FC0000000000000000000000000000000000091
:109FD00004060607C205E2047E041C04000000001B
:109FE0000000000000000000000004020606220439
:109FF0002204FE07DC030000000000000000000057
:10A0000000000000800160011801FE07FE0700014A
:10A010000000000000000000000000000000380206
:10A020003E0616041204F207E203000000000000DE
:10A030000000000000000000F803FC0722042204D6
:10A04000E607C4030000000000000000000000005C
:10A05000000002000207E207FA001E0006000000EE
:10A06000000000000000000000000000DC03FE070C
:10A0700022042204FE07DC030000000000000000B0
:10A080000000000000003C027E0642044204FE0381
:10A09000FC010000000000000000000000000000C3
:10A0A0003006300600000000000000000000000044
:10A0B000000000000000000000003016300E00001C
:10A0C0000000000000000000000000000000000090
:10A0D000000000004000E000A000B00110011803E3
:10A0E0000000000000000000000000000000A000D0
:10A0F000A000A000A000A000A000A00000000000A0
:10A10000000000000000000018031001B001A000D2
:10A11000E00040000000000000000000000000001F
:10A120000000040006008206C20662003E001C0019
:10A13000000000000000000000000000E003180C18
:10A14000CC13E417722632263223E227F227722438
:10A1500004120813F0080006C007F8013E010601CA
:10A160003E01F801C00700060000000000000000EA
:10A17000FE07FE07220422042204FE07DC0300007F
:10A1800000000000000000000000F801FC030606CB
:10A19000020402040204060604020000000000009B
:10A1A00000000000FE07FE07020402040606FC038E
:10A1B000F801000000000000000000000000FE07A1
:10A1C000FE072204220422042204000000000000F2
:10A1D0000000000000000000FE07FE0742004200F1
:10A1E00042004200000000000000000000000000EB
:10A1F0000000F801FC030606020442044204C607FC
:10A20000C40300000000000000000000FE07FE077D
:10A21000200020002000FE07FE07000000000000D4
:10A22000000000000000FE07FE0700000000000024
:10A23000000000000000000000000000000000001E
:10A240000003000700040004FE07FE0300000000F6
:10A2500000000000000000000000FE07FE07600094
:10A260003800FC01C60702060000000000000000E4
:10A2700000000000FE07FE070004000400040004C4
:10A280000000000000000000000000000000FE07C9
:10A29000FE071E00F8030007F8031E00FE07FE0776
:10A2A0000000000000000000FE07FE071C00700018
:10A2B000C001FE07FE0700000000000000000000D3
:10A2C0000000F801FC030606020402040606FC0373
:10A2D000F80100000000000000000000FE07FE077B
:10A2E0004200420042007E003C00000000000000EE
:10A2F000000000000000F801FC030606020402054D
:10A300000606FC07F809000000000000000000003D
:10A31000FE07FE0742004200C200FE033C070004A5
:10A32000000000000000000000001C023E06720455
:10A330006204E204C607840300000000000000007D
:10A3400000000000020002000200FE07FE070200FB
:10A350000200020000000000000000000000FE03F8
:10A36000FE07000400040004FE07FE0300000000D6
:10A37000000000000000000006003E00F801C007D9
:10A380000006C007F8013E000600000000000000C3
:10A3900000000600FE00F8070007F007FE000E00B0
:10A3A000FE00F0070007F807FE00060006060E078D
:10A3B000F801F000F8010E0706060000000000009A
:10A3C00000000000000006000E003800F007F00753
:10A3D00038000E0006000000000000000000000031
:10A3E00002060207C205F2043A040E040604000045
:10A3F00000000000000000000000FE3FFE3F0220C1
:10A40000000000000000000000000000000000004C
:10A410000000000006003800C00100060000000037
:10A42000000000000000000000000000000002200A
:10A43000FE3FFE3F000000000000000000000000A2
:10A440000000000000000000400070001C001C0024
:10A45000700040000000000000000000000000004C
:10A46000000000200020002000200020002000200C
:10A4700000000000000000000000000002000600D4
:10A4800004000000000000000000000000000000C8
:10A4900000000000000020039007D0045004F007E3
:10A4A000E0070000000000000000000000000000C5
:10A4B000FE07FE0720021004F007E0030000000082
:10A4C00000000000000000000000E003F00710049E
:10A4D0001004300620020000000000000000000010
:10A4E00000000000E003F00710042002FE07FE0752
:10A4F0000000000000000000000000000000E00379
:10A50000F00790049004F006E00200000000000054
:10A5100000000000000000001000FC07FE07120011
:10A520000200000000000000000000000000000029
:10A530000000E013F02710242022F03FF01F00005D
:10A54000000000000000000000000000FE07FE0701
:10A5500020001000F007E0070000000000000000ED
:10A56000000000000000F607F607000000000000F1
:10A5700000000000000000000000000000000000DB
:10A5800000200020F63FF61F000000000000000041
:10A5900000000000000000000000FE07FE07C000F1
:10A5A000E00330071004000000000000000000007D
:10A5B00000000000FE07FE07000000000000000091
:10A5C0000000000000000000000000000000F00794
:10A5D000F00720001000F007F00720001000F0073F
:10A5E000E007000000000000F007F0072000100066
:10A5F000F007E0070000000000000000000000007D
:10A600000000E003F00710041004F007E00300006E
:10A61000000000000000000000000000F03FF03FDC
:10A6200020021004F007E00300000000000000001A
:10A63000000000000000E003F00710042002F03FDB
:10A64000F03F0000000000000000000000000000DB
:10A65000F007F007100010000000000000000000EC
:10A66000000000000000000000006002F006D004BE
:10A670009005B0072003000000000000000000006B
:10A68000000000001000F803FC07100400000000A8
:10A690000000000000000000000000000000F003C7
:10A6A000F00700040002F007F007000000000000BF
:10A6B00000000000000000003000F001C0070006AC
:10A6C000C007F001300000000000000000000000A2
:10A6D00000003000F001C0070007E0037000E00355
:10A6E0000007C007F00130000000000030067007CE
:10A6F000C001C0017007300600000000000000002B
:10A700000000000000003020F021C03F003EC00FDC
:10A71000F001300000000000000000000000000018
:10A7200010069007D00570043004000000000000FF
:10A73000000000000000000000008000FC1F7E3FC1
:10A7400002200220000000000000000000000000C5
:10A7500000000000FE1F00000000000000000000DC
:10A7600000000000000000000000000000000220C7
:10A7700002207E3FFC1F800000000000000000005F
:10A780000000000000000000800040004000C00009
:10A790008000800040000000000000000000000079
:10A7A0000000FE07FE070204020400000000000093
:10A7B0000000000000000000000000000000000099
:10A7C0000000000000000000000000000000000089
:10A7D0000000000000000000000000000000000079
:10A7E0000000000000000000000000000000000069
:10A7F0000000000000000000000000000000000059
:10A800000000000000000000000000000000000048
:10A810000000000000000000000000000000000038
:10A820000000000000000000000000000000000028
:10A830000000000000000000000000000000000018
:10A840000000000000000000000000000000000008
:10A8500000000000000000000000000000000000F8
:10A8600000000000000000000000000000000000E8
:10A8700000000000000000000000000000000000D8
:10A8800000000000000000000000000000000000C8
:10A8900000000000000000000000000000000000B8
:10A8A00000000000000000000000000000000000A8
:10A8B0000000000000000000000000000000000098
:10A8C0000000000000000000000000000000000088
:10A8D0000000000000000000000000000000000078
:10A8E0000000000000000000000000000000000068
:10A8F0000000000000000000000000000000000058
:10A900000000000000000000000000000000000047
:10A910000000000000000000000000000000000037
:10A920000000000000000000000000000000000027
:10A930000000000000000000000000000000000017
:10A940000000000000000000000000000000000007
:10A9500000000000000000000000000000000000F7
:10A9600000000000000000000000000000000000E7
:10A9700000000000000000000000000000000000D7
:10A9800000000000000000000000000000000000C7
:10A9900000000000000000000000000000000000B7
:10A9A00000000000000000000000000000000000A7
:10A9B0000000000000000000000000000000000097
:10A9C0000000000000000000000000000000000087
:10A9D0000000000000000000000000000000000077
:10A9E0000000000000000000000000000000000067
:10A9F0000000000000000000000000000000000057
:10AA00000000000000000000000000000000000046
:10AA10000000000000000000000000000000000036
:10AA20000000000000000000000000000000000026
:10AA30000000000000000000000000000000000016
:10AA40000000000000000000000000000000000006
:10AA500000000000000000000000000000000000F6
:10AA600000000000000000000000000000000000E6
:10AA700000000000000000000000000000000000D6
:10AA800000000000000000000000000000000000C6
:10AA900000000000000000000000000000000000B6
:10AAA00000000000000000000000000000000000A6
:10AAB0000000000000000000000000000000000096
:10AAC0000000000000000000000000000000000086
:10AAD0000000000000000000000000000000000076
:10AAE0000000000000000000000000000000000066
:10AAF0000000000000000000000000000000000056
:10AB00000000000000000000000000000000000045
:10AB1000000000000038003FC00FC008C00F003F19
:10AB2000003800000000000000000000C03FC03FEF
:10AB3000402240224022403E001C00000000000055
:10AB400000000000C03FC03F40224022C03F801DA7
:10AB5000000000000000000000000000C03FC03FF7
:10AB60004000400040000000000000000000000025
:10AB7000000000000030803FC01F4010C01FC03FD9
:10AB80000030000000000000000000000000C03F96
:10AB9000C03F402240224022000000000000000090
:10ABA000000000004020C03C801F0002C03FC03FAA
:10ABB0000002801FC03C4020000000008010C03018
:10ABC00040224022C03F801D000000000000000025
:10ABD00000000000C03FC03F001C8003C03FC03FDA
:10ABE000000000000000000000000000C03FC03F67
:10ABF000001C8003C03FC03F0000000000000000B8
:10AC000000000000C03FC03F0002801FC03C402049
:10AC10000000000000000000000000000020C03F15
:10AC2000C01F40004000C03FC03F000000000000C7
:10AC300000000000C03FC03F0003000E000E0003F4
:10AC4000C03FC03F0000000000000000C03FC03F08
:10AC500000020002C03FC03F0000000000000000F2
:10AC600000000000000F801FC0304020C030801F57
:10AC7000000F00000000000000000000C03FC03FC7
:10AC8000400040004000C03FC03F00000000000006
:10AC900000000000C03FC03F40044004C0078003E4
:10ACA000000000000000000000000000000F801FF6
:10ACB000C03040204020C030801000000000000064
:10ACC0000000000040004000C03FC03F4000400086
:10ACD000000000000000000000000000C000C023D1
:10ACE000003F001EC007C00100000000000000007F
:10ACF00000000000000F8010C03FC03F8010000F18
:10AD0000000000000000000000000000C030C0395A
:10AD1000000F000FC039C03000000000000000002C
:10AD200000000000C03FC03F00200020C03FC03FE7
:10AD300000E000000000000000000000C003C007A9
:10AD4000000400040004C03FC03F000000000000F9
:10AD500000000000C03FC03F00200020C03FC03FB7
:10AD600000200020C03FC03F00000000C03FC03FA7
:10AD700000200020C03FC03F00200020C03FC03F57
:10AD80000060000040004000C03FC03F00220022A1
:10AD90000022003E001C000000000000C03FC03F39
:10ADA0000024002400180000C03FC03F0000000045
:10ADB00000000000C03FC03F002200220022003EF1
:10ADC000001C0000000000000000000000098019C5
:10ADD000C0304022C032801F000F00000000000081
:10ADE00000000000C03FC03F0006801F4020402000
:10ADF000801F0000000000000000000000208033E1
:10AE0000C01F400C4004C03FC03F000000000000D5
:10AE100000000000000C401240124012801F000091
:10AE2000000000000000000000000000E00F5010D3
:10AE3000481048104810880F000000000000000073
:10AE400000000000C01F401240124012800D0000A0
:10AE5000000000000000000000000000C01F4000D3
:10AE60004000400000000000000000000000000062
:10AE7000000000000030001CC0134010C01F003054
:10AE8000000000000000000000000000800F4012E1
:10AE9000401240124012800B000000000000000031
:10AEA000000000004010400880050002C01F0002A2
:10AEB00080054008401000000000000040104012D3
:10AEC0004012800D000000000000000000000000A3
:10AED00000000000C01F0008000400038000C01F25
:10AEE000000000000000000000000000C01F080873
:10AEF000100410038800C01F0000000000000000C4
:10AF000000000000C01F0002000380044008401041
:10AF10000000000000000000000000000010C00F52
:10AF2000400040004000C01F000000000000000082
:10AF300000000000C01FC000000300040003C000A8
:10AF4000C01F00000000000000000000C01F000241
:10AF5000000200020002C01F00000000000000000C
:10AF600000000000800F4010401040104010800F83
:10AF7000000000000000000000000000C01F4000B2
:10AF8000400040004000C01F000000000000000022
:10AF900000000000C03F8010401040104010800FA3
:10AFA000000000000000000000000000800F4010C2
:10AFB00040104010401000000000000000000000A1
:10AFC0000000000040004000C01F400040000000A2
:10AFD000000000000000000000000000C0000007AA
:10AFE00000380007C0000000000000000000000062
:10AFF00000000000800F401040104010F83F40104B
:10B0000040104010800F0000000000004010800D34
:10B010000002800D40100000000000000000000051
:10B0200000000000C01F001000100010C01F003002
:10B03000000000000000000000000000C003000449
:10B0400000040004C01F0000000000000000000019
:10B0500000000000C01F00100010C01F00100010F2
:10B06000C01F00000000000000000000C01F001012
:10B070000010C01F00100010C01F003000000000B2
:10B080000000000040004000C01F00120012000C31
:10B09000000000000000000000000000C01F0012BF
:10B0A00000120012000C0000C01F00000000000091
:10B0B00000000000C01F001200120012000C00006F
:10B0C00000000000000000000000000040104012DE
:10B0D0004012800A0007000000000000000000008D
:10B0E00000000000C01F0002800F40104010401000
:10B0F0004010800F000000000000000000108009D8
:10B10000400640024002C01F000000000000000096
:10B11000000000000000000000000000000000002F
:10B120000000000000000000000000000007E00731
:10B13000F8011801F801E0070007F807F8074804CC
:10B140004804C80780030000F807F80748044804CB
:10B15000F807B0030000F807F80708000800080027
:10B16000000000000007F807F8010801F801F807DF
:10B170000007F807F80748044804480400000000E6
:10B1800008043807F003C000F807F807C0000804F7
:10B19000480448044804F807B0030000F807800397
:10B1A000C001E00070003800F807F8078103C20111
:10B1B000E20072003900F807F807F807C000F00352
:10B1C0003807080400000004F807F8030800080026
:10B1D000F807F807F807F807E0008001E000F80733
:10B1E000F807F807F807400040004000F807F807A4
:10B1F000F003F807080408040804F807F003F80748
:10B20000F807080008000800F807F807F807F8072B
:10B2100088008800F80070000000F003F8070804B8
:10B22000080408040804000008000800F807F807EC
:10B2300008000800000018007806E0068003E0011E
:10B2400078001800E001F0031002F807F807100278
:10B25000F00318063807E001E0013807180600007F
:10B26000F807F807000400040004F807F81F780046
:10B27000F800800080008000F807F807F807F8075A
:10B2800000040004F807F8070004F807F8070004B2
:10B290000004F807F807000408000800F807F8079A
:10B2A00040044004C007F807F80740044004C00702
:10B2B00080030000F807F80740044004C00780033B
:10B2C00000000804480448044804F807F00300009C
:10B2D000F807F80740004000F003F80708040004EE
:10B2E0007006F80388018800F807F8070003A00734
:10B2F000A004A004E007C0070000F003F8072C0436
:10B300002404E407C4030000E007E007A004A0044D
:10B31000E00740030000E007E007200020002000D5
:10B3200000000000001C001EE007E0052004E0070C
:10B33000E01FC003E007A004A004E004C004000074
:10B340002004E006C0030001E007E007000120043C
:10B35000A004A004E007400300000000E007E007AD
:10B3600000038001E007E0070000E407080388010C
:10B37000C800E40700000000E007E0078000C00309
:10B380006007200400000004E007E0032000E0075D
:10B39000E0070000E007E007C0000003C000E0078E
:10B3A000E007E007E00780018001E007E007000018
:10B3B000C003E00720042004E007C0030000E0070A
:10B3C000E00720002000E007E0070000E01FE01F8A
:10B3D00020042004E007C0030000C003E0072004AD
:10B3E000200420040000000020002000E007E00707
:10B3F0002000200000006000E019801F8007E001AD
:10B4000060000000C003E0072004FC1FFC1F2004B4
:10B41000E0076006E00780018001E00760060000A9
:10B42000E007E00700040004E007E01F001CE00064
:10B43000E00100010001E007E0070000E007E0078D
:10B440000004E007E0070004E007E007E00700046D
:10B45000E007E0070004E00720002000E007E00725
:10B46000800480048007E007E007800480048007F0
:10B4700000030000E007E007800480048007000369
:10B4800000002004A004A004E007C00300000000A6
:10B49000E007E00780008000C003E0072004C0044C
:10B4A000E00720032001E007E007000000FC7F0028
:10B4B000C0FFFF03F0FFFF0FF8FFFF1FFCFFFF3F80
:10B4C000FEFFFF7FFE01807F3F0000FC1F0000F8B1
:10B4D0001F0000F81F0000F81F0000F83F0000FCEC
:10B4E000FE01807FFEFFFF7FFCFFFF3FF8FFFF1F95
:10B4F000F0FFFF0FC0FFFF0300FC3F00001F000034
:10B50000801F0000800F0000C00F0000C007000077
:10B51000E0070000F0030000F8010000FEFFFFFF5D
:10B52000FFFFFFFFFFFFFFFFFFFFFFFFFFFFFFFF2B
:10B53000FFFFFFFF0000000000000000000000000F
:10B54000000000000000000000000000000000E01B
:10B55000800100F8F00300FEF80300FFFC03C0FFC9
:10B56000FE03E0FFFE03F0FF7F00F8FF3F00FCFF5B
:10B570001F00FEFD1F00FFFC1F807FFC3FE03FFC23
:10B580007FF01FFCFEFF0FFCFEFF07FCFCFF03FC2F
:10B59000FCFF00FCF07F00FCC00F00FC00008001FD
:10B5A000C0008007F000C01FF800C03FFC01C07F52
:10B5B000FE01C07FFE01007F7F0000FC3FE001F83C
:10B5C0001FF001F81FF001F81FF801F83FFC03FC21
:10B5D000FEFF077EFEFFFF7FFCBFFF3FFC9FFF3F9C
:10B5E000F00FFF1FE003FE070000F8010000F0036A
:10B5F0000000F8030000FE030080FF0300C0FF030B
:10B6000000F0FF0300FCEF0300FEE30380FFE00314
:10B61000E07FE003F01FE003FC07E003FFFFFFFF14
:10B62000FFFFFFFFFFFFFFFFFFFFFFFFFFFFFFFF2A
:10B63000FFFFFFFF0000E0030000E00300008001C7
:10B6400000C0800700FCC11FC0FFC13FFCFFC13F1D
:10B65000FFFFC17FFFFF017FFFFF00FCFFFF00FC3A
:10B660007F7800F83F7C00F83F7C00F83F7C00FCCE
:10B670003FFC00FC3FFC037F3FF8FF7F3FF8FF3FAC
:10B680003FF0FF1F3FE0FF0F3FC0FF0700FC3F0000
:10B69000C0FFFF03F0FFFF0FF8FFFF1FFCFFFF3F9E
:10B6A000FEFFFF7FFEC0077F3FE003FC1FF001F8B5
:10B6B0001FF001F81FF001F81FF001F87FF003FC04
:10B6C000FFF107FEFEE1FF7FFEE1FF7FFCC1FF3FD0
:10B6D000F080FF1FC000FF0F0000FC013F000000D2
:10B6E0003F0000003F0000003F0000F83F00C0FFA7
:10B6F0003F00F8FF3F00FEFF3FC0FFFF3FF0FFFFAE
:10B700003FF8FF073FFE3F003FFF0700FFFF00003D
:10B71000FF3F0000FF0F0000FF070000FF010000D7
:10B72000FF0000007F0000001F0000000000F80381
:10B73000E007FE0FF80FFF1FFC9FFF3FFEBFFF7FDC
:10B74000FEFFFF7FFFFF077E3FF803FC1FF001F8BD
:10B750001FF001F81FF001F81FF001F83FF803FC9B
:10B76000FFFF07FEFEFFFF7FFEBFFF7FFC9FFF3F47
:10B77000F80FFF1FE007FE0F0000F803803F0000F6
:10B78000F0FF0003F8FF010FFCFF833FFEFF877F00
:10B79000FEFF877F7FE08FFF3FC00FFE1F800FFC03
:10B7A0001F800FF81F800FF81F800FF83FC0077C25
:10B7B000FEE0037FFEFFFF7FFCFFFF3FF8FFFF1F60
:10B7C000F0FFFF0FC0FFFF0300FC3F000000007808
:10B7D000000000FC000000FC000000FC000000FC79
:10B7E00000000078000000000000000000000000E1
:10B7F0000000000000000000000000000000000049
:10B800000000000000000000000000000000000038
:10B8100000000000000000000000000000F83F00F1
:10B8200000FFFF01C0FFFF07E0FFFF0FF0FFFF1F5A
:10B83000F003801FF800003E7800003C7800003CD8
:10B840007800003C7800003CF800003EF003801FC8
:10B85000F0FFFF1FE0FFFF0FC0FFFF0700FFFF012A
:10B8600000F83F0000000000003C0000003E000027
:10B87000001E0000001F0000800F0000C00F00002D
:10B88000E0070000F0FFFF3FF8FFFF3FF8FFFF3F3A
:10B89000F8FFFF3FF8FFFF3F00000000000000003E
:10B8A0000000000000000000000000000000000098
:10B8B00000000000000000300007003EC007003F0D
:10B8C000E007C03FF007E03FF007F03FF801F83F26
:10B8D000F800FC3F78007E3E78003F3E78803F3E97
:10B8E00078C01F3EF8E00F3EF0FF073EF0FF033E3A
:10B8F000E0FF013EC07F003E001F003E0000000050
:10B90000000080010001C007C003C00FE003C00FAA
:10B91000F003C01FF003001FF800003E78C0013C98
:10B9200078E0013C78E0013C78F0013CF8F8033E17
:10B93000F0FF071FF0FFFF1FE0BFFF0FC01FFF0753
:10B94000800FFE030000F800000000000000F0017E
:10B950000000F8010000FE010000FF0100C0FF012F
:10B9600000E0EF0100F8E30100FEE101007FE001EB
:10B97000C01FE001E00FE001F8FFFF3FF8FFFF3FCD
:10B98000F8FFFF3FF8FFFF3FF8FFFF3F0000E00137
:10B990000000E0010000E001000080010080C1071C
:10B9A00000FCC30FE0FFC31FF8FFC31FF8FF033FF6
:10B9B000F8FF013EF8E7003CF8F0003CF8F0003CEE
:10B9C000F8F0003CF8F0013EF8F0031FF8E0FF1F2C
:10B9D000F8E0FF0FF8C0FF07F880FF030000FE004B
:10B9E0000000000000F83F0000FFFF01C0FFFF075C
:10B9F000E0FFFF0FE0FFFF1FF0E1831FF8E0013ED3
:10BA000078F0003C78F0003C78F0003C78F0003CA6
:10BA1000F8F0013EF8F3031FF0E3FF1FE0C3FF0F50
:10BA2000C0C3FF0F0003FF030000FC000000000084
:10BA3000F8000000F8000000F8000000F800000026
:10BA4000F800003EF800E03FF800FC3FF800FF3F40
:10BA5000F8C0FF3FF8F0FF01F8FC1F00F8FE0300FC
:10BA6000F87F0000F81F0000F80F0000F803000046
:10BA7000F8010000F8000000000000000000F801DC
:10BA8000800FFE07E03FFF0FE0BFFF0FF0FFFF1F3B
:10BA9000F8FF071FF8F0033E78E0013C78E0013C36
:10BAA00078E0013C78E0013CF8F0033EF0FF073F0E
:10BAB000F0FFFF1FE0BFFF1FE01FFF0F800FFE071B
:10BAC0000000F80100000000007E000080FF8101FE
:10BAD000E0FF8707E0FF870FF0FF8F1FF0819F3F98
:10BAE000F8001F3E78001E3C78001E3C78001E3C8B
:10BAF00078001E3CF8000F3EF0830F1FF0FFFF0F91
:10BB0000E0FFFF0FC0FFFF0700FFFF0100F83F004D
:10BB1000000000000000001C0000003E0000003E8D
:10BB20000000003E0000001C0000000000000000BB
:10BB30000000000000000000000000000000000005
:10BB400000000000000000000000000000000000F5
:10BB500000000000000000000000000000000000E5
:10BB6000000000000000000000000000C0C0000055
:10BB70000000000000000000C0300C0300000000C6
:10BB8000000000006C6C00000000000000000000DD
:10BB9000060909C6300C639090600000E0FC3F236A
:10BBA0003FFCE00000000000FFFF8989FF760000F5
:10BBB000000000003C7EC38181C342000000000001
:10BBC000FFFF8181FF7E000000000000FFFF8989E8
:10BBD0008900000000000000FFFF090909000000C3
:10BBE000000000003C7EC38191F372000000000061
:10BBF000FFFF0808FFFF000000000000FFFF00003B
:10BC0000000000000000000040C080FF7F00000036
:10BC100000000000FFFF183EF7C100000000000018
:10BC2000FFFF80808080000000000000FFFF0F7C8D
:10BC3000E07C0FFFFF000000FFFF0C30FFFF000063
:10BC4000000000003C7EC381C37E3C000000000079
:10BC5000FFFF11111F0E0000000000003C7EC3A179
:10BC6000C3FE3C0000000000FFFF11317FCE8000CA
:10BC7000000000004ECF9999F37200000000000010
:10BC80000101FFFF01010000000000007FFF808034
:10BC9000FF7F000000000000033FFCC0FC3F0300EA
:10BCA00000000000033FFCE03E073EE0FC3F0300D5
:10BCB000C3E73C3CE7C3000000000000030FF8F8B6
:10BCC0000F03000000000000C1E1B99D8783000060
:10BCD000000000007EFF8100000000000000000066
:10BCE000033CC000000000000000000081FF7E0057
:10BCF0000000000000000000080E030E0800000015
:10BD00000000000000000000000000000000000033
:10BD100001030200000000000000000068F494FC31
:10BD2000F800000000000000FFFF8484FC780000A1
:10BD30000000000078FC84CC4800000000000000F7
:10BD400078FC8484FFFF00000000000078FC9494DD
:10BD5000DC5800000000000004FEFF0501000000A8
:10BD60000000000078FC8484FCFC0000000000005F
:10BD7000FFFF0404FCF8000000000000FDFD0000CF
:10BD80000000000000000000FDFD000000000000B9
:10BD900000000000FFFF3078EC840000000000008D
:10BDA000FFFF00000000000000000000FCFC040495
:10BDB000FCFC0404FCF80000FCFC0404FCF800009B
:10BDC0000000000078FC8484FC7800000000000083
:10BDD000FCFC8484FC7800000000000078FC848473
:10BDE000FCFC000000000000FCFC0404000000005B
:10BDF0000000000058DCB4B4EC6800000000000053
:10BE0000047EFF8400000000000000007CFC8080B5
:10BE1000FCFC0000000000003CFCC0FC3C000000FA
:10BE2000000000001CFCE0781C78E0FC1C00000016
:10BE3000CCFC30FCCC00000000000000043CF8C04A
:10BE4000F83C040000000000C4E4B49C8C00000036
:10BE50000000000002D3D90F06000000000000001F
:10BE600030300000000000000000000032292926C8
:10BE70000000000000000000181818181818000032
:10BE800000000000000000000000000000000000B2
:10BE90000000000000000000000000000038003F2B
:10BEA000C00FC008C00F003F0038000000000000B5
:10BEB00000000000C03FC03F40224022C03F801D24
:10BEC000000000000000000000000000000F801FC4
:10BED000C03040204020C030801000000000000032
:10BEE00000000000C03FC03F40204020C03F801FF6
:10BEF000000000000000000000000000C03FC03F44
:10BF0000402240224022000000000000000000000B
:10BF100000000000C03FC03F40024002400200005D
:10BF2000000000000000000000000000000F801F63
:10BF3000C03040204024C03C801C000000000000B5
:10BF400000000000C03FC03F00020002C03FC03FF1
:10BF5000000000000000000000000000C03FC03FE3
:10BF600000000000000000000000000000000000D1
:10BF700000000000001000300020C03FC01F000083
:10BF8000000000000000000000000000C03FC03FB3
:10BF90000006800FC03D403000000000000000009F
:10BFA00000000000C03FC03F002000200020002013
:10BFB000000000000000000000000000C03FC03F83
:10BFC000C003001F0038001FC003C03FC03F000077
:10BFD00000000000C03FC03F0003000CC03FC03F56
:10BFE000000000000000000000000000000F801FA3
:10BFF000C0304020C030801F000F00000000000053
:10C0000000000000C03FC03F40044004C007800360
:10C01000000000000000000000000000000F801F72
:10C02000C0304028C030803F004F000000000000BA
:10C0300000000000C03FC03F4004400CC01F8033E0
:10C040000020000000000000000000008013C0334A
:10C0500040264026C03C801C00000000000000007C
:10C060000000000040004000C03FC03F40004000D2
:10C07000000000000000000000000000C01FC03FE2
:10C0800000200020C03FC01F000000000000000092
:10C0900000000000C000C00F003F0030003FC00F94
:10C0A000C00000000000000000000000C000C00F41
:10C0B000003F0038800FC001800F0038003FC00FE4
:10C0C000C0000000C030C039000F000FC039C030C0
:10C0D000000000000000000000000000C000C003DD
:10C0E000003E003EC003C000000000000000000051
:10C0F0000000000040304038402E4027C021C020C2
:10C1000000000000000000000000000000300030CF
:10C11000000000000000000000000000000000001F
:10C1200000000000C0034002C033000C0003C03C0C
:10C130000024003C0000000000000000000800088F
:10C1400000080000000000000000000000000000E7
:10C150000000000000000080FF01F0FF0FF8FF1F4B
:10C16000FCFF3F7E007E1E00781E00781E00781EB9
:10C1700000787E007EFCFF3FF8FF1FF0FF0F80FF7E
:10C1800001000000000000800700C00300C00300A1
:10C19000E00100F00100F80000FEFF7FFEFF7FFEDF
:10C1A000FF7FFEFF7F000000000000000000000095
:10C1B00000000000000000E00060F80078FC007E55
:10C1C000FC007F3E807F1EC07F1EE07B1EF0791E3C
:10C1D000F8783E7C78FC3F78FC1F78F80F78E00315
:10C1E00078000000000000600007F8000FFC001F4E
:10C1F000FC003F3E007C1E1C781E1C781E1C783EF6
:10C200001E78FC3F7CFCF73FF8F31FE0E11F00C005
:10C210000700000000000000C00700E00700F8076A
:10C2200000FC07009F07808F07E08707F08107F871
:10C230008007FEFF7FFEFF7FFEFF7FFEFF7F008007
:10C2400007008007000000001C07F03F0FFE3F1FA3
:10C25000FE3F3FFE1F7E1E0F7C1E0F781E0F781EB6
:10C260000F781E1F7C1E1F3E1EFE3F1EFC1F1EF869
:10C270000F00F00300000080FF01E0FF0FF8FF1F38
:10C28000FCFF3F7C3C3C3E1E781E1E781E1E781E26
:10C290001E783E3E7C7CFC3F7CFC3F78F81F60E0D3
:10C2A000070000000000001E00001E00001E00002D
:10C2B0001E007C1E807F1EF07F1EFC7F1EFF03DEA3
:10C2C0003F00FE0700FE01007E00003E00001E0051
:10C2D00000000000000000F0C107F8E31FFCF73F7A
:10C2E000FCFF3F1E3E780E1C700E1C700E1C700E64
:10C2F0001C701E3E78FCFF3FFCF73FF8E31FF0C1C7
:10C3000007000000000000E00706F81F1EFC3F3E8B
:10C31000FC3F7E3E7C7C1E78781E78781E78781EE6
:10C32000787C3C3C3EFCFF3FF8FF1FF0FF0F80FF96
:10C3300003000000000030000078000078000030AA
:10C3400000000000000000000000000000000000ED
:10C3500000000000000000000000000000000000DD
:10C3600000000000000000000000000000000000CD
:10C3700000000000000000000000000000000000BD
:10C3800000000000000000000000000000000000AD
:10C39000000000000600007E0000FE0300FE3F00DB
:10C3A000FEFF03E0FF1F00FC7F00C07F00807F00D6
:10C3B000FC7FC0FF1FFCFF03FE3F00FE03007E006A
:10C3C00000060000FEFF7FFEFF7FFEFF7FFEFF7F77
:10C3D0000000780000780000780000780000780005
:10C3E000007800007800007800007800000000006D
:10C3F00000000000EB3C904D53444F53352E30006D
:10C4000008010200014000007DF801003F00FF002C
:10C4100000000000007D0000000029611F12444E52
:10C420004F204E414D45202020204641543136209A
:10C43000202033C98ED1BCF07B8ED9B800208EC0AD
:10C44000FCBD007C384E247D248BC199E83C0172F0
:10C450001C83EB3A66A11C7C26663B07268A57FCA8
:10C46000750680CA0288560280C31073EB33C98AEE
:10C47000461098F7661603461C13561E03460E1305
:10C48000D18B7611608946FC8956FEB82000F7E60C
:10C490008B5E0B03C348F7F30146FC114EFE61BFF0
:10C4A0000000E8E600723926382D741760B10BBE23
:10C4B000A17DF3A66174324E740983C7203BFB72E1
:10C4C000E6EBDCA0FB7DB47D8BF0AC9840740C48AF
:10C4D0007413B40EBB0700CD10EBEFA0FD7DEBE6AF
:10C4E000A0FC7DEBE1CD16CD19268B551A52B0017B
:10C4F000BB0000E83B0072E85B8A5624BE0B7C8BD5
:10C50000FCC746F03D7DC746F4297D8CD9894EF2A3
:10C51000894EF6C606967DCBEA030000200FB6C80A
:10C52000668B46F86603461C668BD066C1EA10EB44
:10C530005E0FB6C84A4A8A460D32E4F7E20346FC6B
:10C540001356FEEB4A525006536A016A10918B460D
:10C5500018969233D2F7F691F7F64287CAF7761A11
:10C560008AF28AE8C0CC020ACCB80102807E020EB0
:10C570007504B4428BF48A5624CD136161720B406A
:10C58000750142035E0B497506F8C341BB000060AC
:10C59000666A00EBB04E544C4452202020202020EC
:10C5A0000D0A52656D6F7665206469736B73206F39
:10C5B00072206F74686572206D656469612EFF0D6D
:10C5C0000A4469736B206572726F72FF0D0A5072B4
:10C5D00065737320616E79206B657920746F2072AA
:10C5E0006573746172740D0A00000000000000ACF5
:10C5F000CBD855AAE0FC3F233FFCE0000000000040
:10C60000FFFF898989F9700000000000FFFF898918
:10C61000FF76000000000000FFFF010101000000A4
:10C6200000000000C0FE7F417FFFC000000000004E
:10C6300000FFFF89898900000000000081F37E0867
:10C64000FFFF087EF381000042C38989FF76000066
:10C6500000000000FFFF700EFFFF00000000000060
:10C66000FEFE700EFEFE000000000000FFFF087ED0
:10C67000F38100000000000080FF7F0101FFFF0048
:10C6800000000000FFFF0C38380CFFFF0000000026
:10C69000FFFF0808FFFF0000000000003C7EC38190
:10C6A000C37E3C0000000000FFFF010101FFFF000E
:10C6B00000000000FFFF11111F0E0000000000002D
:10C6C0003C7EC38181C34200000000000101FFFFE6
:10C6D0000101000000000000038FFC781F0700002C
:10C6E000000000003C42FFFF423C00000000000050
:10C6F000C3E73C3CE7C30000000000007F7F4040F0
:10C700007F7FC000000000000F1F101010FFFF000F
:10C7100000000000FFFF8080FFFF8080FFFF00001F
:10C72000FFFF8080FFFF8080FFFF80000101FFFF8F
:10C73000888888F870000000FFFF909060FFFF007D
:10C7400000000000FFFF888888F8700000000000EB
:10C750002466C389CB7E3C0000000000FFFF187EEA
:10C76000C3C37E000000000080CE7F3111FFFF00B8
:10C7700000000000002040402000000000000000F9
:10C78000FCFC9494FC6800000000000063000700BB
:10C790006200070061000700600008005F000800F9
:10C7A0005E0008005D0008005C0008005B000800F7
:10C7B0005A000800590008005800080057000800F7
:10C7C00056000800550008005400090053000900F5
:10C7D0005200090051000900500009004F000A00F2
:10C7E0004E000B004D000B004C000B004B000B00EB
:10C7F0004A000B0049000C0048000C0047000C00E8
:10C8000046000D0045000D0044000D0043000D00E2
:10C8100042000E0041000E0040000E003F000F00DD
:10C820003E000F003D0010003C0010003B001100D6
:10C830003A001100390012003800120037001300CE
:10C8400036001300350014003400140033001500C6
:10C850003200160031001700300017002F001800BA
:10C860002E0019002D001A002C001B002B001C00AC
:10C870002A001E0029001F00280020002700220097
:10C88000260023002500260024002700230029007D
:10C8900022002B0021002E00200030001F0033005A
:10C8A0001E0036001D003A001C003D001B00420027
:10C8B0001A00460019004C001800520017005800DA
:10C8C00016006000150069001400730013007E005C
:10C8D00012008C0011009C001000AF000F00C60079
:10C8E0000E00E2000D0004010C0030010B00680195
:10C8F0000A00B1010900130208009D020700650348
:10C900000600990405009A0604004C0A030054121C
:10C910000200A82901004BAE02001220088038480E
:10C9200070470200042008803648704738B504007C
:10C930000D00E4B2002C05D12A0033493348F7F743
:10C940009AFE04E02A0030493048F7F794FE2E485A
:10C9500032BD38B504000D002A002B492C48F7F7EA
:10C960008AFE294832BD38B504000D001A202880FF
:10C9700000F02DF8274832BD38B504000D00E4B2B0
:10C98000002C05D12A0020492348F7F774FE04E063
:10C990002A001D492048F7F76EFE1B4832BD38B506
:10C9A00004000D00E4B2002C05D12A0016491B48F2
:10C9B000F7F761FE04E02A0013491848F7F75BFE19
:10C9C000114832BD02000C2008801548704770B530
:10C9D0001448006804001448006805001348006803
:10C9E00006003419002C09D008221149200000F05B
:10C9F00023F804220F49280000F01EF870BD000043
:10CA000028020020B80200203C34002060FB0A0805
:10CA100090F50A08340100209CF50A08D8E70A08B6
:10CA2000540200209075FF1F9475FF1F9875FF1F1B
:10CA3000360100204601002030B4002300242300EA
:10CA40001C001500E4B2EDB2AC4215D2040F0A2C62
:10CA500005D2040F3034DBB201F8134004E0040FB8
:10CA60003734DBB201F8134000010024DBB201EBE4
:10CA700043056C705B1CE3E730BC7047005EBCE2B2
:10CA8000613FDD83C29C7E20A3FD1F419DC3217FAA
:10CA9000FCA2401E5F01E3BD3E6082DC237D9FC19E
:10CAA000421CFEA0E1BF5D0380DE3C62BEE0025C92
:10CAB000DF81633D7C22C09E1D43A1FF4618FAA47E
:10CAC00027799BC584DA3866E5BB5907DB8567396A
:10CAD000BAE406581947A5FB7826C49A653BD9875E
:10CAE000045AB8E6A7F91B45C6987A24F8A6441A52
:10CAF00099C7257B3A6486D85B05E7B98CD2306E3E
:10CB0000EDB3510F4E10F2AC2F7193CD114FADF329
:10CB1000702ECC92D38D6F31B2EC0E50AFF1134D1D
:10CB2000CE90722C6D33D18F0C52B0EE326C8ED011
:10CB3000530DEFB1F0AE4C1291CF2D73CA947628FD
:10CB4000ABF517490856B4EA6937D58B5709EBB5E9
:10CB500036688AD495CB2977F4AA4816E9B7550BDD
:10CB600088D6346A2B7597C94A14F6A8742AC896D1
:10CB7000154BA9F7B6E80A54D7896B35801FC03F1B
:10CB80004020C03F801F00000000000000000000A7
:10CB90000000000000038001C03FC03F0000000013
:10CBA0000000000000000000000000008030C038DD
:10CBB000402CC0278023000000000000000000007F
:10CBC000000000008010C0304022C03F801D0000E7
:10CBD000000000000000000000000000000C000B3E
:10CBE0008008C03FC03F00080000000000000000B7
:10CBF000000000000017C033C022403E401C00006F
:10CC0000000000000000000000000000801FC03F86
:10CC10004022C03E801C0000000000000000000018
:10CC2000000000004000403C403FC003C000000046
:10CC3000000000000000000000000000801DC03F58
:10CC40004022C03F801D00000000000000000000E6
:10CC5000000000008013C0374024C03F801F000048
:10CC600000000000000000000000000042470075C6
:10CC7000006900640000000F00FFFFFFFFFFFFFFDF
:10CC8000FFFFFFFFFFFF0000FFFFFFFF0149006EF6
:10CC9000006400650078000F00FF65007200560018
:10CCA0006F006C00750000006D006500494E444542
:10CCB00058457E3120202020004E9878000000004A
:10CCC000000099782D522A014C00000042740000A7
:10CCD00000FFFFFFFFFFFF0F00CEFFFFFFFFFFFF83
:10CCE000FFFFFFFFFFFF0000FFFFFFFF01570050A6
:10CCF000005300650074000F00CE740069006E00E0
:10CD0000670073002E000000640061005750534517
:10CD100054547E31444154200013977800000000A1
:10CD2000000098782D522B010C000000010000201B
:10CD3000704703004FF4FA4008604FF40060108021
:10CD4000002070470100002070470100002070475C
:10CD5000F8B504000D0016001F00002E06D12A00B1
:10CD600000212000C0B2FBF7C3FC0EE02A00310016
:10CD70002000C0B2FBF7BCFC022E06D128680E4989
:10CD8000884202D17FF0070028600020F2BDF8B58C
:10CD900004000D0016001F00022E06D12868064967
:10CDA000884202D17FF00700286029003000FBF79D
:10CDB000FFF80020F2BD0000F8FFFF7F0020704761
:10CDC00098E20A087CFA0A088CFA0A088CF30A0826
:10CDD00098F30A085CE20A089CFA0A08BCF30A08FD
:10CDE000F8F30A0810F40A08D8E60A0884E20A08E8
:10CDF0001CF40A084CF40A0818E70A08ACFA0A08F6
:10CE000034F40A0864F40A087CF40A08B4FA0A083C
:10CE100094F40A08ACF40A08C4FA0A08D4FA0A0816
:10CE2000DCF40A08F4F40A08E4FA0A08ECFA0A083E
:10CE300078E70A08C0E20A08E8E20A087EFF81FFF4
:10CE40007E000C06FFFF0000C2E3B19F8E0042C3CC
:10CE500089FF7600302C22FFFF205CCF8BF9710018
:10CE60007EFF89FB720001F1FD0F030076FF89FF51
:10CE700076004EDF91FF7E00000000000000000001
:10CE800000000000000000000000000000000000A2
:10CE90000000000000000000000000000000000092
:10CEA0000000000000000000000000000000000082
:10CEB0000000000000F80F0000FF7F00C0FFFF012E
:10CEC000E0FFFF03F0FFFF07F8FFFF0FFC07F01F75
:10CED000FE01C03F7E00803F7E00003F3F00007E9D
:10CEE0001F00007E1F00007C1F00007C1F00007CD4
:10CEF0001F00007C1F00007C1F00007E3F00007EA2
:10CF00003E00003F7E00803FFC01C03FFC07F01F59
:10CF1000F8FFFF0FF0FFFF07E0FFFF03C0FFFF0177
:10CF200000FF7F0000F80F00010000000F0000006C
:10CF30007F000000FF030000FF1F0000FF7F0000D4
:10CF4000FEFF0300F0FF1F0080FFFF0000FCFF0753
:10CF500000E0FF1F0000FF7F0000F87F0000C07F9F
:10CF60000000007E0000C07F0000F87F0000FF7F0F
:10CF700000E0FF3F00FCFF0780FFFF00F0FF1F0005
:10CF8000FEFF0300FF7F0000FF1F0000FF03000003
:10CF90007F0000000F00000001000000FFFFFF7F86
:10CFA000FFFFFF7FFFFFFF7FFFFFFF7FFFFFFF7F91
:10CFB000FFFFFF7F0000007C0000007C0000007C81
:10CFC0000000007C0000007C0000007C0000007C71
:10CFD0000000007C0000007C0000007C0000007C61
:10CFE0000000007C0000007C0000007C0000007C51
:10CFF0000000007C000000000000000000000000B5
:10D000000000000000000000000000000000000020
:10D0100042200049006E0066006F000F007272002F
:10D020006D006100740069006F0000006E00000078
:10D0300001530079007300740065000F00726D00E9
:10D04000200056006F006C00750000006D00650048
:10D0500053595354454D7E3120202016001F977898
:10D060002D522D52000098782D5202000000000031
:10D07000322D28231E1E1E1919463C322D2823232B
:10D08000231E4B4137322D2828282350463C373267
:10D090002D2D2D28554B413C373232322D5A5046DA
:10D0A000413C373737325F554B46413C3C3C376457
:10D0B0005A504B464141413C695F55504B464646AC
:10D0C00041000000F80100FE0700FF0F00070E00FE
:10D0D000030C00070EC0FF0FF0FE07FCF8017F00F5
:10D0E000E00F00F80300FE00803F00E00F00FC812D
:10D0F0001F7FE07F1FF0FF0770E00130C00070E08D
:10D1000000F0FF00E07F00801F00000019E050F8F1
:10D11000041BCB0744BFA9F101035918121F0023B8
:10D12000042A41F8043BF9D25FEA827C0B4604D51D
:10D130004FF0000CA1F800C09B1CD10744BF002198
:10D14000197050F8042B002AE1D170472573252E61
:10D1500032642E252E32642E252E346420252E3264
:10D16000643A252E32643A252E3264222573253006
:10D1700031642E253031642E25303264223E000089
:10D180000000F80004010401040104010401040189
:10D190000401040104010401040104010401040167
:10D1A00004010401F800F800F8000000000000008D
:10D1B00020002000200030003000380038003C0003
:10D1C000FC03FE03FE01E001E000E00060006000FF
:10D1D000200020002000000020ED0A0890EC0A0842
:10D1E00054EC0A080100020000000000A71708081C
:10D1F00065200808BD100808E50B080800000000BD
:10D200000000000044ED0A0890EC0A0858EE0A08F5
:10D21000010101000000000089180808A1010808A8
:10D22000BD100808E50B0808000000000000000021
:10D2300054EC0A082CED0A0858EE0A080102100006
:10D2400000000000191D0808A1010808BD10080809
:10D25000E50B0808000000000000000044ED0A088B
:10D26000ACEB0A08B8EB0A08001820000000000028
:10D2700065030808A1010808A1010808A101080820
:10D28000110608080000000020ED0A08ACEB0A08AF
:10D29000B8EB0A0800192000000000006503080828
:10D2A000A1010808A1010808A10108081106080841
:10D2B0000000000060EC0A08C4EB0A08E8EB0A086A
:10D2C000010A200000000000770408084115080842
:10D2D000BD100808E50B0808110608080700000043
:10D2E00094EE0A08C4EB0A08E8EB0A0801142000CF
:10D2F000000000006503080889160808BD1008082A
:10D30000E50B0808110608080700000058EB0A089A
:10D31000C4EB0A08E8EB0A08010F20000000000037
:10D3200095030808391B0808BD100808E50B080814
:10D330001106080802000000C0EC0A08C4EB0A0845
:10D34000E8EB0A080113200000000000950308081C
:10D35000D31B0808BD100808E50B080811060808CB
:10D360000200000020ED0A08C4EB0A08E8EB0A08F6
:10D37000011520000000000011060808CD1708085C
:10D38000BD100808E50B0808110608080400000095
:10D3900044ED0A08C4EB0A08E8EB0A08011620006D
:10D3A0000000000011060808AD180808BD100808A4
:10D3B000E50B0808110608080400000054EC0A08F0
:10D3C000C4EB0A08E8EB0A0801172000000000007F
:10D3D00011060808051A0808BD100808E50B08081A
:10D3E00011060808040000007CEB0A08C4EB0A08D8
:10D3F000D0EB0A080112200000000000E1DC080860
:10D400003BDD0808D9DD080889DE08081106080890
:10D410000300000084EC0A08C4EB0A08D0EB0A08F9
:10D42000001E20000000000081070908030309080E
:10D430006D0309089D050908110608080000000091
:10D44000E4EC0A08C4EB0A08E8EB0A08012920000A
:10D4500000000000D7140808E9080908BD100808F2
:10D46000E50B08081106080802000000E4EC0A08B1
:10D47000C4EB0A08E8EB0A080128200000000000BD
:10D4800009150808A7190808BD100808E50B0808C1
:10D49000110608080200000084EC0A08C4EB0A0820
:10D4A000D0EB0A080022200000000000E51B09085C
:10D4B0004B170908B5170908E9190908E51B0908F8
:10D4C0000000000084EC0A08C4EB0A08D0EB0A084C
:10D4D0000020200000000000352A090879250908ED
:10D4E000E32509081F280908352A0908000000005B
:10D4F00084EC0A08C4EB0A08D0EB0A0800232000D9
:10D5000000000000417E0908A7790908117A09087E
:10D51000497C0908417E09080000000084EC0A08E3
:10D52000C4EB0A08D0EB0A08002420000000000029
:10D53000098E09086F890908D9890908118C090819
:10D54000098E090800000000E4EC0A08C4EB0A0890
:10D55000E8EB0A08012A2000000000001106080874
:10D560009D2B0908BD100808E50B080811060808DE
:10D570000200000088EE0A08C4EB0A08D0EB0A0893
:10D580000050200000000000930D0908B70B0908A7
:10D59000030C0908CB0C090811060808000000005C
:10D5A0009CEC0A081CEB0A0810EB0A080046200055
:10D5B00000000000ED890808218A0808A101080878
:10D5C000A10108081106080800000000ACEB0A08D9
:10D5D0001CEB0A0810EB0A080047200000000000BE
:10D5E000ED890808658A0808A1010808A101080852
:10D5F0001106080800000000FCEC0A08ACEB0A0861
:10D60000B8EB0A080032200000000000650308089B
:10D6100041730808A1010808A101080811060808BB
:10D6200000000000FCEC0A08ACEB0A08B8EB0A08A2
:10D63000003320000000000065030808417308085B
:10D64000A1010808A101080811060808000000004F
:10D65000FCEC0A08ACEB0A08B8EB0A08023420001C
:10D66000000000006789080869880808BD100808DC
:10D67000A10108081106080800000000FCEC0A08D7
:10D68000C4EB0A08E8EB0A08014F20000000000084
:10D69000C18C0808AD8A0808BD100808E50B080809
:10D6A0004173080803000000E4EC0A08C4EB0A0810
:10D6B000E8EB0A08012D200000000000E98C0808B2
:10D6C0005D8B0808BD100808E50B080841730808C1
:10D6D00002000000FCEC0A08ACEB0A08B8EB0A08F0
:10D6E0000035200000000000678908084173080821
:10D6F000A1010808A101080811060808000000009F
:10D70000FCEC0A08ACEB0A08B8EB0A08003620006B
:10D71000000000006789080841730808A101080893
:10D72000A10108081106080800000000FCEC0A0826
:10D73000ACEB0A0890EC0A08023704000000000075
:10D740006789080869880808A1010808538D080836
:10D750001106080800000000FCEC0A08C4EB0A08E7
:10D76000E8EB0A08014E200000000000C18C080808
:10D770009D8B0808BD100808E50B080841730808D0
:10D7800004000000E4EC0A08C4EB0A08E8EB0A080D
:10D79000012B200000000000138D0808858C08086C
:10D7A000BD100808E50B08084173080802000000D6
:10D7B000FCEC0A081CEB0A0810EB0A0800382000F1
:10D7C00000000000417308083D8D0808A101080809
:10D7D000A10108081106080800000000FCEC0A0876
:10D7E0001CEB0A0810EB0A080039200000000000BA
:10D7F000ED890808218A0808A1010808A101080884
:10D8000011060808000000005CED0A08C4EB0A08D5
:10D8100058EE0A08023A200000000000538D080864
:10D82000A1010808538D0808A1010808110608087D
:10D83000000000009CEC0A081CEB0A0810EB0A0828
:10D84000004820000000000039A7080881A7080848
:10D85000A1010808A101080811060808000000003D
:10D86000ACEB0A081CEB0A0810EB0A080049200080
:10D870000000000039A70808D7A70808A101080878
:10D88000A1010808110608080000000050ED0A0870
:10D89000ACEB0A08B8EB0A08003C200000000000CE
:10D8A00065030808858E0808A1010808A101080879
:10D8B000110608080000000050ED0A08ACEB0A0849
:10D8C000B8EB0A08003F20000000000065030808CC
:10D8D000858E0808A1010808A1010808110608089A
:10D8E0000000000050ED0A08ACEB0A08B8EB0A088B
:10D8F000003D20000000000065030808858E080830
:10D90000A1010808A101080811060808000000008C
:10D9100050ED0A08ACEB0A08B8EB0A08023E2000FA
:10D9200000000000B1A6080891A50808BD1008086D
:10D93000A1010808110608080000000050ED0A08BF
:10D94000C4EB0A08E8EB0A08014D200000000000C3
:10D95000F1A908081DA80808BD100808E50B08086B
:10D96000858E080803000000E4EC0A08C4EB0A08EE
:10D97000E8EB0A08012E200000000000BFAA0808FA
:10D98000C3A80808BD100808E50B0808858E08081C
:10D990000200000050ED0A081CEB0A0810EB0A0810
:10D9A000004320000000000039A7080881A70808EC
:10D9B000A1010808A10108081106080800000000DC
:10D9C00050ED0A08ACEB0A08B8EB0A080042200048
:10D9D00000000000B1A60808858E0808A10108080B
:10D9E000A1010808110608080000000050ED0A080F
:10D9F000ACEB0A08B8EB0A08004020000000000069
:10DA0000B1A60808858E0808A1010808A101080828
:10DA1000110608080000000050ED0A08ACEB0A08E7
:10DA200090EC0A080241080000000000B1A60808B6
:10DA300091A50808BD10080815AA080811060808CD
:10DA4000000000007CEE0A08ACEB0A0890EC0A0823
:10DA50000044200000000000B1A6080891A50808B5
:10DA6000A101080815AA080811060808000000000E
:10DA700050ED0A08C4EB0A08E8EB0A08014C200044
:10DA800000000000F1A90808F9A80808BD1008085E
:10DA9000E50B0808858E080804000000E4EC0A087D
:10DAA000C4EB0A08E8EB0A08012C20000000000083
:10DAB000E9AA0808AFA90808BD100808E50B08087E
:10DAC000858E08080200000050ED0A081CEB0A08C9
:10DAD00010EB0A08004520000000000039A70808E4
:10DAE00081A70808A1010808A10108081106080873
:10DAF000000000005CED0A08C4EB0A0858EE0A08B2
:10DB0000024B20000000000015AA0808A101080827
:10DB100015AA0808A1010808538D08080000000094
:10DB200068ED0A08C4EB0A08D0EB0A0800102000D0
:10DB30000000000033F6080893EE08085FEF0808BD
:10DB4000D1F20808110608080000000074ED0A0868
:10DB5000C4EB0A08E8EB0A08015A200000000000A4
:10DB600065030808E1AB0808BD100808E50B0808C4
:10DB7000110608080300000074ED0A08ACEB0A085F
:10DB800058EE0A08015B2000000000007DAC080888
:10DB9000A101080809AD08084FAD080811060808DA
:10DBA0000000000074ED0A08ACEB0A08D0EB0A088C
:10DBB000005C20000000000045DB0808A1D8080830
:10DBC000F5D8080825DA0808110608080000000042
:10DBD00034EB0A08ACEB0A0858EE0A0800112000E2
:10DBE0000000000095030808A1010808A101080829
:10DBF000A101080811060808000000004CEB0A0803
:10DC00001CEB0A0810EB0A08005D20000000000071
:10DC100065030808F91C0808A1010808A101080803
:10DC2000110608080000000040EB0A081CEB0A0877
:10DC300010EB0A08005E2000000000001D2C0908FF
:10DC4000F32B0908A1010808A1010808110608081A
:10DC500000000000A0EE0A081CEB0A0810EB0A08FE
:10DC6000005F2000000000007DAC080845DC0808CB
:10DC7000A1010808A10108087DAC08080000000007
:10DC800010B450F8041B79B10268436802440830AC
:10DC9000DC0744BFA9F10104E31852F8044B43F830
:10DCA000044B091FF9D1ECE710BC70473C3F786D7D
:10DCB0006C2076657273696F6E3D22312E302220A2
:10DCC000656E636F64696E673D225554462D382238
:10DCD0003F3E00007B32393341443632332D3644E7
:10DCE00033382D344436322D424636392D413945AC
:10DCF0003731313037463233317D000010B50749B6
:10DD000079441831064C7C44163404E00A68081D36
:10DD1000114488470146A142F8D110BD50000000CF
:10DD200070000000008002021F00000053544D20CC
:10DD30002020202050726F647563742020202020E2
:10DD400020202020302E30314EF68851CEF20001B6
:10DD5000086840F470000860BFF34F8FBFF36F8F07
:10DD60004FF00070E1EE100A70470000A1F3FFFFD2
:10DD7000E8350000DC0200200000000005FFFFFF86
:10DD8000DC020000341F0000000000200000000042
:10DD90000000000000000000000000000000000083
:10DDA0000000000000000000000000000000000073
:10DDB0000000000000000000000000000000000063
:10DDC0000000000000000000000000000000000053
:10DDD0000000000000000000000000000000000043
:10DDE0000000000000000000000000000000000033
:10DDF000F000F000900008010C03FC03FC0300009D
:10DE00009000600004020801F0000000F03FF03FC5
:10DE100000040004F007F007000400000000000008
:10DE2000000000000000000014ED0A0838ED0A08A8
:10DE3000F0EC0A0808ED0A0874ED0A0894EE0A08E6
:10DE400028EB0A087CEB0A0864EB0A0868ED0A086C
:10DE500058EB0A08C0EC0A0894EB0A0834EB0A08ED
:10DE6000F03FF03F00040004F007F007000400005A
:10DE7000000000000000000000000000F03FF03F44
:10DE800000040004F007F007000400000000000098
:10DE900000000000000000003C2F496E7374727592
:10DEA0006D656E74496E666F726D6174696F6E3EFA
:10DEB00000000000F03FF03F00040004F007F0070E
:10DEC000000400000000000000000000000000004E
:10DED0004400620052004C000000000000000000FE
:10DEE00000000000000000000000000000F00BF83F
:10DEF000002801D0FFF702FF0020AFF30080EBF70E
:10DF0000D1FD00F002F80120704700F001B80000D8
:10DF10000746384600F002F8FBE7000080B5AFF393
:10DF20000080024A11001820ABBEFBE72600020069
:10DF300000000000000000000000000000000000E1
:10DF400000000000000000000000000000000000D1
:10DF500000000000000000000000000000000000C1
:10DF600000000000000000000000000000000000B1
:10DF700000000000000000000000000000000000A1
:10DF80000000000000000000000000000000000091
:10DF90000000000000000000000000000000000081
:10DFA00000000000000000002076253031642E259E
:10DFB0003031642E25303264000000000000000083
:10DFC0000000000000002040000000000000894028
:10DFD000000000000088F340000000000000000086
:10DFE0000000000000000000000000000000000031
:10DFF0000000000000000000000000000000000021
:10E000000000000000000000000000000000000010
:10E010000000000000000000000000000000000000
:10E0200000000000000000000000000000000000F0
:10E0300000000000000000000000000000000000E0
:10E0400000000000000000000000000000000000D0
:10E0500000000000000000000000000000000000C0
:10E0600000000000000000000000000000000000B0
:10E0700000000000000000000000000000000000A0
:10E08000FE0702048207F207FE048E04FE04F20774
:10E0900082070204FE070000FE070204FE07FE07D7
:10E0A00026062606FE07DA050204FE070000000029
:10E0B000FE070204F204FA050E07060606060E071E
:10E0C0000A050204FE070000FE0702043A053E07A7
:10E0D00066066606CE07CA050204FE0700000000B9
:10E0E000FE070204FA05FA05320462043204FA0556
:10E0F000FA050204FE0700003C506172616D657410
:10E10000657273204D6F6469666965643D22000025
:10E110003C496E737472756D656E74496E666F728C
:10E120006D6174696F6E3E003C2F496E7374727539
:10E130006D656E7456657273696F6E3E0000000007
:10E140003C496E737472756D656E74506172616D69
:10E1500065746572733E00003C2F496E737472756E
:10E160006D656E74506172616D65746572733E00A9
:10E170003C2F496E746572666163654C616E6775AC
:10E180006167653E00000000000000000000000024
:10E19000000000000000000000000000000000007F
:10E1A000000000000000000000000000000000006F
:10E1B000000000000000000000000000000000005F
:10E1C000000000000000000000000000000000004F
:10E1D00000098019C039E079F0F9E079C039801977
:10E1E0000009000000018001C001E001F001E00130
:10E1F000C0018001000100003C496E737472756DAE
:10E20000656E74547970653E000000003C2F496EC5
:10E21000737472756D656E74547970653E0000009C
:10E220003C496E737472756D656E744D6F64656C88
:10E230003E0000003C2F496E737472756D656E74FC
:10E240004D6F64656C3E00003C496E737472756D71
:10E25000656E7456657273696F6E3E003C50726FE6
:10E2600063657373696E674D6F64653E00000000FF
:10E270003C2F50726F63657373696E674D6F646591
:10E280003E0000003C496E746572666163654C61D6
:10E290006E67756167653E003C4445525374617218
:10E2A000745072656669783E000000003C2F44455A
:10E2B0005253746172745072656669783E00000052
:10E2C0003C4D6F646966795468726573686F6C64FD
:10E2D000733E00003C2F4D6F646966795468726527
:10E2E00073686F6C64733E003C4C6966654578707A
:10E2F000656374616E63793E000000003C2F4C69D9
:10E300006665457870656374616E63793E000000F0
:10E310001C00FC00FC03C0FF00FFC0FFFC03FC006E
:10E320001C0000000348006850F4700001490860B8
:10E330007047000088ED00E00000000000000000D1
:10E3400000000000000000000000000000000000CD
:10E3500000000000000000000000000000000000BD
:10E360000000000000000000534F554E4420414C77
:10E3700041524D2024000000C7C2D3CA20D2D0C5CC
:10E38000C2CEC3C8202400005E4155544F46494CBC
:10E3900054455220202400005EC0C2D2CED4C8CB47
:10E3A000DCD2D02024000000D7C0D1D22F5BD1CC4A
:10E3B0007C3ED15D00000000D7C0D1D22F5BD1CC14
:10E3C0007C3ECCC8CD5D0000C5C42EC8C7CCC5D02E
:10E3D000C5CDC8DF00000000414C41524D205345DF
:10E3E0004152434800000000D2D0C5C2CEC3C02075
:10E3F000CFCEC8D1CA000000D2D0C5C2CEC3C02083
:10E40000C4CEC7C000000000D2D0C5C2CEC3C02059
:10E41000C0CBDCD4C0000000D2D0C5C2CEC3C02067
:10E42000C1C5D2C000000000434C454152204849BC
:10E4300053544F5259000000CED7C8D1D2CAC02081
:10E44000C8D1D2CED0C8C800424545502020202097
:10E450002020202400000000C7C2D3CA20C4C5D297
:10E46000C5CAD22E20240000F001F8030C030C03CF
:10E47000F801FC030C0204006CEC0A0884EC0A08A6
:10E4800088EE0A08E4EC0A08B8EE0A086CEC0A0800
:10E4900084EC0A08E4EC0A0878EC0A0890EC0A0814
:10E4A00084EC0A08E4EC0A086CEC0A08E4EC0A08BC
:10E4B00088EE0A0884EC0A086CEC0A08E4EC0A0806
:10E4C00088EE0A0884EC0A084F4E20544845205331
:10E4D0005552464143450000CDC020CFCEC2C5D0E5
:10E4E000D5CDCED1D2DC0000C8D1CFCECBDCC7CECB
:10E4F000C2C0D2DC00000000D1CED5D02E20235ED9
:10E50000D4CECD3F00000000235E4241434B475232
:10E510004F554E443F0000005341564520414E594F
:10E520005741593F000000004D4541535552454D5C
:10E53000454E5453000000004F4E20544845205390
:10E540005552464143450000CDC020CFCEC2C5D074
:10E55000D5CDCED1D2DC0000C8D1CFCECBDCC7CE5A
:10E56000C2C0D2DC000000005E4241434B47524F24
:10E57000554E443F000000005341564520414E593E
:10E580005741593F000000004D4541535552454DFC
:10E59000454E545300000000CFD0C8C1CED020C299
:10E5A000DBCACB2E00000000CFCECBDCC7CEC22E04
:10E5B000C7C0CFC8D1DC0000D4C8CBDCD2D020CEBD
:10E5C000D2CAD0DBD200000046494C544552204309
:10E5D0004C4F534500000000D4C8CBDCD2D020C73C
:10E5E000C0CAD0DBD20000004D4F44452043414C0F
:10E5F0004942522E00000000D0C5C6C8CC20CAC077
:10E60000CBC8C1D02E000000D2D0C5C2CEC3C0201E
:10E61000C7C0C22E00000000C4CEC7C020D2D0C5E3
:10E62000C2CEC3C000000000434C454152204849BF
:10E6300053544F5259000000CED7C8D1D2CAC0207F
:10E64000C8D1D2CED02E0000F001F8030C030C0389
:10E65000F801FC030C020400253031642E25303112
:10E66000642E253032640000416363756D756C6102
:10E67000746F7200000000003C2F506172616D6584
:10E68000746572733E0000003C4D616E7566616397
:10E6900074757265723E00003C2F4D616E75666147
:10E6A0006374757265723E003C496E737472756D69
:10E6B000656E7449443E00003C2F496E7374727558
:10E6C0006D656E7449443E003C2F466C7578416C14
:10E6D0007068613E000000003C446973706C6179B1
:10E6E0004F66663E000000003C2F446973706C6109
:10E6F000794F66663E0000003C2F4261636B6C6997
:10E700006768743E000000003C2F486973745469C8
:10E710006D65723E000000003C4175746F66696C67
:10E720007465723E000000003C2F4175746F66698D
:10E730006C7465723E0000003C5468726573686FCB
:10E740006C64733E000000003C2F5468726573686F
:10E750006F6C64733E0000003C43616C69627261DF
:10E7600074696F6E3E0000003C2F43616C696272F9
:10E770006174696F6E3E00003C4261636B67726F4B
:10E78000756E643E000000003C2F4261636B67724F
:10E790006F756E643E00000088E60A0820E20A08F1
:10E7A000A8E60A086CFA0A0801010100000000004E
:10E7B0000101010000000000010101010000000052
:10E7C0000101010100000000010100000000000043
:10E7D00000000000000000004D534320496E7465A6
:10E7E0007266616365000000014880470148004788
:10E7F00025E30A08A9F50A081F1C1F1E1F1E1F1F5C
:10E800001E1F1E1F504F574552204F464600000006
:10E81000C2DBCACBDED7C8D2DC000000524553456C
:10E820005420444F53450000D1C1D0CED120C4CE96
:10E83000C7DB00005455524E204F464600000000F2
:10E84000C2DBCACBDED7C5CDC8C500004C414E47A0
:10E8500055414745000000004241434B4C49474861
:10E8600054000000CFCEC4D1C2C5D2CAC00000003F
:10E8700053435245454E204F46460000DDCAD0C0A6
:10E88000CD20C2DBCACB0000434F4E5452415354FB
:10E8900000000000CACECDD2D0C0D1D2000000000E
:10E8A000524553455420535441542E00D1C1D0CE2B
:10E8B000D120D1D2C0D22E005448524553484F4C9B
:10E8C0004400000053455454494E47530000000093
:10E8D000CDC0D1D2D0CEC9CAC800000041434355F3
:10E8E0004D554C41544F5200C0CACAD3CCD3CBDF94
:10E8F000D2CED0004D454153555245204000000036
:10E90000C8C7CCC5D0C5CDC8C52040004D45415372
:10E910005552452023000000C8C7CCC5D0C5CDC87E
:10E92000C52023004D454153555245205E0000004F
:10E93000C8C7CCC5D0C5CDC8C5205E00444154452C
:10E940002054494D45000000C4C0D2C020C2D0C5EB
:10E95000CCDF0000414C41524D20444552000000A4
:10E96000D2D0C5C2CEC3C020CCDDC400414C415280
:10E970004D20444F53450000414C41524D20414CE5
:10E9800050484100414C41524D2042455441000005
:10E990004F564C20444F5345000000004F564C202A
:10E9A000C4CEC7C0000000004F564C205345415212
:10E9B000434800004F564C20CFCEC8D1CA000000BB
:10E9C0004F564C20414C5048410000004F564C20BF
:10E9D000C0CBDCD4C00000004F564C20424554410F
:10E9E00000000000535441542E2054485245530017
:10E9F000CFCED0CEC320D1D2C0D22E004348415278
:10EA00004745203525000000C7C0D0DFC42035258C
:10EA100000000000484953544F5259204F564C00B3
:10EA2000C8D1D2CED0C8DF204F564C00D1CED5D0E1
:10EA3000C0CDC5CDC8C500004445544543544F52D0
:10EA400000000000C4C5D2C5CAD2CED0000000006C
:10EA5000414C4C204556454E54530000C2D1C52070
:10EA6000D1CEC1DBD2C8DF00494E54455256414C8D
:10EA700000000000C8CDD2C5D0C2C0CB000000004D
:10EA8000535441542E54485245532E00D1D2C0D233
:10EA90002ECFCED0CEC300005241444D4554524FEC
:10EAA0004E000000D0C0C7D0DFC6C5CDC0000000FA
:10EAB000C7C0CAD0CEC9D2C500000000CED2CAD0CD
:10EAC000CEC9D2C500000000D1C1D0CED1C8D2DCA1
:10EAD00000000000CED7C8D1D2C8D2DC00000000B0
:10EAE0007800FE00FA03FA03FE007800C000C03F81
:10EAF000003E0007C00140000C001800E003E003E6
:10EB000018000C00F80FFC0F020112022C03C001C8
:10EB10000378FB0A08027CFB0A0800000280FB0A5B
:10EB2000080384FB0A0800000904E80A080910E841
:10EB30000A08000004B4F50A0804BCF50A0800003D
:10EB40000A1CE80A080A28E80A0800000834E80A4B
:10EB5000080A40E80A080000084CE80A0804C4F55E
:10EB60000A0800000D68E30A080E78E30A080000AE
:10EB70000958E80A080964E80A08000007CCF50A01
:10EB80000807D4F50A0800000A70E80A080A7CE8B9
:10EB90000A0800000E88E30A080D98E30A0800003E
:10EBA0000888E80A080894E80A08000004DCF50A66
:10EBB0000805E4F50A08000004ECF50A0805F4F578
:10EBC0000A08000004FCF50A080504F60A0800001B
:10EBD000060CF60A080614F60A080000061CF60AD7
:10EBE000080624F60A080000062CF60A080534F682
:10EBF0000A080000043CF60A080444F60A0800006B
:10EC0000054CF60A080554F60A080000055CF60AE9
:10EC1000080564F60A080000056CF60A080574F693
:10EC20000A0800000388FB0A08057CF60A080000B1
:10EC3000038CFB0A080784F60A080000078CF60A12
:10EC4000080CA8E30A0800000794F60A080EB8E3C7
:10EC50000A080000049CF60A0804A4F60A0800004A
:10EC600004ACF60A0804B4F60A0800000BA0E80A8F
:10EC7000080BACE80A0800000A1CE80A080A28E8A1
:10EC80000A08000009B8E80A0805BCF60A080000EE
:10EC900004C4F60A0806CCF60A08000004C4F60A02
:10ECA0000806D4F60A08000007DCF60A0807DCF6B6
:10ECB0000A08000007E4F60A0807E4F60A0800005C
:10ECC00005ECF60A0807F4F60A08000007FCF60A45
:10ECD000080704F70A0800000BDCE80A080BE8E85C
:10ECE0000A080000050CF70A080CC8E30A0800002F
:10ECF00009F4E80A080B00E90A080000043CF60AD7
:10ED0000080444F60A080000090CE90A080B18E98F
:10ED10000A0800000924E90A080B30E90A08000083
:10ED20000614F70A08051CF70A0800000614F70A7B
:10ED300008051CF70A0800000624F70A08052CF746
:10ED40000A0800000624F70A08052CF70A08000044
:10ED5000043CF60A080444F60A0800000434F70AE2
:10ED600008043CF70A080000093CE90A080A48E9D7
:10ED70000A0800000744F70A08074CF70A080000D1
:10ED80000554F70A08075CF70A0800000CD8E30AE4
:10ED9000080DE8E30A0800000954E90A080B60E9D5
:10EDA0000A0800000A6CE90A080CF8E30A080000E7
:10EDB0000B78E90A080D08E40A0800000A84E90A49
:10EDC000080C18E40A0800000764F70A08076CF743
:10EDD0000A0800000890E90A08089CE90A080000EF
:10EDE0000AA8E90A0809B4E90A08000009C0E90A02
:10EDF0000809CCE90A08000008D8E90A0808D8E997
:10EE00000A0800000BE4E90A080BF0E90A08000010
:10EE100009FCE90A080808EA0A0800000B14EA0AD3
:10EE2000080B20EA0A0800000674F70A080A2CEA10
:10EE30000A0800000838EA0A080844EA0A0800003C
:10EE40000A50EA0A080B5CEA0A0800000868EA0AA5
:10EE5000080874EA0A08000000472D090800472D39
:10EE6000090800000290FB0A080294FB0A0800004F
:10EE700001BAE0080801BE2C09080000077CF70A67
:10EE8000080784F70A0800000B80EA0A080A8CEADF
:10EE90000A08000008C4E80A0809D0E80A080000C7
:10EEA0000744F70A08074CF70A0800000D28E40A8F
:10EEB000080F38E40A0800000C48E40A080E58E479
:10EEC0000A080000058CF70A08058CF70A080000FC
:10EED00040EE0A084CEE0A08ACEE0A08A0EB0A085D
:10EEE00070EB0A0888EB0A08CED2CAD0CEC9D2C5C8
:10EEF0000000000054484520444556494345000061
:10EF0000D3D1D2C0CDCEC2C8D2C5000053415645E0
:10EF10004420235E42473F00D1CED5D0C0CDC8D2D9
:10EF2000DC0000005354415449535449430000004D
:10EF3000495320544F4F204249470000CFCEC3D001
:10EF4000C5D8CDCED1D2DC00C7C0C2C5D0D8C8D2BA
:10EF5000DC000000C8C7CCC5D0C5CDC8DF000000AC
:10EF6000CED2CAD0CEC9D2C500000000D3D1D2C003
:10EF7000CDCEC2C8D2C500005448452044455649AC
:10EF8000434500005341564544205E42473F000040
:10EF9000D1CED5D02E205ED4CECD3F00C7C0CAD0B2
:10EFA000CEC9D2C500000000D1CED5D0C0CDC8D2C8
:10EFB000DC000000535441544953544943000000BD
:10EFC000495320544F4F204249472E00CFCEC3D043
:10EFD000C5D8CDCED1D2DC00C7C0C2C5D0D8C8D22A
:10EFE000DC000000C8C7CCC5D0C5CDC8DF0000001C
:10EFF000444556494345204F4E000000CFD0C8C17C
:10F00000CED020C2CACB2E00444556494345204F9E
:10F010004646000055534220C2DBCACB0000000028
:10F02000434841524745203525000000C7C0D0DF86
:10F03000C420352500000000524553455420535448
:10F0400041542E00D1C1D0CED120D1D2C0D22E0079
:10F05000434841524745204F4E000000C7C0D0DF13
:10F06000C420C2CACB000000434841524745204F4C
:10F0700046460000C7C0D0DFC420C2DBCACB0000B8
:10F080005245432E5553455200000000524553450A
:10F090005420444F53450000D1C1D0CED120C4CE1E
:10F0A000C7DB000046494C544552204F50454E00A6
:10F0B0004D4F44452053454152434800D0C5C6C832
:10F0C000CC20CFCEC8D1CA00414C41524D20454E34
:10F0D00044000000444F534520414C41524D000034
:10F0E000444F5345204F564C00000000C4CEC7C0CB
:10F0F000204F564C000000004F564C20C7C0C22E77
:10F10000000000000C001800E003E00318000C00F1
:10F11000F80FFC0F020112022C03C0010524F90AAA
:10F1200008062CF90A08000009F0EF0A080BFCEFAA
:10F130000A0800000A08F00A080C98E50A0800000E
:10F140000734F90A08073CF90A0800000644F90ADE
:10F1500008074CF90A0800000754F90A080814F0D7
:10F160000A0800000920F00A08082CF00A0800002C
:10F170000B38F00A080B44F00A080000075CF90A93
:10F18000080464F90A0800000950F00A08095CF054
:10F190000A0800000A68F00A080A74F00A08000069
:10F1A0000880F00A080EA8E50A0800000A8CF00A98
:10F1B000080A98F00A0800000BA4F00A080DB8E548
:10F1C0000A0800000CC8E50A080DD8E50A08000086
:10F1D000066CF90A080774F90A080000067CF90AA7
:10F1E000080784F90A0800000CE8E50A080DF8E5AC
:10F1F0000A0800000BB0F00A080BBCF00A08000077
:10F20000068CF90A080794F90A080000059CF90A17
:10F210000807A4F90A08000009C8F00A080C08E663
:10F220000A0800000AD4F00A080C18E60A080000D0
:10F2300008E0F00A0808ECF00A08000003A0FB0A46
:10F240000803A0FB0A08000007ACF90A0808F8F058
:10F250000A08000006B4F90A0807BCF90A08000009
:10F2600006C4F90A0807CCF90A0800000D28E60AC6
:10F27000080E38E60A0800004657205645522E3A36
:10F28000000000004857205645522E3A000000006A
:10F29000C2C5D02ED3D1D2D02E3A000004D4F90A60
:10F2A0000804DCF90A0800000878F20A0807E4F903
:10F2B0000A0800000884F20A080A90F20A0800000E
:10F2C0005261646D6574726F6E0000007070732F10
:10F2D000636D32000000000070706D2F636D3200AE
:10F2E000000000005374616E6461727400000000DD
:10F2F00043616C6962724445520000004D61696E61
:10F300004D656E750000000044697361626C6500B4
:10F310000000000042617474657279000000000012
:10F32000456E676C69736800000000005275737366
:10F3300069616E00000000002573252E3864257376
:10F34000000000002573252E3266257300000000A2
:10F350002573252E33662573000000002573252EA6
:10F3600034662573000000002056657273696F6E65
:10F370003D2200003C2F4F776E65723E000000007A
:10F380003C2F556E6974733E000000003C466C755E
:10F3900078416C7068613E003C466C7578426574DB
:10F3A000613E00003C2F466C7578426574613E00FA
:10F3B0003C2F416C61726D3E000000003C436C6963
:10F3C000636B3E00000000003C2F436C69636B3EA2
:10F3D000000000003C2F536F756E643E000000007B
:10F3E0003C446973706C61793E0000003C2F4469B5
:10F3F00073706C61793E00003C436F6E7472617390
:10F40000743E00003C2F436F6E74726173743E0053
:10F410003C4261636B6C696768743E003C48697389
:10F420007454696D65723E003C2F506F7765723E73
:10F43000000000003C48564C6576656C3E000000BC
:10F440003C2F48564C6576656C3E00003C4869731D
:10F45000744C6F6F703E00003C2F486973744C6FA2
:10F460006F703E003C5448524445523E000000003C
:10F470003C2F5448524445523E0000003C536561C5
:10F480007263683E000000003C2F53656172636840
:10F490003E0000003C416C7068613E0000000000CE
:10F4A0003C2F416C7068613E000000003C42657476
:10F4B000613E0000000000003C2F426574613E0088
:10F4C000000000003C506F6C6963793E0000000052
:10F4D0003C2F506F6C6963793E0000003C416C70BA
:10F4E0006861303E000000003C2F416C7068613064
:10F4F0003E0000003C416C706861313E000000003D
:10F500003C2F416C706861313E0000003C2F426529
:10F510007461303E000000003C2F42657461313E52
:10F5200000000000446F73696D657465720000002F
:10F53000FC07FE07810009019601E0000C000000B5
:10F54000BE2674D183E9D694313430355020494EEB
:10F55000464F20005261646D6574726F6E0000004A
:10F56000000000000404043C3C000000000008000F
:10F57000000008000800000000000800000008006B
:10F580000000000000020406080A0C10140000002D
:10F590005261646D6574726F6E0000004D534320BC
:10F5A000436F6E6669670000AFF30080FEF7CCFB27
:10F5B000FEF79CFC494E464F00000000C8CDD4CE5B
:10F5C00000000000DFC7DBCA0000000044495350C0
:10F5D0004C415900C4C8D1CFCBC5C9004558495486
:10F5E00000000000C2DBD5CEC40000004E455854D8
:10F5F00000000000C4C0CBC5C50000004241434B21
:10F6000000000000CDC0C7C0C40000004348414E08
:10F6100047450000C7C0CCC5CDC0000043414E43A4
:10F62000454C0000CED2CCC5CDC0000053454C4562
:10F6300043540000C2DBC1CED00000004D45415311
:10F640000000000020C8C7CC00000000434C42521C
:10F6500031000000CACBC1D031000000434C4252FF
:10F6600032000000CACBC1D032000000434C4252ED
:10F6700033000000CACBC1D033000000C8CCCF2F6C
:10F68000D1000000C8CCCF2FCCC8CD005050532F94
:10F69000434D7C0050504D2F434D7C00444F53450B
:10F6A00000000000C4CEC7C0000000004D454E550C
:10F6B00000000000CCC5CDDE00000000CFCED0CED3
:10F6C000C30000005341564500000000C7C0CFC82A
:10F6D000D1DC000020D1CED5D02E0000D0D3D1D1A6
:10F6E000CAC8C900454E474C49534800504F57457A
:10F6F00052000000CFC8D2C0CDC8C500424154540A
:10F7000045525900C1C0D2C0D0C5DF00554E495442
:10F71000530000004D4541532E5E0000C8C7CC2E5B
:10F720005E0000005345415243480000CFCEC8D18F
:10F73000CA000000204247440000000020D4CECD83
:10F7400000000000484953544F525900C8D1D2CE4E
:10F75000D0C8DF00414C41524D000000D2D0C5C29C
:10F76000CEC3C0004F564C20444552004F564C204B
:10F77000CCDDC400534156494E4700005245535515
:10F780004C542000D0C5C72DD22020002D55534207
:10F790002D000000504D313430355000434C4F5354
:10F7A0004500000046494C5445520000D4C8CBDC0B
:10F7B000D2D000004F50454E00000000444556494D
:10F7C00043450000CFD0C8C1CED0000052455345BC
:10F7D00054000000C4CEC7D300000000434C454194
:10F7E00052000000C8D1D2CED0C8DE007E81BDBD9F
:10F7F000BDBD817E7E8181818181817E7CFEC3C38E
:10F800007EFF83010306F8F806030000FEFF408434
:10F81000CB700000CCEC0A08D8EC0A0880ED0A088E
:10F8200034EE0A08A8EC0A08B4EC0A0824EC0A082A
:10F8300030EC0A0864EE0A0870EE0A083CEC0A088C
:10F8400048EC0A083CEC0A0848EC0A084F50454EC0
:10F850000000000046494C5445520000D4C8CBDC9F
:10F86000D2D00000505554204F464600414C5048DD
:10F8700041000000D1CDC8CCC8D2C500C0CBDCD47B
:10F88000C0000000CFD0C8C1CED00000494E5354B4
:10F89000414C4C005341564500000000235ED4CE3D
:10F8A000CD3F0000C2DBD1CECAC0DF00D1D2C0D272
:10F8B0002E000000434F4D504C4954004F50454ED0
:10F8C0000000000046494C5445520000D4C8CBDC2F
:10F8D000D2D00000494E5354414C4C0041504C484A
:10F8E00041000000C0CBDCD4C0000000CFD0C8C1B4
:10F8F000CED00000434C4F534500000053415645C5
:10F90000000000005ED4CECD3F000000C2DBD1CEAF
:10F91000CAC0DF00D1D2C0D22E000000434F4D50EC
:10F920004C49540054494D4552000000D2C0C9CC46
:10F93000C5D0000053494E48524F2E00D1C8CDD5F6
:10F94000D0CE2E00555342204F4E0000555342203A
:10F95000C2CACB00555342204F4646004641494C4F
:10F9600055524500D1C1CEC9000000004D4F44455D
:10F9700020400000D0C5C6C8CC2040004D4F4445B3
:10F9800020230000D0C5C6C8CC2023004D4F4445DD
:10F99000205E0000D0C5C6C8CC205E00414C41525C
:10F9A0004D000000D2D0C5C2CEC3C0004F564C207F
:10F9B000454E44004020464C555800004020CFCED4
:10F9C000D2CECA002320464C555800002320CFCE6B
:10F9D000D2CECA00532F4E3A00000000D12FCD3AAC
:10F9E00000000000C2C5D02ECFCE3A00252E3166D1
:10F9F00000000000303032343030303053762F6821
:10FA000000000000522F68000000000072656D2F9A
:10FA100068000000637073000000000063706D00F8
:10FA2000000000005365617263680000416C7068FB
:10FA3000610000004265746100000000456E616273
:10FA40006C6500006D6963726F0000006E616E6F1F
:10FA50000000000025732573257300003078257899
:10FA60000000000025732564257300003C4F776E6D
:10FA700065723E003C556E6974733E003C444552CD
:10FA80003E0000003C2F4445523E00003C43505392
:10FA90003E0000003C2F4350533E00003C416C614F
:10FAA000726D3E003C536F756E643E003C506F7744
:10FAB00065723E003C446F73653E00003C2F446F0E
:10FAC00073653E003C446572303E00003C2F446547
:10FAD00072303E003C446572313E00003C2F44656C
:10FAE00072313E003C42657461303E003C426574B8
:10FAF00061313E0010E10A0840E10A0898DE0A0878
:10FB000058E10A08041F0700000000008FC2F53DFD
:10FB1000000000205FA0024208F30A083CFA0A082D
:10FB200014F30A0868E60A0820F30A082CF30A0806
:10FB3000456E61626C6500004261747465727900A3
:10FB4000504D3134303550007F7F7F7F3E1C0800A0
:10FB50007CFEC3C37EFF83010306F8F806030000A2
:10FB6000504D313430355000F41ABBBBD5E7EA3D77
:10FB70000AD723BCCDCC4C3E59455300C4C000002D
:10FB80004E4F0000CDC5D2004350530043504D00AE
:10FB900053760000C7E20000000080807E037E03F1
:10FBA0004F564C00FFF7FEBFFFF7FEBFFFF7FEBF4B
:10FBB000FFF7FEBFFFF7FEBFFFF7FEBFFFF7FEBF79
:10FBC000FFF7FEBFFFF7FEBFFFF7FEBFFFF7FEBF69
:10FBD000FFF7FEBFFFF7FEBFFFF7FEBFFFF7FEBF59
:10FBE000FFF7FEBFFFF7FEBFFFF7FEBFFFF7FEBF49
:10FBF000FFF7FEBFFFF7FEBFFFF7FEBFFFF7FEBF39
:10FC0000FFF7FEBFFFF7FEBFFFF7FEBFFFF7FEBF28
:10FC1000FFF7FEBFFFF7FEBFFFF7FEBFFFF7FEBF18
:10FC2000FFF7FEBFFFF7FEBFFFF7FEBFFFF7FEBF08
:10FC3000FFF7FEBFFFF7FEBFFFF7FEBFFFF7FEBFF8
:10FC4000FFF7FEBFFFF7FEBFFFF7FEBFFFF7FEBFE8
:10FC5000FFF7FEBFFFF7FEBFFFF7FEBFFFF7FEBFD8
:10FC6000FFF7FEBFFFF7FEBFFFF7FEBFFFF7FEBFC8
:10FC7000FFF7FEBFFFF7FEBFFFF7FEBFFFF7FEBFB8
:10FC8000FFF7FEBFFFF7FEBFFFF7FEBFFFF7FEBFA8
:10FC9000FFF7FEBFFFF7FEBFFFF7FEBFFFF7FEBF98
:10FCA000FFF7FEBFFFF7FEBFFFF7FEBFFFF7FEBF88
:10FCB000FFF7FEBFFFF7FEBF0000000000000000DE
:10FCC0000000000000000000000000000000000034
:10FCD00000000000FFFFFFFFFFFFFFFF000000002C
:10FCE0000000000000000000000000000000000014
:10FCF0000000000000000000000000000000000004
:10FD0000FFFFFFFFFFFF00000000000000000000F9
:10FD100000000000000000000000000000000000E3
:10FD200000000000000000000000000000000000D3
:10FD300000000000000000000000000000000000C3
:10FD400000000000000000000000000000000000B3
:10FD500000000000000000000000000000000000A3
:10FD60000000000000000000000000000000000093
:10FD70000000000000000000000000000000000083
:10FD80000000000000000000000000000000000073
:10FD90000000000000000000000000000000000063
:10FDA0000000000000000000000000000000000053
:10FDB000000000009D2E0A08792F0A08F72F0A0874
:10FDC000000000000000000061310A0875310A08D7
:10FDD00000000000000000000000000089310A0857
:10FDE000BD310A08ED310A081D320A081A03000065
:10FDF0000000000000000000000000000000000003
:10FE000000000000000000000000000000000000F2
:10FE100000000000000000000000000000000000E2
:10FE2000000000000000000000630000000000006F
:10FE300000000000000000000000000000000000C2
:10FE400001000000000000000000000000000000B1
:10FE500019C90A0823C90A0853C90A082DC90A087A
:10FE600067C90A0879C90A089FC90A08C5C90A08E2
:10FE700009022000010104C0320904000002080642
:10FE800050050705810240000007050102400000FF
:10FE90002DCD0A0833CD0A0845CD0A084BCD0A08F6
:10FEA00051CD0A088FCD0A08BDCD0A0824DD0A0805
:10FEB000E4F20A0824FA0A082CFA0A0834FA0A08B2
:10FEC000F0F20A08FCF20A0800000000000000003E
:10FED0000000000000000000010000000000000021
:10FEE0001201010200000040FFFFFFFF00020102BB
:10FEF0000301000098E70A08C0CD0A0800000000CE
:10FF0000FCF90A0804FA0A080CFA0A08050F0C00A2
:10FF100001071002020000000A0600020000004073
:10FF20000100000014FA0A081CFA0A08CCF20A08B8
:10FF3000D8F20A08CCF20A08D8F20A0844FA0A08E9
:10FF40004CFA0A080000000200800000008000084F
:10FF50002020202000060000000000000000803F5C
:10FF600001000000002900201000000000093D00F1
:10FF70000403090403000000000000000F273F00F5
:10FF8000580280010010031410030F2C2C0501816E
:08FF9000010000000000000068
:10FF9800FFFFFFFFFFFFFFFFFFFFFFFFFFFFFFFF69
:10FFA800FFFFFFFFFFFFFFFFFFFFFFFFFFFFFFFF59
:10FFB800FFFFFFFFFFFFFFFFFFFFFFFFFFFFFFFF49
:10FFC800FFFFFFFFFFFFFFFFFFFFFFFFFFFFFFFF39
:10FFD800FFFFFFFFFFFFFFFFFFFFFFFFFFFFFFFF29
:10FFE800FFFFFFFFFFFFFFFFFFFFFFFFFFFFFFFF19
:08FFF800FFFFFFFFFFFFFFFF09
:02000004080BE7
:10000000FFFFFFFFFFFFFFFFFFFFFFFFFFFFFFFF00
:10001000FFFFFFFFFFFFFFFFFFFFFFFFFFFFFFFFF0
:10002000FFFFFFFFFFFFFFFFFFFFFFFFFFFFFFFFE0
:10003000FFFFFFFFFFFFFFFFFFFFFFFFFFFFFFFFD0
:10004000FFFFFFFFFFFFFFFFFFFFFFFFFFFFFFFFC0
:10005000FFFFFFFFFFFFFFFFFFFFFFFFFFFFFFFFB0
:10006000FFFFFFFFFFFFFFFFFFFFFFFFFFFFFFFFA0
:10007000FFFFFFFFFFFFFFFFFFFFFFFFFFFFFFFF90
:10008000FFFFFFFFFFFFFFFFFFFFFFFFFFFFFFFF80
:10009000FFFFFFFFFFFFFFFFFFFFFFFFFFFFFFFF70
:1000A000FFFFFFFFFFFFFFFFFFFFFFFFFFFFFFFF60
:1000B000FFFFFFFFFFFFFFFFFFFFFFFFFFFFFFFF50
:1000C000FFFFFFFFFFFFFFFFFFFFFFFFFFFFFFFF40
:1000D000FFFFFFFFFFFFFFFFFFFFFFFFFFFFFFFF30
:1000E000FFFFFFFFFFFFFFFFFFFFFFFFFFFFFFFF20
:1000F000FFFFFFFFFFFFFFFFFFFFFFFFFFFFFFFF10
:10010000FFFFFFFFFFFFFFFFFFFFFFFFFFFFFFFFFF
:10011000FFFFFFFFFFFFFFFFFFFFFFFFFFFFFFFFEF
:10012000FFFFFFFFFFFFFFFFFFFFFFFFFFFFFFFFDF
:10013000FFFFFFFFFFFFFFFFFFFFFFFFFFFFFFFFCF
:10014000FFFFFFFFFFFFFFFFFFFFFFFFFFFFFFFFBF
:10015000FFFFFFFFFFFFFFFFFFFFFFFFFFFFFFFFAF
:10016000FFFFFFFFFFFFFFFFFFFFFFFFFFFFFFFF9F
:10017000FFFFFFFFFFFFFFFFFFFFFFFFFFFFFFFF8F
:10018000FFFFFFFFFFFFFFFFFFFFFFFFFFFFFFFF7F
:10019000FFFFFFFFFFFFFFFFFFFFFFFFFFFFFFFF6F
:1001A000FFFFFFFFFFFFFFFFFFFFFFFFFFFFFFFF5F
:1001B000FFFFFFFFFFFFFFFFFFFFFFFFFFFFFFFF4F
:1001C000FFFFFFFFFFFFFFFFFFFFFFFFFFFFFFFF3F
:1001D000FFFFFFFFFFFFFFFFFFFFFFFFFFFFFFFF2F
:1001E000FFFFFFFFFFFFFFFFFFFFFFFFFFFFFFFF1F
:1001F000FFFFFFFFFFFFFFFFFFFFFFFFFFFFFFFF0F
:10020000FFFFFFFFFFFFFFFFFFFFFFFFFFFFFFFFFE
:10021000FFFFFFFFFFFFFFFFFFFFFFFFFFFFFFFFEE
:10022000FFFFFFFFFFFFFFFFFFFFFFFFFFFFFFFFDE
:10023000FFFFFFFFFFFFFFFFFFFFFFFFFFFFFFFFCE
:10024000FFFFFFFFFFFFFFFFFFFFFFFFFFFFFFFFBE
:10025000FFFFFFFFFFFFFFFFFFFFFFFFFFFFFFFFAE
:10026000FFFFFFFFFFFFFFFFFFFFFFFFFFFFFFFF9E
:10027000FFFFFFFFFFFFFFFFFFFFFFFFFFFFFFFF8E
:10028000FFFFFFFFFFFFFFFFFFFFFFFFFFFFFFFF7E
:10029000FFFFFFFFFFFFFFFFFFFFFFFFFFFFFFFF6E
:1002A000FFFFFFFFFFFFFFFFFFFFFFFFFFFFFFFF5E
:1002B000FFFFFFFFFFFFFFFFFFFFFFFFFFFFFFFF4E
:1002C000FFFFFFFFFFFFFFFFFFFFFFFFFFFFFFFF3E
:1002D000FFFFFFFFFFFFFFFFFFFFFFFFFFFFFFFF2E
:1002E000FFFFFFFFFFFFFFFFFFFFFFFFFFFFFFFF1E
:1002F000FFFFFFFFFFFFFFFFFFFFFFFFFFFFFFFF0E
:10030000FFFFFFFFFFFFFFFFFFFFFFFFFFFFFFFFFD
:10031000FFFFFFFFFFFFFFFFFFFFFFFFFFFFFFFFED
:10032000FFFFFFFFFFFFFFFFFFFFFFFFFFFFFFFFDD
:10033000FFFFFFFFFFFFFFFFFFFFFFFFFFFFFFFFCD
:10034000FFFFFFFFFFFFFFFFFFFFFFFFFFFFFFFFBD
:10035000FFFFFFFFFFFFFFFFFFFFFFFFFFFFFFFFAD
:10036000FFFFFFFFFFFFFFFFFFFFFFFFFFFFFFFF9D
:10037000FFFFFFFFFFFFFFFFFFFFFFFFFFFFFFFF8D
:10038000FFFFFFFFFFFFFFFFFFFFFFFFFFFFFFFF7D
:10039000FFFFFFFFFFFFFFFFFFFFFFFFFFFFFFFF6D
:1003A000FFFFFFFFFFFFFFFFFFFFFFFFFFFFFFFF5D
:1003B000FFFFFFFFFFFFFFFFFFFFFFFFFFFFFFFF4D
:1003C000FFFFFFFFFFFFFFFFFFFFFFFFFFFFFFFF3D
:1003D000FFFFFFFFFFFFFFFFFFFFFFFFFFFFFFFF2D
:1003E000FFFFFFFFFFFFFFFFFFFFFFFFFFFFFFFF1D
:1003F000FFFFFFFFFFFFFFFFFFFFFFFFFFFFFFFF0D
:10040000FFFFFFFFFFFFFFFFFFFFFFFFFFFFFFFFFC
:10041000FFFFFFFFFFFFFFFFFFFFFFFFFFFFFFFFEC
:10042000FFFFFFFFFFFFFFFFFFFFFFFFFFFFFFFFDC
:10043000FFFFFFFFFFFFFFFFFFFFFFFFFFFFFFFFCC
:10044000FFFFFFFFFFFFFFFFFFFFFFFFFFFFFFFFBC
:10045000FFFFFFFFFFFFFFFFFFFFFFFFFFFFFFFFAC
:10046000FFFFFFFFFFFFFFFFFFFFFFFFFFFFFFFF9C
:10047000FFFFFFFFFFFFFFFFFFFFFFFFFFFFFFFF8C
:10048000FFFFFFFFFFFFFFFFFFFFFFFFFFFFFFFF7C
:10049000FFFFFFFFFFFFFFFFFFFFFFFFFFFFFFFF6C
:1004A000FFFFFFFFFFFFFFFFFFFFFFFFFFFFFFFF5C
:1004B000FFFFFFFFFFFFFFFFFFFFFFFFFFFFFFFF4C
:1004C000FFFFFFFFFFFFFFFFFFFFFFFFFFFFFFFF3C
:1004D000FFFFFFFFFFFFFFFFFFFFFFFFFFFFFFFF2C
:1004E000FFFFFFFFFFFFFFFFFFFFFFFFFFFFFFFF1C
:1004F000FFFFFFFFFFFFFFFFFFFFFFFFFFFFFFFF0C
:10050000FFFFFFFFFFFFFFFFFFFFFFFFFFFFFFFFFB
:10051000FFFFFFFFFFFFFFFFFFFFFFFFFFFFFFFFEB
:10052000FFFFFFFFFFFFFFFFFFFFFFFFFFFFFFFFDB
:10053000FFFFFFFFFFFFFFFFFFFFFFFFFFFFFFFFCB
:10054000FFFFFFFFFFFFFFFFFFFFFFFFFFFFFFFFBB
:10055000FFFFFFFFFFFFFFFFFFFFFFFFFFFFFFFFAB
:10056000FFFFFFFFFFFFFFFFFFFFFFFFFFFFFFFF9B
:10057000FFFFFFFFFFFFFFFFFFFFFFFFFFFFFFFF8B
:10058000FFFFFFFFFFFFFFFFFFFFFFFFFFFFFFFF7B
:10059000FFFFFFFFFFFFFFFFFFFFFFFFFFFFFFFF6B
:1005A000FFFFFFFFFFFFFFFFFFFFFFFFFFFFFFFF5B
:1005B000FFFFFFFFFFFFFFFFFFFFFFFFFFFFFFFF4B
:1005C000FFFFFFFFFFFFFFFFFFFFFFFFFFFFFFFF3B
:1005D000FFFFFFFFFFFFFFFFFFFFFFFFFFFFFFFF2B
:1005E000FFFFFFFFFFFFFFFFFFFFFFFFFFFFFFFF1B
:1005F000FFFFFFFFFFFFFFFFFFFFFFFFFFFFFFFF0B
:10060000FFFFFFFFFFFFFFFFFFFFFFFFFFFFFFFFFA
:10061000FFFFFFFFFFFFFFFFFFFFFFFFFFFFFFFFEA
:10062000FFFFFFFFFFFFFFFFFFFFFFFFFFFFFFFFDA
:10063000FFFFFFFFFFFFFFFFFFFFFFFFFFFFFFFFCA
:10064000FFFFFFFFFFFFFFFFFFFFFFFFFFFFFFFFBA
:10065000FFFFFFFFFFFFFFFFFFFFFFFFFFFFFFFFAA
:10066000FFFFFFFFFFFFFFFFFFFFFFFFFFFFFFFF9A
:10067000FFFFFFFFFFFFFFFFFFFFFFFFFFFFFFFF8A
:10068000FFFFFFFFFFFFFFFFFFFFFFFFFFFFFFFF7A
:10069000FFFFFFFFFFFFFFFFFFFFFFFFFFFFFFFF6A
:1006A000FFFFFFFFFFFFFFFFFFFFFFFFFFFFFFFF5A
:1006B000FFFFFFFFFFFFFFFFFFFFFFFFFFFFFFFF4A
:1006C000FFFFFFFFFFFFFFFFFFFFFFFFFFFFFFFF3A
:1006D000FFFFFFFFFFFFFFFFFFFFFFFFFFFFFFFF2A
:1006E000FFFFFFFFFFFFFFFFFFFFFFFFFFFFFFFF1A
:1006F000FFFFFFFFFFFFFFFFFFFFFFFFFFFFFFFF0A
:10070000FFFFFFFFFFFFFFFFFFFFFFFFFFFFFFFFF9
:10071000FFFFFFFFFFFFFFFFFFFFFFFFFFFFFFFFE9
:10072000FFFFFFFFFFFFFFFFFFFFFFFFFFFFFFFFD9
:10073000FFFFFFFFFFFFFFFFFFFFFFFFFFFFFFFFC9
:10074000FFFFFFFFFFFFFFFFFFFFFFFFFFFFFFFFB9
:10075000FFFFFFFFFFFFFFFFFFFFFFFFFFFFFFFFA9
:10076000FFFFFFFFFFFFFFFFFFFFFFFFFFFFFFFF99
:10077000FFFFFFFFFFFFFFFFFFFFFFFFFFFFFFFF89
:10078000FFFFFFFFFFFFFFFFFFFFFFFFFFFFFFFF79
:10079000FFFFFFFFFFFFFFFFFFFFFFFFFFFFFFFF69
:1007A000FFFFFFFFFFFFFFFFFFFFFFFFFFFFFFFF59
:1007B000FFFFFFFFFFFFFFFFFFFFFFFFFFFFFFFF49
:1007C000FFFFFFFFFFFFFFFFFFFFFFFFFFFFFFFF39
:1007D000FFFFFFFFFFFFFFFFFFFFFFFFFFFFFFFF29
:1007E000FFFFFFFFFFFFFFFFFFFFFFFFFFFFFFFF19
:1007F000FFFFFFFFFFFFFFFFFFFFFFFFFFFFFFFF09
:10080000FFFFFFFFFFFFFFFFFFFFFFFFFFFFFFFFF8
:10081000FFFFFFFFFFFFFFFFFFFFFFFFFFFFFFFFE8
:10082000FFFFFFFFFFFFFFFFFFFFFFFFFFFFFFFFD8
:10083000FFFFFFFFFFFFFFFFFFFFFFFFFFFFFFFFC8
:10084000FFFFFFFFFFFFFFFFFFFFFFFFFFFFFFFFB8
:10085000FFFFFFFFFFFFFFFFFFFFFFFFFFFFFFFFA8
:10086000FFFFFFFFFFFFFFFFFFFFFFFFFFFFFFFF98
:10087000FFFFFFFFFFFFFFFFFFFFFFFFFFFFFFFF88
:10088000FFFFFFFFFFFFFFFFFFFFFFFFFFFFFFFF78
:10089000FFFFFFFFFFFFFFFFFFFFFFFFFFFFFFFF68
:1008A000FFFFFFFFFFFFFFFFFFFFFFFFFFFFFFFF58
:1008B000FFFFFFFFFFFFFFFFFFFFFFFFFFFFFFFF48
:1008C000FFFFFFFFFFFFFFFFFFFFFFFFFFFFFFFF38
:1008D000FFFFFFFFFFFFFFFFFFFFFFFFFFFFFFFF28
:1008E000FFFFFFFFFFFFFFFFFFFFFFFFFFFFFFFF18
:1008F000FFFFFFFFFFFFFFFFFFFFFFFFFFFFFFFF08
:10090000FFFFFFFFFFFFFFFFFFFFFFFFFFFFFFFFF7
:10091000FFFFFFFFFFFFFFFFFFFFFFFFFFFFFFFFE7
:10092000FFFFFFFFFFFFFFFFFFFFFFFFFFFFFFFFD7
:10093000FFFFFFFFFFFFFFFFFFFFFFFFFFFFFFFFC7
:10094000FFFFFFFFFFFFFFFFFFFFFFFFFFFFFFFFB7
:10095000FFFFFFFFFFFFFFFFFFFFFFFFFFFFFFFFA7
:10096000FFFFFFFFFFFFFFFFFFFFFFFFFFFFFFFF97
:10097000FFFFFFFFFFFFFFFFFFFFFFFFFFFFFFFF87
:10098000FFFFFFFFFFFFFFFFFFFFFFFFFFFFFFFF77
:10099000FFFFFFFFFFFFFFFFFFFFFFFFFFFFFFFF67
:1009A000FFFFFFFFFFFFFFFFFFFFFFFFFFFFFFFF57
:1009B000FFFFFFFFFFFFFFFFFFFFFFFFFFFFFFFF47
:1009C000FFFFFFFFFFFFFFFFFFFFFFFFFFFFFFFF37
:1009D000FFFFFFFFFFFFFFFFFFFFFFFFFFFFFFFF27
:1009E000FFFFFFFFFFFFFFFFFFFFFFFFFFFFFFFF17
:1009F000FFFFFFFFFFFFFFFFFFFFFFFFFFFFFFFF07
:100A0000FFFFFFFFFFFFFFFFFFFFFFFFFFFFFFFFF6
:100A1000FFFFFFFFFFFFFFFFFFFFFFFFFFFFFFFFE6
:100A2000FFFFFFFFFFFFFFFFFFFFFFFFFFFFFFFFD6
:100A3000FFFFFFFFFFFFFFFFFFFFFFFFFFFFFFFFC6
:100A4000FFFFFFFFFFFFFFFFFFFFFFFFFFFFFFFFB6
:100A5000FFFFFFFFFFFFFFFFFFFFFFFFFFFFFFFFA6
:100A6000FFFFFFFFFFFFFFFFFFFFFFFFFFFFFFFF96
:100A7000FFFFFFFFFFFFFFFFFFFFFFFFFFFFFFFF86
:100A8000FFFFFFFFFFFFFFFFFFFFFFFFFFFFFFFF76
:100A9000FFFFFFFFFFFFFFFFFFFFFFFFFFFFFFFF66
:100AA000FFFFFFFFFFFFFFFFFFFFFFFFFFFFFFFF56
:100AB000FFFFFFFFFFFFFFFFFFFFFFFFFFFFFFFF46
:100AC000FFFFFFFFFFFFFFFFFFFFFFFFFFFFFFFF36
:100AD000FFFFFFFFFFFFFFFFFFFFFFFFFFFFFFFF26
:100AE000FFFFFFFFFFFFFFFFFFFFFFFFFFFFFFFF16
:100AF000FFFFFFFFFFFFFFFFFFFFFFFFFFFFFFFF06
:100B0000FFFFFFFFFFFFFFFFFFFFFFFFFFFFFFFFF5
:100B1000FFFFFFFFFFFFFFFFFFFFFFFFFFFFFFFFE5
:100B2000FFFFFFFFFFFFFFFFFFFFFFFFFFFFFFFFD5
:100B3000FFFFFFFFFFFFFFFFFFFFFFFFFFFFFFFFC5
:100B4000FFFFFFFFFFFFFFFFFFFFFFFFFFFFFFFFB5
:100B5000FFFFFFFFFFFFFFFFFFFFFFFFFFFFFFFFA5
:100B6000FFFFFFFFFFFFFFFFFFFFFFFFFFFFFFFF95
:100B7000FFFFFFFFFFFFFFFFFFFFFFFFFFFFFFFF85
:100B8000FFFFFFFFFFFFFFFFFFFFFFFFFFFFFFFF75
:100B9000FFFFFFFFFFFFFFFFFFFFFFFFFFFFFFFF65
:100BA000FFFFFFFFFFFFFFFFFFFFFFFFFFFFFFFF55
:100BB000FFFFFFFFFFFFFFFFFFFFFFFFFFFFFFFF45
:100BC000FFFFFFFFFFFFFFFFFFFFFFFFFFFFFFFF35
:100BD000FFFFFFFFFFFFFFFFFFFFFFFFFFFFFFFF25
:100BE000FFFFFFFFFFFFFFFFFFFFFFFFFFFFFFFF15
:100BF000FFFFFFFFFFFFFFFFFFFFFFFFFFFFFFFF05
:100C0000FFFFFFFFFFFFFFFFFFFFFFFFFFFFFFFFF4
:100C1000FFFFFFFFFFFFFFFFFFFFFFFFFFFFFFFFE4
:100C2000FFFFFFFFFFFFFFFFFFFFFFFFFFFFFFFFD4
:100C3000FFFFFFFFFFFFFFFFFFFFFFFFFFFFFFFFC4
:100C4000FFFFFFFFFFFFFFFFFFFFFFFFFFFFFFFFB4
:100C5000FFFFFFFFFFFFFFFFFFFFFFFFFFFFFFFFA4
:100C6000FFFFFFFFFFFFFFFFFFFFFFFFFFFFFFFF94
:100C7000FFFFFFFFFFFFFFFFFFFFFFFFFFFFFFFF84
:100C8000FFFFFFFFFFFFFFFFFFFFFFFFFFFFFFFF74
:100C9000FFFFFFFFFFFFFFFFFFFFFFFFFFFFFFFF64
:100CA000FFFFFFFFFFFFFFFFFFFFFFFFFFFFFFFF54
:100CB000FFFFFFFFFFFFFFFFFFFFFFFFFFFFFFFF44
:100CC000FFFFFFFFFFFFFFFFFFFFFFFFFFFFFFFF34
:100CD000FFFFFFFFFFFFFFFFFFFFFFFFFFFFFFFF24
:100CE000FFFFFFFFFFFFFFFFFFFFFFFFFFFFFFFF14
:100CF000FFFFFFFFFFFFFFFFFFFFFFFFFFFFFFFF04
:100D0000FFFFFFFFFFFFFFFFFFFFFFFFFFFFFFFFF3
:100D1000FFFFFFFFFFFFFFFFFFFFFFFFFFFFFFFFE3
:100D2000FFFFFFFFFFFFFFFFFFFFFFFFFFFFFFFFD3
:100D3000FFFFFFFFFFFFFFFFFFFFFFFFFFFFFFFFC3
:100D4000FFFFFFFFFFFFFFFFFFFFFFFFFFFFFFFFB3
:100D5000FFFFFFFFFFFFFFFFFFFFFFFFFFFFFFFFA3
:100D6000FFFFFFFFFFFFFFFFFFFFFFFFFFFFFFFF93
:100D7000FFFFFFFFFFFFFFFFFFFFFFFFFFFFFFFF83
:100D8000FFFFFFFFFFFFFFFFFFFFFFFFFFFFFFFF73
:100D9000FFFFFFFFFFFFFFFFFFFFFFFFFFFFFFFF63
:100DA000FFFFFFFFFFFFFFFFFFFFFFFFFFFFFFFF53
:100DB000FFFFFFFFFFFFFFFFFFFFFFFFFFFFFFFF43
:100DC000FFFFFFFFFFFFFFFFFFFFFFFFFFFFFFFF33
:100DD000FFFFFFFFFFFFFFFFFFFFFFFFFFFFFFFF23
:100DE000FFFFFFFFFFFFFFFFFFFFFFFFFFFFFFFF13
:100DF000FFFFFFFFFFFFFFFFFFFFFFFFFFFFFFFF03
:100E0000FFFFFFFFFFFFFFFFFFFFFFFFFFFFFFFFF2
:100E1000FFFFFFFFFFFFFFFFFFFFFFFFFFFFFFFFE2
:100E2000FFFFFFFFFFFFFFFFFFFFFFFFFFFFFFFFD2
:100E3000FFFFFFFFFFFFFFFFFFFFFFFFFFFFFFFFC2
:100E4000FFFFFFFFFFFFFFFFFFFFFFFFFFFFFFFFB2
:100E5000FFFFFFFFFFFFFFFFFFFFFFFFFFFFFFFFA2
:100E6000FFFFFFFFFFFFFFFFFFFFFFFFFFFFFFFF92
:100E7000FFFFFFFFFFFFFFFFFFFFFFFFFFFFFFFF82
:100E8000FFFFFFFFFFFFFFFFFFFFFFFFFFFFFFFF72
:100E9000FFFFFFFFFFFFFFFFFFFFFFFFFFFFFFFF62
:100EA000FFFFFFFFFFFFFFFFFFFFFFFFFFFFFFFF52
:100EB000FFFFFFFFFFFFFFFFFFFFFFFFFFFFFFFF42
:100EC000FFFFFFFFFFFFFFFFFFFFFFFFFFFFFFFF32
:100ED000FFFFFFFFFFFFFFFFFFFFFFFFFFFFFFFF22
:100EE000FFFFFFFFFFFFFFFFFFFFFFFFFFFFFFFF12
:100EF000FFFFFFFFFFFFFFFFFFFFFFFFFFFFFFFF02
:100F0000FFFFFFFFFFFFFFFFFFFFFFFFFFFFFFFFF1
:100F1000FFFFFFFFFFFFFFFFFFFFFFFFFFFFFFFFE1
:100F2000FFFFFFFFFFFFFFFFFFFFFFFFFFFFFFFFD1
:100F3000FFFFFFFFFFFFFFFFFFFFFFFFFFFFFFFFC1
:100F4000FFFFFFFFFFFFFFFFFFFFFFFFFFFFFFFFB1
:100F5000FFFFFFFFFFFFFFFFFFFFFFFFFFFFFFFFA1
:100F6000FFFFFFFFFFFFFFFFFFFFFFFFFFFFFFFF91
:100F7000FFFFFFFFFFFFFFFFFFFFFFFFFFFFFFFF81
:100F8000FFFFFFFFFFFFFFFFFFFFFFFFFFFFFFFF71
:100F9000FFFFFFFFFFFFFFFFFFFFFFFFFFFFFFFF61
:100FA000FFFFFFFFFFFFFFFFFFFFFFFFFFFFFFFF51
:100FB000FFFFFFFFFFFFFFFFFFFFFFFFFFFFFFFF41
:100FC000FFFFFFFFFFFFFFFFFFFFFFFFFFFFFFFF31
:100FD000FFFFFFFFFFFFFFFFFFFFFFFFFFFFFFFF21
:100FE000FFFFFFFFFFFFFFFFFFFFFFFFFFFFFFFF11
:100FF000FFFFFFFFFFFFFFFFFFFFFFFFFFFFFFFF01
:10100000FFFFFFFFFFFFFFFFFFFFFFFFFFFFFFFFF0
:10101000FFFFFFFFFFFFFFFFFFFFFFFFFFFFFFFFE0
:10102000FFFFFFFFFFFFFFFFFFFFFFFFFFFFFFFFD0
:10103000FFFFFFFFFFFFFFFFFFFFFFFFFFFFFFFFC0
:10104000FFFFFFFFFFFFFFFFFFFFFFFFFFFFFFFFB0
:10105000FFFFFFFFFFFFFFFFFFFFFFFFFFFFFFFFA0
:10106000FFFFFFFFFFFFFFFFFFFFFFFFFFFFFFFF90
:10107000FFFFFFFFFFFFFFFFFFFFFFFFFFFFFFFF80
:10108000FFFFFFFFFFFFFFFFFFFFFFFFFFFFFFFF70
:10109000FFFFFFFFFFFFFFFFFFFFFFFFFFFFFFFF60
:1010A000FFFFFFFFFFFFFFFFFFFFFFFFFFFFFFFF50
:1010B000FFFFFFFFFFFFFFFFFFFFFFFFFFFFFFFF40
:1010C000FFFFFFFFFFFFFFFFFFFFFFFFFFFFFFFF30
:1010D000FFFFFFFFFFFFFFFFFFFFFFFFFFFFFFFF20
:1010E000FFFFFFFFFFFFFFFFFFFFFFFFFFFFFFFF10
:1010F000FFFFFFFFFFFFFFFFFFFFFFFFFFFFFFFF00
:10110000FFFFFFFFFFFFFFFFFFFFFFFFFFFFFFFFEF
:10111000FFFFFFFFFFFFFFFFFFFFFFFFFFFFFFFFDF
:10112000FFFFFFFFFFFFFFFFFFFFFFFFFFFFFFFFCF
:10113000FFFFFFFFFFFFFFFFFFFFFFFFFFFFFFFFBF
:10114000FFFFFFFFFFFFFFFFFFFFFFFFFFFFFFFFAF
:10115000FFFFFFFFFFFFFFFFFFFFFFFFFFFFFFFF9F
:10116000FFFFFFFFFFFFFFFFFFFFFFFFFFFFFFFF8F
:10117000FFFFFFFFFFFFFFFFFFFFFFFFFFFFFFFF7F
:10118000FFFFFFFFFFFFFFFFFFFFFFFFFFFFFFFF6F
:10119000FFFFFFFFFFFFFFFFFFFFFFFFFFFFFFFF5F
:1011A000FFFFFFFFFFFFFFFFFFFFFFFFFFFFFFFF4F
:1011B000FFFFFFFFFFFFFFFFFFFFFFFFFFFFFFFF3F
:1011C000FFFFFFFFFFFFFFFFFFFFFFFFFFFFFFFF2F
:1011D000FFFFFFFFFFFFFFFFFFFFFFFFFFFFFFFF1F
:1011E000FFFFFFFFFFFFFFFFFFFFFFFFFFFFFFFF0F
:1011F000FFFFFFFFFFFFFFFFFFFFFFFFFFFFFFFFFF
:10120000FFFFFFFFFFFFFFFFFFFFFFFFFFFFFFFFEE
:10121000FFFFFFFFFFFFFFFFFFFFFFFFFFFFFFFFDE
:10122000FFFFFFFFFFFFFFFFFFFFFFFFFFFFFFFFCE
:10123000FFFFFFFFFFFFFFFFFFFFFFFFFFFFFFFFBE
:10124000FFFFFFFFFFFFFFFFFFFFFFFFFFFFFFFFAE
:10125000FFFFFFFFFFFFFFFFFFFFFFFFFFFFFFFF9E
:10126000FFFFFFFFFFFFFFFFFFFFFFFFFFFFFFFF8E
:10127000FFFFFFFFFFFFFFFFFFFFFFFFFFFFFFFF7E
:10128000FFFFFFFFFFFFFFFFFFFFFFFFFFFFFFFF6E
:10129000FFFFFFFFFFFFFFFFFFFFFFFFFFFFFFFF5E
:1012A000FFFFFFFFFFFFFFFFFFFFFFFFFFFFFFFF4E
:1012B000FFFFFFFFFFFFFFFFFFFFFFFFFFFFFFFF3E
:1012C000FFFFFFFFFFFFFFFFFFFFFFFFFFFFFFFF2E
:1012D000FFFFFFFFFFFFFFFFFFFFFFFFFFFFFFFF1E
:1012E000FFFFFFFFFFFFFFFFFFFFFFFFFFFFFFFF0E
:1012F000FFFFFFFFFFFFFFFFFFFFFFFFFFFFFFFFFE
:10130000FFFFFFFFFFFFFFFFFFFFFFFFFFFFFFFFED
:10131000FFFFFFFFFFFFFFFFFFFFFFFFFFFFFFFFDD
:10132000FFFFFFFFFFFFFFFFFFFFFFFFFFFFFFFFCD
:10133000FFFFFFFFFFFFFFFFFFFFFFFFFFFFFFFFBD
:10134000FFFFFFFFFFFFFFFFFFFFFFFFFFFFFFFFAD
:10135000FFFFFFFFFFFFFFFFFFFFFFFFFFFFFFFF9D
:10136000FFFFFFFFFFFFFFFFFFFFFFFFFFFFFFFF8D
:10137000FFFFFFFFFFFFFFFFFFFFFFFFFFFFFFFF7D
:10138000FFFFFFFFFFFFFFFFFFFFFFFFFFFFFFFF6D
:10139000FFFFFFFFFFFFFFFFFFFFFFFFFFFFFFFF5D
:1013A000FFFFFFFFFFFFFFFFFFFFFFFFFFFFFFFF4D
:1013B000FFFFFFFFFFFFFFFFFFFFFFFFFFFFFFFF3D
:1013C000FFFFFFFFFFFFFFFFFFFFFFFFFFFFFFFF2D
:1013D000FFFFFFFFFFFFFFFFFFFFFFFFFFFFFFFF1D
:1013E000FFFFFFFFFFFFFFFFFFFFFFFFFFFFFFFF0D
:1013F000FFFFFFFFFFFFFFFFFFFFFFFFFFFFFFFFFD
:10140000FFFFFFFFFFFFFFFFFFFFFFFFFFFFFFFFEC
:10141000FFFFFFFFFFFFFFFFFFFFFFFFFFFFFFFFDC
:10142000FFFFFFFFFFFFFFFFFFFFFFFFFFFFFFFFCC
:10143000FFFFFFFFFFFFFFFFFFFFFFFFFFFFFFFFBC
:10144000FFFFFFFFFFFFFFFFFFFFFFFFFFFFFFFFAC
:10145000FFFFFFFFFFFFFFFFFFFFFFFFFFFFFFFF9C
:10146000FFFFFFFFFFFFFFFFFFFFFFFFFFFFFFFF8C
:10147000FFFFFFFFFFFFFFFFFFFFFFFFFFFFFFFF7C
:10148000FFFFFFFFFFFFFFFFFFFFFFFFFFFFFFFF6C
:10149000FFFFFFFFFFFFFFFFFFFFFFFFFFFFFFFF5C
:1014A000FFFFFFFFFFFFFFFFFFFFFFFFFFFFFFFF4C
:1014B000FFFFFFFFFFFFFFFFFFFFFFFFFFFFFFFF3C
:1014C000FFFFFFFFFFFFFFFFFFFFFFFFFFFFFFFF2C
:1014D000FFFFFFFFFFFFFFFFFFFFFFFFFFFFFFFF1C
:1014E000FFFFFFFFFFFFFFFFFFFFFFFFFFFFFFFF0C
:1014F000FFFFFFFFFFFFFFFFFFFFFFFFFFFFFFFFFC
:10150000FFFFFFFFFFFFFFFFFFFFFFFFFFFFFFFFEB
:10151000FFFFFFFFFFFFFFFFFFFFFFFFFFFFFFFFDB
:10152000FFFFFFFFFFFFFFFFFFFFFFFFFFFFFFFFCB
:10153000FFFFFFFFFFFFFFFFFFFFFFFFFFFFFFFFBB
:10154000FFFFFFFFFFFFFFFFFFFFFFFFFFFFFFFFAB
:10155000FFFFFFFFFFFFFFFFFFFFFFFFFFFFFFFF9B
:10156000FFFFFFFFFFFFFFFFFFFFFFFFFFFFFFFF8B
:10157000FFFFFFFFFFFFFFFFFFFFFFFFFFFFFFFF7B
:10158000FFFFFFFFFFFFFFFFFFFFFFFFFFFFFFFF6B
:10159000FFFFFFFFFFFFFFFFFFFFFFFFFFFFFFFF5B
:1015A000FFFFFFFFFFFFFFFFFFFFFFFFFFFFFFFF4B
:1015B000FFFFFFFFFFFFFFFFFFFFFFFFFFFFFFFF3B
:1015C000FFFFFFFFFFFFFFFFFFFFFFFFFFFFFFFF2B
:1015D000FFFFFFFFFFFFFFFFFFFFFFFFFFFFFFFF1B
:1015E000FFFFFFFFFFFFFFFFFFFFFFFFFFFFFFFF0B
:1015F000FFFFFFFFFFFFFFFFFFFFFFFFFFFFFFFFFB
:10160000FFFFFFFFFFFFFFFFFFFFFFFFFFFFFFFFEA
:10161000FFFFFFFFFFFFFFFFFFFFFFFFFFFFFFFFDA
:10162000FFFFFFFFFFFFFFFFFFFFFFFFFFFFFFFFCA
:10163000FFFFFFFFFFFFFFFFFFFFFFFFFFFFFFFFBA
:10164000FFFFFFFFFFFFFFFFFFFFFFFFFFFFFFFFAA
:10165000FFFFFFFFFFFFFFFFFFFFFFFFFFFFFFFF9A
:10166000FFFFFFFFFFFFFFFFFFFFFFFFFFFFFFFF8A
:10167000FFFFFFFFFFFFFFFFFFFFFFFFFFFFFFFF7A
:10168000FFFFFFFFFFFFFFFFFFFFFFFFFFFFFFFF6A
:10169000FFFFFFFFFFFFFFFFFFFFFFFFFFFFFFFF5A
:1016A000FFFFFFFFFFFFFFFFFFFFFFFFFFFFFFFF4A
:1016B000FFFFFFFFFFFFFFFFFFFFFFFFFFFFFFFF3A
:1016C000FFFFFFFFFFFFFFFFFFFFFFFFFFFFFFFF2A
:1016D000FFFFFFFFFFFFFFFFFFFFFFFFFFFFFFFF1A
:1016E000FFFFFFFFFFFFFFFFFFFFFFFFFFFFFFFF0A
:1016F000FFFFFFFFFFFFFFFFFFFFFFFFFFFFFFFFFA
:10170000FFFFFFFFFFFFFFFFFFFFFFFFFFFFFFFFE9
:10171000FFFFFFFFFFFFFFFFFFFFFFFFFFFFFFFFD9
:10172000FFFFFFFFFFFFFFFFFFFFFFFFFFFFFFFFC9
:10173000FFFFFFFFFFFFFFFFFFFFFFFFFFFFFFFFB9
:10174000FFFFFFFFFFFFFFFFFFFFFFFFFFFFFFFFA9
:10175000FFFFFFFFFFFFFFFFFFFFFFFFFFFFFFFF99
:10176000FFFFFFFFFFFFFFFFFFFFFFFFFFFFFFFF89
:10177000FFFFFFFFFFFFFFFFFFFFFFFFFFFFFFFF79
:10178000FFFFFFFFFFFFFFFFFFFFFFFFFFFFFFFF69
:10179000FFFFFFFFFFFFFFFFFFFFFFFFFFFFFFFF59
:1017A000FFFFFFFFFFFFFFFFFFFFFFFFFFFFFFFF49
:1017B000FFFFFFFFFFFFFFFFFFFFFFFFFFFFFFFF39
:1017C000FFFFFFFFFFFFFFFFFFFFFFFFFFFFFFFF29
:1017D000FFFFFFFFFFFFFFFFFFFFFFFFFFFFFFFF19
:1017E000FFFFFFFFFFFFFFFFFFFFFFFFFFFFFFFF09
:1017F000FFFFFFFFFFFFFFFFFFFFFFFFFFFFFFFFF9
:10180000FFFFFFFFFFFFFFFFFFFFFFFFFFFFFFFFE8
:10181000FFFFFFFFFFFFFFFFFFFFFFFFFFFFFFFFD8
:10182000FFFFFFFFFFFFFFFFFFFFFFFFFFFFFFFFC8
:10183000FFFFFFFFFFFFFFFFFFFFFFFFFFFFFFFFB8
:10184000FFFFFFFFFFFFFFFFFFFFFFFFFFFFFFFFA8
:10185000FFFFFFFFFFFFFFFFFFFFFFFFFFFFFFFF98
:10186000FFFFFFFFFFFFFFFFFFFFFFFFFFFFFFFF88
:10187000FFFFFFFFFFFFFFFFFFFFFFFFFFFFFFFF78
:10188000FFFFFFFFFFFFFFFFFFFFFFFFFFFFFFFF68
:10189000FFFFFFFFFFFFFFFFFFFFFFFFFFFFFFFF58
:1018A000FFFFFFFFFFFFFFFFFFFFFFFFFFFFFFFF48
:1018B000FFFFFFFFFFFFFFFFFFFFFFFFFFFFFFFF38
:1018C000FFFFFFFFFFFFFFFFFFFFFFFFFFFFFFFF28
:1018D000FFFFFFFFFFFFFFFFFFFFFFFFFFFFFFFF18
:1018E000FFFFFFFFFFFFFFFFFFFFFFFFFFFFFFFF08
:1018F000FFFFFFFFFFFFFFFFFFFFFFFFFFFFFFFFF8
:10190000FFFFFFFFFFFFFFFFFFFFFFFFFFFFFFFFE7
:10191000FFFFFFFFFFFFFFFFFFFFFFFFFFFFFFFFD7
:10192000FFFFFFFFFFFFFFFFFFFFFFFFFFFFFFFFC7
:10193000FFFFFFFFFFFFFFFFFFFFFFFFFFFFFFFFB7
:10194000FFFFFFFFFFFFFFFFFFFFFFFFFFFFFFFFA7
:10195000FFFFFFFFFFFFFFFFFFFFFFFFFFFFFFFF97
:10196000FFFFFFFFFFFFFFFFFFFFFFFFFFFFFFFF87
:10197000FFFFFFFFFFFFFFFFFFFFFFFFFFFFFFFF77
:10198000FFFFFFFFFFFFFFFFFFFFFFFFFFFFFFFF67
:10199000FFFFFFFFFFFFFFFFFFFFFFFFFFFFFFFF57
:1019A000FFFFFFFFFFFFFFFFFFFFFFFFFFFFFFFF47
:1019B000FFFFFFFFFFFFFFFFFFFFFFFFFFFFFFFF37
:1019C000FFFFFFFFFFFFFFFFFFFFFFFFFFFFFFFF27
:1019D000FFFFFFFFFFFFFFFFFFFFFFFFFFFFFFFF17
:1019E000FFFFFFFFFFFFFFFFFFFFFFFFFFFFFFFF07
:1019F000FFFFFFFFFFFFFFFFFFFFFFFFFFFFFFFFF7
:101A0000FFFFFFFFFFFFFFFFFFFFFFFFFFFFFFFFE6
:101A1000FFFFFFFFFFFFFFFFFFFFFFFFFFFFFFFFD6
:101A2000FFFFFFFFFFFFFFFFFFFFFFFFFFFFFFFFC6
:101A3000FFFFFFFFFFFFFFFFFFFFFFFFFFFFFFFFB6
:101A4000FFFFFFFFFFFFFFFFFFFFFFFFFFFFFFFFA6
:101A5000FFFFFFFFFFFFFFFFFFFFFFFFFFFFFFFF96
:101A6000FFFFFFFFFFFFFFFFFFFFFFFFFFFFFFFF86
:101A7000FFFFFFFFFFFFFFFFFFFFFFFFFFFFFFFF76
:101A8000FFFFFFFFFFFFFFFFFFFFFFFFFFFFFFFF66
:101A9000FFFFFFFFFFFFFFFFFFFFFFFFFFFFFFFF56
:101AA000FFFFFFFFFFFFFFFFFFFFFFFFFFFFFFFF46
:101AB000FFFFFFFFFFFFFFFFFFFFFFFFFFFFFFFF36
:101AC000FFFFFFFFFFFFFFFFFFFFFFFFFFFFFFFF26
:101AD000FFFFFFFFFFFFFFFFFFFFFFFFFFFFFFFF16
:101AE000FFFFFFFFFFFFFFFFFFFFFFFFFFFFFFFF06
:101AF000FFFFFFFFFFFFFFFFFFFFFFFFFFFFFFFFF6
:101B0000FFFFFFFFFFFFFFFFFFFFFFFFFFFFFFFFE5
:101B1000FFFFFFFFFFFFFFFFFFFFFFFFFFFFFFFFD5
:101B2000FFFFFFFFFFFFFFFFFFFFFFFFFFFFFFFFC5
:101B3000FFFFFFFFFFFFFFFFFFFFFFFFFFFFFFFFB5
:101B4000FFFFFFFFFFFFFFFFFFFFFFFFFFFFFFFFA5
:101B5000FFFFFFFFFFFFFFFFFFFFFFFFFFFFFFFF95
:101B6000FFFFFFFFFFFFFFFFFFFFFFFFFFFFFFFF85
:101B7000FFFFFFFFFFFFFFFFFFFFFFFFFFFFFFFF75
:101B8000FFFFFFFFFFFFFFFFFFFFFFFFFFFFFFFF65
:101B9000FFFFFFFFFFFFFFFFFFFFFFFFFFFFFFFF55
:101BA000FFFFFFFFFFFFFFFFFFFFFFFFFFFFFFFF45
:101BB000FFFFFFFFFFFFFFFFFFFFFFFFFFFFFFFF35
:101BC000FFFFFFFFFFFFFFFFFFFFFFFFFFFFFFFF25
:101BD000FFFFFFFFFFFFFFFFFFFFFFFFFFFFFFFF15
:101BE000FFFFFFFFFFFFFFFFFFFFFFFFFFFFFFFF05
:101BF000FFFFFFFFFFFFFFFFFFFFFFFFFFFFFFFFF5
:101C0000FFFFFFFFFFFFFFFFFFFFFFFFFFFFFFFFE4
:101C1000FFFFFFFFFFFFFFFFFFFFFFFFFFFFFFFFD4
:101C2000FFFFFFFFFFFFFFFFFFFFFFFFFFFFFFFFC4
:101C3000FFFFFFFFFFFFFFFFFFFFFFFFFFFFFFFFB4
:101C4000FFFFFFFFFFFFFFFFFFFFFFFFFFFFFFFFA4
:101C5000FFFFFFFFFFFFFFFFFFFFFFFFFFFFFFFF94
:101C6000FFFFFFFFFFFFFFFFFFFFFFFFFFFFFFFF84
:101C7000FFFFFFFFFFFFFFFFFFFFFFFFFFFFFFFF74
:101C8000FFFFFFFFFFFFFFFFFFFFFFFFFFFFFFFF64
:101C9000FFFFFFFFFFFFFFFFFFFFFFFFFFFFFFFF54
:101CA000FFFFFFFFFFFFFFFFFFFFFFFFFFFFFFFF44
:101CB000FFFFFFFFFFFFFFFFFFFFFFFFFFFFFFFF34
:101CC000FFFFFFFFFFFFFFFFFFFFFFFFFFFFFFFF24
:101CD000FFFFFFFFFFFFFFFFFFFFFFFFFFFFFFFF14
:101CE000FFFFFFFFFFFFFFFFFFFFFFFFFFFFFFFF04
:101CF000FFFFFFFFFFFFFFFFFFFFFFFFFFFFFFFFF4
:101D0000FFFFFFFFFFFFFFFFFFFFFFFFFFFFFFFFE3
:101D1000FFFFFFFFFFFFFFFFFFFFFFFFFFFFFFFFD3
:101D2000FFFFFFFFFFFFFFFFFFFFFFFFFFFFFFFFC3
:101D3000FFFFFFFFFFFFFFFFFFFFFFFFFFFFFFFFB3
:101D4000FFFFFFFFFFFFFFFFFFFFFFFFFFFFFFFFA3
:101D5000FFFFFFFFFFFFFFFFFFFFFFFFFFFFFFFF93
:101D6000FFFFFFFFFFFFFFFFFFFFFFFFFFFFFFFF83
:101D7000FFFFFFFFFFFFFFFFFFFFFFFFFFFFFFFF73
:101D8000FFFFFFFFFFFFFFFFFFFFFFFFFFFFFFFF63
:101D9000FFFFFFFFFFFFFFFFFFFFFFFFFFFFFFFF53
:101DA000FFFFFFFFFFFFFFFFFFFFFFFFFFFFFFFF43
:101DB000FFFFFFFFFFFFFFFFFFFFFFFFFFFFFFFF33
:101DC000FFFFFFFFFFFFFFFFFFFFFFFFFFFFFFFF23
:101DD000FFFFFFFFFFFFFFFFFFFFFFFFFFFFFFFF13
:101DE000FFFFFFFFFFFFFFFFFFFFFFFFFFFFFFFF03
:101DF000FFFFFFFFFFFFFFFFFFFFFFFFFFFFFFFFF3
:101E0000FFFFFFFFFFFFFFFFFFFFFFFFFFFFFFFFE2
:101E1000FFFFFFFFFFFFFFFFFFFFFFFFFFFFFFFFD2
:101E2000FFFFFFFFFFFFFFFFFFFFFFFFFFFFFFFFC2
:101E3000FFFFFFFFFFFFFFFFFFFFFFFFFFFFFFFFB2
:101E4000FFFFFFFFFFFFFFFFFFFFFFFFFFFFFFFFA2
:101E5000FFFFFFFFFFFFFFFFFFFFFFFFFFFFFFFF92
:101E6000FFFFFFFFFFFFFFFFFFFFFFFFFFFFFFFF82
:101E7000FFFFFFFFFFFFFFFFFFFFFFFFFFFFFFFF72
:101E8000FFFFFFFFFFFFFFFFFFFFFFFFFFFFFFFF62
:101E9000FFFFFFFFFFFFFFFFFFFFFFFFFFFFFFFF52
:101EA000FFFFFFFFFFFFFFFFFFFFFFFFFFFFFFFF42
:101EB000FFFFFFFFFFFFFFFFFFFFFFFFFFFFFFFF32
:101EC000FFFFFFFFFFFFFFFFFFFFFFFFFFFFFFFF22
:101ED000FFFFFFFFFFFFFFFFFFFFFFFFFFFFFFFF12
:101EE000FFFFFFFFFFFFFFFFFFFFFFFFFFFFFFFF02
:101EF000FFFFFFFFFFFFFFFFFFFFFFFFFFFFFFFFF2
:101F0000FFFFFFFFFFFFFFFFFFFFFFFFFFFFFFFFE1
:101F1000FFFFFFFFFFFFFFFFFFFFFFFFFFFFFFFFD1
:101F2000FFFFFFFFFFFFFFFFFFFFFFFFFFFFFFFFC1
:101F3000FFFFFFFFFFFFFFFFFFFFFFFFFFFFFFFFB1
:101F4000FFFFFFFFFFFFFFFFFFFFFFFFFFFFFFFFA1
:101F5000FFFFFFFFFFFFFFFFFFFFFFFFFFFFFFFF91
:101F6000FFFFFFFFFFFFFFFFFFFFFFFFFFFFFFFF81
:101F7000FFFFFFFFFFFFFFFFFFFFFFFFFFFFFFFF71
:101F8000FFFFFFFFFFFFFFFFFFFFFFFFFFFFFFFF61
:101F9000FFFFFFFFFFFFFFFFFFFFFFFFFFFFFFFF51
:101FA000FFFFFFFFFFFFFFFFFFFFFFFFFFFFFFFF41
:101FB000FFFFFFFFFFFFFFFFFFFFFFFFFFFFFFFF31
:101FC000FFFFFFFFFFFFFFFFFFFFFFFFFFFFFFFF21
:101FD000FFFFFFFFFFFFFFFFFFFFFFFFFFFFFFFF11
:101FE000FFFFFFFFFFFFFFFFFFFFFFFFFFFFFFFF01
:101FF000FFFFFFFFFFFFFFFFFFFFFFFFFFFFFFFFF1
:10200000FFFFFFFFFFFFFFFFFFFFFFFFFFFFFFFFE0
:10201000FFFFFFFFFFFFFFFFFFFFFFFFFFFFFFFFD0
:10202000FFFFFFFFFFFFFFFFFFFFFFFFFFFFFFFFC0
:10203000FFFFFFFFFFFFFFFFFFFFFFFFFFFFFFFFB0
:10204000FFFFFFFFFFFFFFFFFFFFFFFFFFFFFFFFA0
:10205000FFFFFFFFFFFFFFFFFFFFFFFFFFFFFFFF90
:10206000FFFFFFFFFFFFFFFFFFFFFFFFFFFFFFFF80
:10207000FFFFFFFFFFFFFFFFFFFFFFFFFFFFFFFF70
:10208000FFFFFFFFFFFFFFFFFFFFFFFFFFFFFFFF60
:10209000FFFFFFFFFFFFFFFFFFFFFFFFFFFFFFFF50
:1020A000FFFFFFFFFFFFFFFFFFFFFFFFFFFFFFFF40
:1020B000FFFFFFFFFFFFFFFFFFFFFFFFFFFFFFFF30
:1020C000FFFFFFFFFFFFFFFFFFFFFFFFFFFFFFFF20
:1020D000FFFFFFFFFFFFFFFFFFFFFFFFFFFFFFFF10
:1020E000FFFFFFFFFFFFFFFFFFFFFFFFFFFFFFFF00
:1020F000FFFFFFFFFFFFFFFFFFFFFFFFFFFFFFFFF0
:10210000FFFFFFFFFFFFFFFFFFFFFFFFFFFFFFFFDF
:10211000FFFFFFFFFFFFFFFFFFFFFFFFFFFFFFFFCF
:10212000FFFFFFFFFFFFFFFFFFFFFFFFFFFFFFFFBF
:10213000FFFFFFFFFFFFFFFFFFFFFFFFFFFFFFFFAF
:10214000FFFFFFFFFFFFFFFFFFFFFFFFFFFFFFFF9F
:10215000FFFFFFFFFFFFFFFFFFFFFFFFFFFFFFFF8F
:10216000FFFFFFFFFFFFFFFFFFFFFFFFFFFFFFFF7F
:10217000FFFFFFFFFFFFFFFFFFFFFFFFFFFFFFFF6F
:10218000FFFFFFFFFFFFFFFFFFFFFFFFFFFFFFFF5F
:10219000FFFFFFFFFFFFFFFFFFFFFFFFFFFFFFFF4F
:1021A000FFFFFFFFFFFFFFFFFFFFFFFFFFFFFFFF3F
:1021B000FFFFFFFFFFFFFFFFFFFFFFFFFFFFFFFF2F
:1021C000FFFFFFFFFFFFFFFFFFFFFFFFFFFFFFFF1F
:1021D000FFFFFFFFFFFFFFFFFFFFFFFFFFFFFFFF0F
:1021E000FFFFFFFFFFFFFFFFFFFFFFFFFFFFFFFFFF
:1021F000FFFFFFFFFFFFFFFFFFFFFFFFFFFFFFFFEF
:10220000FFFFFFFFFFFFFFFFFFFFFFFFFFFFFFFFDE
:10221000FFFFFFFFFFFFFFFFFFFFFFFFFFFFFFFFCE
:10222000FFFFFFFFFFFFFFFFFFFFFFFFFFFFFFFFBE
:10223000FFFFFFFFFFFFFFFFFFFFFFFFFFFFFFFFAE
:10224000FFFFFFFFFFFFFFFFFFFFFFFFFFFFFFFF9E
:10225000FFFFFFFFFFFFFFFFFFFFFFFFFFFFFFFF8E
:10226000FFFFFFFFFFFFFFFFFFFFFFFFFFFFFFFF7E
:10227000FFFFFFFFFFFFFFFFFFFFFFFFFFFFFFFF6E
:10228000FFFFFFFFFFFFFFFFFFFFFFFFFFFFFFFF5E
:10229000FFFFFFFFFFFFFFFFFFFFFFFFFFFFFFFF4E
:1022A000FFFFFFFFFFFFFFFFFFFFFFFFFFFFFFFF3E
:1022B000FFFFFFFFFFFFFFFFFFFFFFFFFFFFFFFF2E
:1022C000FFFFFFFFFFFFFFFFFFFFFFFFFFFFFFFF1E
:1022D000FFFFFFFFFFFFFFFFFFFFFFFFFFFFFFFF0E
:1022E000FFFFFFFFFFFFFFFFFFFFFFFFFFFFFFFFFE
:1022F000FFFFFFFFFFFFFFFFFFFFFFFFFFFFFFFFEE
:10230000FFFFFFFFFFFFFFFFFFFFFFFFFFFFFFFFDD
:10231000FFFFFFFFFFFFFFFFFFFFFFFFFFFFFFFFCD
:10232000FFFFFFFFFFFFFFFFFFFFFFFFFFFFFFFFBD
:10233000FFFFFFFFFFFFFFFFFFFFFFFFFFFFFFFFAD
:10234000FFFFFFFFFFFFFFFFFFFFFFFFFFFFFFFF9D
:10235000FFFFFFFFFFFFFFFFFFFFFFFFFFFFFFFF8D
:10236000FFFFFFFFFFFFFFFFFFFFFFFFFFFFFFFF7D
:10237000FFFFFFFFFFFFFFFFFFFFFFFFFFFFFFFF6D
:10238000FFFFFFFFFFFFFFFFFFFFFFFFFFFFFFFF5D
:10239000FFFFFFFFFFFFFFFFFFFFFFFFFFFFFFFF4D
:1023A000FFFFFFFFFFFFFFFFFFFFFFFFFFFFFFFF3D
:1023B000FFFFFFFFFFFFFFFFFFFFFFFFFFFFFFFF2D
:1023C000FFFFFFFFFFFFFFFFFFFFFFFFFFFFFFFF1D
:1023D000FFFFFFFFFFFFFFFFFFFFFFFFFFFFFFFF0D
:1023E000FFFFFFFFFFFFFFFFFFFFFFFFFFFFFFFFFD
:1023F000FFFFFFFFFFFFFFFFFFFFFFFFFFFFFFFFED
:10240000FFFFFFFFFFFFFFFFFFFFFFFFFFFFFFFFDC
:10241000FFFFFFFFFFFFFFFFFFFFFFFFFFFFFFFFCC
:10242000FFFFFFFFFFFFFFFFFFFFFFFFFFFFFFFFBC
:10243000FFFFFFFFFFFFFFFFFFFFFFFFFFFFFFFFAC
:10244000FFFFFFFFFFFFFFFFFFFFFFFFFFFFFFFF9C
:10245000FFFFFFFFFFFFFFFFFFFFFFFFFFFFFFFF8C
:10246000FFFFFFFFFFFFFFFFFFFFFFFFFFFFFFFF7C
:10247000FFFFFFFFFFFFFFFFFFFFFFFFFFFFFFFF6C
:10248000FFFFFFFFFFFFFFFFFFFFFFFFFFFFFFFF5C
:10249000FFFFFFFFFFFFFFFFFFFFFFFFFFFFFFFF4C
:1024A000FFFFFFFFFFFFFFFFFFFFFFFFFFFFFFFF3C
:1024B000FFFFFFFFFFFFFFFFFFFFFFFFFFFFFFFF2C
:1024C000FFFFFFFFFFFFFFFFFFFFFFFFFFFFFFFF1C
:1024D000FFFFFFFFFFFFFFFFFFFFFFFFFFFFFFFF0C
:1024E000FFFFFFFFFFFFFFFFFFFFFFFFFFFFFFFFFC
:1024F000FFFFFFFFFFFFFFFFFFFFFFFFFFFFFFFFEC
:10250000FFFFFFFFFFFFFFFFFFFFFFFFFFFFFFFFDB
:10251000FFFFFFFFFFFFFFFFFFFFFFFFFFFFFFFFCB
:10252000FFFFFFFFFFFFFFFFFFFFFFFFFFFFFFFFBB
:10253000FFFFFFFFFFFFFFFFFFFFFFFFFFFFFFFFAB
:10254000FFFFFFFFFFFFFFFFFFFFFFFFFFFFFFFF9B
:10255000FFFFFFFFFFFFFFFFFFFFFFFFFFFFFFFF8B
:10256000FFFFFFFFFFFFFFFFFFFFFFFFFFFFFFFF7B
:10257000FFFFFFFFFFFFFFFFFFFFFFFFFFFFFFFF6B
:10258000FFFFFFFFFFFFFFFFFFFFFFFFFFFFFFFF5B
:10259000FFFFFFFFFFFFFFFFFFFFFFFFFFFFFFFF4B
:1025A000FFFFFFFFFFFFFFFFFFFFFFFFFFFFFFFF3B
:1025B000FFFFFFFFFFFFFFFFFFFFFFFFFFFFFFFF2B
:1025C000FFFFFFFFFFFFFFFFFFFFFFFFFFFFFFFF1B
:1025D000FFFFFFFFFFFFFFFFFFFFFFFFFFFFFFFF0B
:1025E000FFFFFFFFFFFFFFFFFFFFFFFFFFFFFFFFFB
:1025F000FFFFFFFFFFFFFFFFFFFFFFFFFFFFFFFFEB
:10260000FFFFFFFFFFFFFFFFFFFFFFFFFFFFFFFFDA
:10261000FFFFFFFFFFFFFFFFFFFFFFFFFFFFFFFFCA
:10262000FFFFFFFFFFFFFFFFFFFFFFFFFFFFFFFFBA
:10263000FFFFFFFFFFFFFFFFFFFFFFFFFFFFFFFFAA
:10264000FFFFFFFFFFFFFFFFFFFFFFFFFFFFFFFF9A
:10265000FFFFFFFFFFFFFFFFFFFFFFFFFFFFFFFF8A
:10266000FFFFFFFFFFFFFFFFFFFFFFFFFFFFFFFF7A
:10267000FFFFFFFFFFFFFFFFFFFFFFFFFFFFFFFF6A
:10268000FFFFFFFFFFFFFFFFFFFFFFFFFFFFFFFF5A
:10269000FFFFFFFFFFFFFFFFFFFFFFFFFFFFFFFF4A
:1026A000FFFFFFFFFFFFFFFFFFFFFFFFFFFFFFFF3A
:1026B000FFFFFFFFFFFFFFFFFFFFFFFFFFFFFFFF2A
:1026C000FFFFFFFFFFFFFFFFFFFFFFFFFFFFFFFF1A
:1026D000FFFFFFFFFFFFFFFFFFFFFFFFFFFFFFFF0A
:1026E000FFFFFFFFFFFFFFFFFFFFFFFFFFFFFFFFFA
:1026F000FFFFFFFFFFFFFFFFFFFFFFFFFFFFFFFFEA
:10270000FFFFFFFFFFFFFFFFFFFFFFFFFFFFFFFFD9
:10271000FFFFFFFFFFFFFFFFFFFFFFFFFFFFFFFFC9
:10272000FFFFFFFFFFFFFFFFFFFFFFFFFFFFFFFFB9
:10273000FFFFFFFFFFFFFFFFFFFFFFFFFFFFFFFFA9
:10274000FFFFFFFFFFFFFFFFFFFFFFFFFFFFFFFF99
:10275000FFFFFFFFFFFFFFFFFFFFFFFFFFFFFFFF89
:10276000FFFFFFFFFFFFFFFFFFFFFFFFFFFFFFFF79
:10277000FFFFFFFFFFFFFFFFFFFFFFFFFFFFFFFF69
:10278000FFFFFFFFFFFFFFFFFFFFFFFFFFFFFFFF59
:10279000FFFFFFFFFFFFFFFFFFFFFFFFFFFFFFFF49
:1027A000FFFFFFFFFFFFFFFFFFFFFFFFFFFFFFFF39
:1027B000FFFFFFFFFFFFFFFFFFFFFFFFFFFFFFFF29
:1027C000FFFFFFFFFFFFFFFFFFFFFFFFFFFFFFFF19
:1027D000FFFFFFFFFFFFFFFFFFFFFFFFFFFFFFFF09
:1027E000FFFFFFFFFFFFFFFFFFFFFFFFFFFFFFFFF9
:1027F000FFFFFFFFFFFFFFFFFFFFFFFFFFFFFFFFE9
:10280000FFFFFFFFFFFFFFFFFFFFFFFFFFFFFFFFD8
:10281000FFFFFFFFFFFFFFFFFFFFFFFFFFFFFFFFC8
:10282000FFFFFFFFFFFFFFFFFFFFFFFFFFFFFFFFB8
:10283000FFFFFFFFFFFFFFFFFFFFFFFFFFFFFFFFA8
:10284000FFFFFFFFFFFFFFFFFFFFFFFFFFFFFFFF98
:10285000FFFFFFFFFFFFFFFFFFFFFFFFFFFFFFFF88
:10286000FFFFFFFFFFFFFFFFFFFFFFFFFFFFFFFF78
:10287000FFFFFFFFFFFFFFFFFFFFFFFFFFFFFFFF68
:10288000FFFFFFFFFFFFFFFFFFFFFFFFFFFFFFFF58
:10289000FFFFFFFFFFFFFFFFFFFFFFFFFFFFFFFF48
:1028A000FFFFFFFFFFFFFFFFFFFFFFFFFFFFFFFF38
:1028B000FFFFFFFFFFFFFFFFFFFFFFFFFFFFFFFF28
:1028C000FFFFFFFFFFFFFFFFFFFFFFFFFFFFFFFF18
:1028D000FFFFFFFFFFFFFFFFFFFFFFFFFFFFFFFF08
:1028E000FFFFFFFFFFFFFFFFFFFFFFFFFFFFFFFFF8
:1028F000FFFFFFFFFFFFFFFFFFFFFFFFFFFFFFFFE8
:10290000FFFFFFFFFFFFFFFFFFFFFFFFFFFFFFFFD7
:10291000FFFFFFFFFFFFFFFFFFFFFFFFFFFFFFFFC7
:10292000FFFFFFFFFFFFFFFFFFFFFFFFFFFFFFFFB7
:10293000FFFFFFFFFFFFFFFFFFFFFFFFFFFFFFFFA7
:10294000FFFFFFFFFFFFFFFFFFFFFFFFFFFFFFFF97
:10295000FFFFFFFFFFFFFFFFFFFFFFFFFFFFFFFF87
:10296000FFFFFFFFFFFFFFFFFFFFFFFFFFFFFFFF77
:10297000FFFFFFFFFFFFFFFFFFFFFFFFFFFFFFFF67
:10298000FFFFFFFFFFFFFFFFFFFFFFFFFFFFFFFF57
:10299000FFFFFFFFFFFFFFFFFFFFFFFFFFFFFFFF47
:1029A000FFFFFFFFFFFFFFFFFFFFFFFFFFFFFFFF37
:1029B000FFFFFFFFFFFFFFFFFFFFFFFFFFFFFFFF27
:1029C000FFFFFFFFFFFFFFFFFFFFFFFFFFFFFFFF17
:1029D000FFFFFFFFFFFFFFFFFFFFFFFFFFFFFFFF07
:1029E000FFFFFFFFFFFFFFFFFFFFFFFFFFFFFFFFF7
:1029F000FFFFFFFFFFFFFFFFFFFFFFFFFFFFFFFFE7
:102A0000FFFFFFFFFFFFFFFFFFFFFFFFFFFFFFFFD6
:102A1000FFFFFFFFFFFFFFFFFFFFFFFFFFFFFFFFC6
:102A2000FFFFFFFFFFFFFFFFFFFFFFFFFFFFFFFFB6
:102A3000FFFFFFFFFFFFFFFFFFFFFFFFFFFFFFFFA6
:102A4000FFFFFFFFFFFFFFFFFFFFFFFFFFFFFFFF96
:102A5000FFFFFFFFFFFFFFFFFFFFFFFFFFFFFFFF86
:102A6000FFFFFFFFFFFFFFFFFFFFFFFFFFFFFFFF76
:102A7000FFFFFFFFFFFFFFFFFFFFFFFFFFFFFFFF66
:102A8000FFFFFFFFFFFFFFFFFFFFFFFFFFFFFFFF56
:102A9000FFFFFFFFFFFFFFFFFFFFFFFFFFFFFFFF46
:102AA000FFFFFFFFFFFFFFFFFFFFFFFFFFFFFFFF36
:102AB000FFFFFFFFFFFFFFFFFFFFFFFFFFFFFFFF26
:102AC000FFFFFFFFFFFFFFFFFFFFFFFFFFFFFFFF16
:102AD000FFFFFFFFFFFFFFFFFFFFFFFFFFFFFFFF06
:102AE000FFFFFFFFFFFFFFFFFFFFFFFFFFFFFFFFF6
:102AF000FFFFFFFFFFFFFFFFFFFFFFFFFFFFFFFFE6
:102B0000FFFFFFFFFFFFFFFFFFFFFFFFFFFFFFFFD5
:102B1000FFFFFFFFFFFFFFFFFFFFFFFFFFFFFFFFC5
:102B2000FFFFFFFFFFFFFFFFFFFFFFFFFFFFFFFFB5
:102B3000FFFFFFFFFFFFFFFFFFFFFFFFFFFFFFFFA5
:102B4000FFFFFFFFFFFFFFFFFFFFFFFFFFFFFFFF95
:102B5000FFFFFFFFFFFFFFFFFFFFFFFFFFFFFFFF85
:102B6000FFFFFFFFFFFFFFFFFFFFFFFFFFFFFFFF75
:102B7000FFFFFFFFFFFFFFFFFFFFFFFFFFFFFFFF65
:102B8000FFFFFFFFFFFFFFFFFFFFFFFFFFFFFFFF55
:102B9000FFFFFFFFFFFFFFFFFFFFFFFFFFFFFFFF45
:102BA000FFFFFFFFFFFFFFFFFFFFFFFFFFFFFFFF35
:102BB000FFFFFFFFFFFFFFFFFFFFFFFFFFFFFFFF25
:102BC000FFFFFFFFFFFFFFFFFFFFFFFFFFFFFFFF15
:102BD000FFFFFFFFFFFFFFFFFFFFFFFFFFFFFFFF05
:102BE000FFFFFFFFFFFFFFFFFFFFFFFFFFFFFFFFF5
:102BF000FFFFFFFFFFFFFFFFFFFFFFFFFFFFFFFFE5
:102C0000FFFFFFFFFFFFFFFFFFFFFFFFFFFFFFFFD4
:102C1000FFFFFFFFFFFFFFFFFFFFFFFFFFFFFFFFC4
:102C2000FFFFFFFFFFFFFFFFFFFFFFFFFFFFFFFFB4
:102C3000FFFFFFFFFFFFFFFFFFFFFFFFFFFFFFFFA4
:102C4000FFFFFFFFFFFFFFFFFFFFFFFFFFFFFFFF94
:102C5000FFFFFFFFFFFFFFFFFFFFFFFFFFFFFFFF84
:102C6000FFFFFFFFFFFFFFFFFFFFFFFFFFFFFFFF74
:102C7000FFFFFFFFFFFFFFFFFFFFFFFFFFFFFFFF64
:102C8000FFFFFFFFFFFFFFFFFFFFFFFFFFFFFFFF54
:102C9000FFFFFFFFFFFFFFFFFFFFFFFFFFFFFFFF44
:102CA000FFFFFFFFFFFFFFFFFFFFFFFFFFFFFFFF34
:102CB000FFFFFFFFFFFFFFFFFFFFFFFFFFFFFFFF24
:102CC000FFFFFFFFFFFFFFFFFFFFFFFFFFFFFFFF14
:102CD000FFFFFFFFFFFFFFFFFFFFFFFFFFFFFFFF04
:102CE000FFFFFFFFFFFFFFFFFFFFFFFFFFFFFFFFF4
:102CF000FFFFFFFFFFFFFFFFFFFFFFFFFFFFFFFFE4
:102D0000FFFFFFFFFFFFFFFFFFFFFFFFFFFFFFFFD3
:102D1000FFFFFFFFFFFFFFFFFFFFFFFFFFFFFFFFC3
:102D2000FFFFFFFFFFFFFFFFFFFFFFFFFFFFFFFFB3
:102D3000FFFFFFFFFFFFFFFFFFFFFFFFFFFFFFFFA3
:102D4000FFFFFFFFFFFFFFFFFFFFFFFFFFFFFFFF93
:102D5000FFFFFFFFFFFFFFFFFFFFFFFFFFFFFFFF83
:102D6000FFFFFFFFFFFFFFFFFFFFFFFFFFFFFFFF73
:102D7000FFFFFFFFFFFFFFFFFFFFFFFFFFFFFFFF63
:102D8000FFFFFFFFFFFFFFFFFFFFFFFFFFFFFFFF53
:102D9000FFFFFFFFFFFFFFFFFFFFFFFFFFFFFFFF43
:102DA000FFFFFFFFFFFFFFFFFFFFFFFFFFFFFFFF33
:102DB000FFFFFFFFFFFFFFFFFFFFFFFFFFFFFFFF23
:102DC000FFFFFFFFFFFFFFFFFFFFFFFFFFFFFFFF13
:102DD000FFFFFFFFFFFFFFFFFFFFFFFFFFFFFFFF03
:102DE000FFFFFFFFFFFFFFFFFFFFFFFFFFFFFFFFF3
:102DF000FFFFFFFFFFFFFFFFFFFFFFFFFFFFFFFFE3
:102E0000FFFFFFFFFFFFFFFFFFFFFFFFFFFFFFFFD2
:102E1000FFFFFFFFFFFFFFFFFFFFFFFFFFFFFFFFC2
:102E2000FFFFFFFFFFFFFFFFFFFFFFFFFFFFFFFFB2
:102E3000FFFFFFFFFFFFFFFFFFFFFFFFFFFFFFFFA2
:102E4000FFFFFFFFFFFFFFFFFFFFFFFFFFFFFFFF92
:102E5000FFFFFFFFFFFFFFFFFFFFFFFFFFFFFFFF82
:102E6000FFFFFFFFFFFFFFFFFFFFFFFFFFFFFFFF72
:102E7000FFFFFFFFFFFFFFFFFFFFFFFFFFFFFFFF62
:102E8000FFFFFFFFFFFFFFFFFFFFFFFFFFFFFFFF52
:102E9000FFFFFFFFFFFFFFFFFFFFFFFFFFFFFFFF42
:102EA000FFFFFFFFFFFFFFFFFFFFFFFFFFFFFFFF32
:102EB000FFFFFFFFFFFFFFFFFFFFFFFFFFFFFFFF22
:102EC000FFFFFFFFFFFFFFFFFFFFFFFFFFFFFFFF12
:102ED000FFFFFFFFFFFFFFFFFFFFFFFFFFFFFFFF02
:102EE000FFFFFFFFFFFFFFFFFFFFFFFFFFFFFFFFF2
:102EF000FFFFFFFFFFFFFFFFFFFFFFFFFFFFFFFFE2
:102F0000FFFFFFFFFFFFFFFFFFFFFFFFFFFFFFFFD1
:102F1000FFFFFFFFFFFFFFFFFFFFFFFFFFFFFFFFC1
:102F2000FFFFFFFFFFFFFFFFFFFFFFFFFFFFFFFFB1
:102F3000FFFFFFFFFFFFFFFFFFFFFFFFFFFFFFFFA1
:102F4000FFFFFFFFFFFFFFFFFFFFFFFFFFFFFFFF91
:102F5000FFFFFFFFFFFFFFFFFFFFFFFFFFFFFFFF81
:102F6000FFFFFFFFFFFFFFFFFFFFFFFFFFFFFFFF71
:102F7000FFFFFFFFFFFFFFFFFFFFFFFFFFFFFFFF61
:102F8000FFFFFFFFFFFFFFFFFFFFFFFFFFFFFFFF51
:102F9000FFFFFFFFFFFFFFFFFFFFFFFFFFFFFFFF41
:102FA000FFFFFFFFFFFFFFFFFFFFFFFFFFFFFFFF31
:102FB000FFFFFFFFFFFFFFFFFFFFFFFFFFFFFFFF21
:102FC000FFFFFFFFFFFFFFFFFFFFFFFFFFFFFFFF11
:102FD000FFFFFFFFFFFFFFFFFFFFFFFFFFFFFFFF01
:102FE000FFFFFFFFFFFFFFFFFFFFFFFFFFFFFFFFF1
:102FF000FFFFFFFFFFFFFFFFFFFFFFFFFFFFFFFFE1
:10300000FFFFFFFFFFFFFFFFFFFFFFFFFFFFFFFFD0
:10301000FFFFFFFFFFFFFFFFFFFFFFFFFFFFFFFFC0
:10302000FFFFFFFFFFFFFFFFFFFFFFFFFFFFFFFFB0
:10303000FFFFFFFFFFFFFFFFFFFFFFFFFFFFFFFFA0
:10304000FFFFFFFFFFFFFFFFFFFFFFFFFFFFFFFF90
:10305000FFFFFFFFFFFFFFFFFFFFFFFFFFFFFFFF80
:10306000FFFFFFFFFFFFFFFFFFFFFFFFFFFFFFFF70
:10307000FFFFFFFFFFFFFFFFFFFFFFFFFFFFFFFF60
:10308000FFFFFFFFFFFFFFFFFFFFFFFFFFFFFFFF50
:10309000FFFFFFFFFFFFFFFFFFFFFFFFFFFFFFFF40
:1030A000FFFFFFFFFFFFFFFFFFFFFFFFFFFFFFFF30
:1030B000FFFFFFFFFFFFFFFFFFFFFFFFFFFFFFFF20
:1030C000FFFFFFFFFFFFFFFFFFFFFFFFFFFFFFFF10
:1030D000FFFFFFFFFFFFFFFFFFFFFFFFFFFFFFFF00
:1030E000FFFFFFFFFFFFFFFFFFFFFFFFFFFFFFFFF0
:1030F000FFFFFFFFFFFFFFFFFFFFFFFFFFFFFFFFE0
:10310000FFFFFFFFFFFFFFFFFFFFFFFFFFFFFFFFCF
:10311000FFFFFFFFFFFFFFFFFFFFFFFFFFFFFFFFBF
:10312000FFFFFFFFFFFFFFFFFFFFFFFFFFFFFFFFAF
:10313000FFFFFFFFFFFFFFFFFFFFFFFFFFFFFFFF9F
:10314000FFFFFFFFFFFFFFFFFFFFFFFFFFFFFFFF8F
:10315000FFFFFFFFFFFFFFFFFFFFFFFFFFFFFFFF7F
:10316000FFFFFFFFFFFFFFFFFFFFFFFFFFFFFFFF6F
:10317000FFFFFFFFFFFFFFFFFFFFFFFFFFFFFFFF5F
:10318000FFFFFFFFFFFFFFFFFFFFFFFFFFFFFFFF4F
:10319000FFFFFFFFFFFFFFFFFFFFFFFFFFFFFFFF3F
:1031A000FFFFFFFFFFFFFFFFFFFFFFFFFFFFFFFF2F
:1031B000FFFFFFFFFFFFFFFFFFFFFFFFFFFFFFFF1F
:1031C000FFFFFFFFFFFFFFFFFFFFFFFFFFFFFFFF0F
:1031D000FFFFFFFFFFFFFFFFFFFFFFFFFFFFFFFFFF
:1031E000FFFFFFFFFFFFFFFFFFFFFFFFFFFFFFFFEF
:1031F000FFFFFFFFFFFFFFFFFFFFFFFFFFFFFFFFDF
:10320000FFFFFFFFFFFFFFFFFFFFFFFFFFFFFFFFCE
:10321000FFFFFFFFFFFFFFFFFFFFFFFFFFFFFFFFBE
:10322000FFFFFFFFFFFFFFFFFFFFFFFFFFFFFFFFAE
:10323000FFFFFFFFFFFFFFFFFFFFFFFFFFFFFFFF9E
:10324000FFFFFFFFFFFFFFFFFFFFFFFFFFFFFFFF8E
:10325000FFFFFFFFFFFFFFFFFFFFFFFFFFFFFFFF7E
:10326000FFFFFFFFFFFFFFFFFFFFFFFFFFFFFFFF6E
:10327000FFFFFFFFFFFFFFFFFFFFFFFFFFFFFFFF5E
:10328000FFFFFFFFFFFFFFFFFFFFFFFFFFFFFFFF4E
:10329000FFFFFFFFFFFFFFFFFFFFFFFFFFFFFFFF3E
:1032A000FFFFFFFFFFFFFFFFFFFFFFFFFFFFFFFF2E
:1032B000FFFFFFFFFFFFFFFFFFFFFFFFFFFFFFFF1E
:1032C000FFFFFFFFFFFFFFFFFFFFFFFFFFFFFFFF0E
:1032D000FFFFFFFFFFFFFFFFFFFFFFFFFFFFFFFFFE
:1032E000FFFFFFFFFFFFFFFFFFFFFFFFFFFFFFFFEE
:1032F000FFFFFFFFFFFFFFFFFFFFFFFFFFFFFFFFDE
:10330000FFFFFFFFFFFFFFFFFFFFFFFFFFFFFFFFCD
:10331000FFFFFFFFFFFFFFFFFFFFFFFFFFFFFFFFBD
:10332000FFFFFFFFFFFFFFFFFFFFFFFFFFFFFFFFAD
:10333000FFFFFFFFFFFFFFFFFFFFFFFFFFFFFFFF9D
:10334000FFFFFFFFFFFFFFFFFFFFFFFFFFFFFFFF8D
:10335000FFFFFFFFFFFFFFFFFFFFFFFFFFFFFFFF7D
:10336000FFFFFFFFFFFFFFFFFFFFFFFFFFFFFFFF6D
:10337000FFFFFFFFFFFFFFFFFFFFFFFFFFFFFFFF5D
:10338000FFFFFFFFFFFFFFFFFFFFFFFFFFFFFFFF4D
:10339000FFFFFFFFFFFFFFFFFFFFFFFFFFFFFFFF3D
:1033A000FFFFFFFFFFFFFFFFFFFFFFFFFFFFFFFF2D
:1033B000FFFFFFFFFFFFFFFFFFFFFFFFFFFFFFFF1D
:1033C000FFFFFFFFFFFFFFFFFFFFFFFFFFFFFFFF0D
:1033D000FFFFFFFFFFFFFFFFFFFFFFFFFFFFFFFFFD
:1033E000FFFFFFFFFFFFFFFFFFFFFFFFFFFFFFFFED
:1033F000FFFFFFFFFFFFFFFFFFFFFFFFFFFFFFFFDD
:10340000FFFFFFFFFFFFFFFFFFFFFFFFFFFFFFFFCC
:10341000FFFFFFFFFFFFFFFFFFFFFFFFFFFFFFFFBC
:10342000FFFFFFFFFFFFFFFFFFFFFFFFFFFFFFFFAC
:10343000FFFFFFFFFFFFFFFFFFFFFFFFFFFFFFFF9C
:10344000FFFFFFFFFFFFFFFFFFFFFFFFFFFFFFFF8C
:10345000FFFFFFFFFFFFFFFFFFFFFFFFFFFFFFFF7C
:10346000FFFFFFFFFFFFFFFFFFFFFFFFFFFFFFFF6C
:10347000FFFFFFFFFFFFFFFFFFFFFFFFFFFFFFFF5C
:10348000FFFFFFFFFFFFFFFFFFFFFFFFFFFFFFFF4C
:10349000FFFFFFFFFFFFFFFFFFFFFFFFFFFFFFFF3C
:1034A000FFFFFFFFFFFFFFFFFFFFFFFFFFFFFFFF2C
:1034B000FFFFFFFFFFFFFFFFFFFFFFFFFFFFFFFF1C
:1034C000FFFFFFFFFFFFFFFFFFFFFFFFFFFFFFFF0C
:1034D000FFFFFFFFFFFFFFFFFFFFFFFFFFFFFFFFFC
:1034E000FFFFFFFFFFFFFFFFFFFFFFFFFFFFFFFFEC
:1034F000FFFFFFFFFFFFFFFFFFFFFFFFFFFFFFFFDC
:10350000FFFFFFFFFFFFFFFFFFFFFFFFFFFFFFFFCB
:10351000FFFFFFFFFFFFFFFFFFFFFFFFFFFFFFFFBB
:10352000FFFFFFFFFFFFFFFFFFFFFFFFFFFFFFFFAB
:10353000FFFFFFFFFFFFFFFFFFFFFFFFFFFFFFFF9B
:10354000FFFFFFFFFFFFFFFFFFFFFFFFFFFFFFFF8B
:10355000FFFFFFFFFFFFFFFFFFFFFFFFFFFFFFFF7B
:10356000FFFFFFFFFFFFFFFFFFFFFFFFFFFFFFFF6B
:10357000FFFFFFFFFFFFFFFFFFFFFFFFFFFFFFFF5B
:10358000FFFFFFFFFFFFFFFFFFFFFFFFFFFFFFFF4B
:10359000FFFFFFFFFFFFFFFFFFFFFFFFFFFFFFFF3B
:1035A000FFFFFFFFFFFFFFFFFFFFFFFFFFFFFFFF2B
:1035B000FFFFFFFFFFFFFFFFFFFFFFFFFFFFFFFF1B
:1035C000FFFFFFFFFFFFFFFFFFFFFFFFFFFFFFFF0B
:1035D000FFFFFFFFFFFFFFFFFFFFFFFFFFFFFFFFFB
:1035E000FFFFFFFFFFFFFFFFFFFFFFFFFFFFFFFFEB
:1035F000FFFFFFFFFFFFFFFFFFFFFFFFFFFFFFFFDB
:10360000FFFFFFFFFFFFFFFFFFFFFFFFFFFFFFFFCA
:10361000FFFFFFFFFFFFFFFFFFFFFFFFFFFFFFFFBA
:10362000FFFFFFFFFFFFFFFFFFFFFFFFFFFFFFFFAA
:10363000FFFFFFFFFFFFFFFFFFFFFFFFFFFFFFFF9A
:10364000FFFFFFFFFFFFFFFFFFFFFFFFFFFFFFFF8A
:10365000FFFFFFFFFFFFFFFFFFFFFFFFFFFFFFFF7A
:10366000FFFFFFFFFFFFFFFFFFFFFFFFFFFFFFFF6A
:10367000FFFFFFFFFFFFFFFFFFFFFFFFFFFFFFFF5A
:10368000FFFFFFFFFFFFFFFFFFFFFFFFFFFFFFFF4A
:10369000FFFFFFFFFFFFFFFFFFFFFFFFFFFFFFFF3A
:1036A000FFFFFFFFFFFFFFFFFFFFFFFFFFFFFFFF2A
:1036B000FFFFFFFFFFFFFFFFFFFFFFFFFFFFFFFF1A
:1036C000FFFFFFFFFFFFFFFFFFFFFFFFFFFFFFFF0A
:1036D000FFFFFFFFFFFFFFFFFFFFFFFFFFFFFFFFFA
:1036E000FFFFFFFFFFFFFFFFFFFFFFFFFFFFFFFFEA
:1036F000FFFFFFFFFFFFFFFFFFFFFFFFFFFFFFFFDA
:10370000FFFFFFFFFFFFFFFFFFFFFFFFFFFFFFFFC9
:10371000FFFFFFFFFFFFFFFFFFFFFFFFFFFFFFFFB9
:10372000FFFFFFFFFFFFFFFFFFFFFFFFFFFFFFFFA9
:10373000FFFFFFFFFFFFFFFFFFFFFFFFFFFFFFFF99
:10374000FFFFFFFFFFFFFFFFFFFFFFFFFFFFFFFF89
:10375000FFFFFFFFFFFFFFFFFFFFFFFFFFFFFFFF79
:10376000FFFFFFFFFFFFFFFFFFFFFFFFFFFFFFFF69
:10377000FFFFFFFFFFFFFFFFFFFFFFFFFFFFFFFF59
:10378000FFFFFFFFFFFFFFFFFFFFFFFFFFFFFFFF49
:10379000FFFFFFFFFFFFFFFFFFFFFFFFFFFFFFFF39
:1037A000FFFFFFFFFFFFFFFFFFFFFFFFFFFFFFFF29
:1037B000FFFFFFFFFFFFFFFFFFFFFFFFFFFFFFFF19
:1037C000FFFFFFFFFFFFFFFFFFFFFFFFFFFFFFFF09
:1037D000FFFFFFFFFFFFFFFFFFFFFFFFFFFFFFFFF9
:1037E000FFFFFFFFFFFFFFFFFFFFFFFFFFFFFFFFE9
:1037F000FFFFFFFFFFFFFFFFFFFFFFFFFFFFFFFFD9
:10380000FFFFFFFFFFFFFFFFFFFFFFFFFFFFFFFFC8
:10381000FFFFFFFFFFFFFFFFFFFFFFFFFFFFFFFFB8
:10382000FFFFFFFFFFFFFFFFFFFFFFFFFFFFFFFFA8
:10383000FFFFFFFFFFFFFFFFFFFFFFFFFFFFFFFF98
:10384000FFFFFFFFFFFFFFFFFFFFFFFFFFFFFFFF88
:10385000FFFFFFFFFFFFFFFFFFFFFFFFFFFFFFFF78
:10386000FFFFFFFFFFFFFFFFFFFFFFFFFFFFFFFF68
:10387000FFFFFFFFFFFFFFFFFFFFFFFFFFFFFFFF58
:10388000FFFFFFFFFFFFFFFFFFFFFFFFFFFFFFFF48
:10389000FFFFFFFFFFFFFFFFFFFFFFFFFFFFFFFF38
:1038A000FFFFFFFFFFFFFFFFFFFFFFFFFFFFFFFF28
:1038B000FFFFFFFFFFFFFFFFFFFFFFFFFFFFFFFF18
:1038C000FFFFFFFFFFFFFFFFFFFFFFFFFFFFFFFF08
:1038D000FFFFFFFFFFFFFFFFFFFFFFFFFFFFFFFFF8
:1038E000FFFFFFFFFFFFFFFFFFFFFFFFFFFFFFFFE8
:1038F000FFFFFFFFFFFFFFFFFFFFFFFFFFFFFFFFD8
:10390000FFFFFFFFFFFFFFFFFFFFFFFFFFFFFFFFC7
:10391000FFFFFFFFFFFFFFFFFFFFFFFFFFFFFFFFB7
:10392000FFFFFFFFFFFFFFFFFFFFFFFFFFFFFFFFA7
:10393000FFFFFFFFFFFFFFFFFFFFFFFFFFFFFFFF97
:10394000FFFFFFFFFFFFFFFFFFFFFFFFFFFFFFFF87
:10395000FFFFFFFFFFFFFFFFFFFFFFFFFFFFFFFF77
:10396000FFFFFFFFFFFFFFFFFFFFFFFFFFFFFFFF67
:10397000FFFFFFFFFFFFFFFFFFFFFFFFFFFFFFFF57
:10398000FFFFFFFFFFFFFFFFFFFFFFFFFFFFFFFF47
:10399000FFFFFFFFFFFFFFFFFFFFFFFFFFFFFFFF37
:1039A000FFFFFFFFFFFFFFFFFFFFFFFFFFFFFFFF27
:1039B000FFFFFFFFFFFFFFFFFFFFFFFFFFFFFFFF17
:1039C000FFFFFFFFFFFFFFFFFFFFFFFFFFFFFFFF07
:1039D000FFFFFFFFFFFFFFFFFFFFFFFFFFFFFFFFF7
:1039E000FFFFFFFFFFFFFFFFFFFFFFFFFFFFFFFFE7
:1039F000FFFFFFFFFFFFFFFFFFFFFFFFFFFFFFFFD7
:103A0000FFFFFFFFFFFFFFFFFFFFFFFFFFFFFFFFC6
:103A1000FFFFFFFFFFFFFFFFFFFFFFFFFFFFFFFFB6
:103A2000FFFFFFFFFFFFFFFFFFFFFFFFFFFFFFFFA6
:103A3000FFFFFFFFFFFFFFFFFFFFFFFFFFFFFFFF96
:103A4000FFFFFFFFFFFFFFFFFFFFFFFFFFFFFFFF86
:103A5000FFFFFFFFFFFFFFFFFFFFFFFFFFFFFFFF76
:103A6000FFFFFFFFFFFFFFFFFFFFFFFFFFFFFFFF66
:103A7000FFFFFFFFFFFFFFFFFFFFFFFFFFFFFFFF56
:103A8000FFFFFFFFFFFFFFFFFFFFFFFFFFFFFFFF46
:103A9000FFFFFFFFFFFFFFFFFFFFFFFFFFFFFFFF36
:103AA000FFFFFFFFFFFFFFFFFFFFFFFFFFFFFFFF26
:103AB000FFFFFFFFFFFFFFFFFFFFFFFFFFFFFFFF16
:103AC000FFFFFFFFFFFFFFFFFFFFFFFFFFFFFFFF06
:103AD000FFFFFFFFFFFFFFFFFFFFFFFFFFFFFFFFF6
:103AE000FFFFFFFFFFFFFFFFFFFFFFFFFFFFFFFFE6
:103AF000FFFFFFFFFFFFFFFFFFFFFFFFFFFFFFFFD6
:103B0000FFFFFFFFFFFFFFFFFFFFFFFFFFFFFFFFC5
:103B1000FFFFFFFFFFFFFFFFFFFFFFFFFFFFFFFFB5
:103B2000FFFFFFFFFFFFFFFFFFFFFFFFFFFFFFFFA5
:103B3000FFFFFFFFFFFFFFFFFFFFFFFFFFFFFFFF95
:103B4000FFFFFFFFFFFFFFFFFFFFFFFFFFFFFFFF85
:103B5000FFFFFFFFFFFFFFFFFFFFFFFFFFFFFFFF75
:103B6000FFFFFFFFFFFFFFFFFFFFFFFFFFFFFFFF65
:103B7000FFFFFFFFFFFFFFFFFFFFFFFFFFFFFFFF55
:103B8000FFFFFFFFFFFFFFFFFFFFFFFFFFFFFFFF45
:103B9000FFFFFFFFFFFFFFFFFFFFFFFFFFFFFFFF35
:103BA000FFFFFFFFFFFFFFFFFFFFFFFFFFFFFFFF25
:103BB000FFFFFFFFFFFFFFFFFFFFFFFFFFFFFFFF15
:103BC000FFFFFFFFFFFFFFFFFFFFFFFFFFFFFFFF05
:103BD000FFFFFFFFFFFFFFFFFFFFFFFFFFFFFFFFF5
:103BE000FFFFFFFFFFFFFFFFFFFFFFFFFFFFFFFFE5
:103BF000FFFFFFFFFFFFFFFFFFFFFFFFFFFFFFFFD5
:103C0000FFFFFFFFFFFFFFFFFFFFFFFFFFFFFFFFC4
:103C1000FFFFFFFFFFFFFFFFFFFFFFFFFFFFFFFFB4
:103C2000FFFFFFFFFFFFFFFFFFFFFFFFFFFFFFFFA4
:103C3000FFFFFFFFFFFFFFFFFFFFFFFFFFFFFFFF94
:103C4000FFFFFFFFFFFFFFFFFFFFFFFFFFFFFFFF84
:103C5000FFFFFFFFFFFFFFFFFFFFFFFFFFFFFFFF74
:103C6000FFFFFFFFFFFFFFFFFFFFFFFFFFFFFFFF64
:103C7000FFFFFFFFFFFFFFFFFFFFFFFFFFFFFFFF54
:103C8000FFFFFFFFFFFFFFFFFFFFFFFFFFFFFFFF44
:103C9000FFFFFFFFFFFFFFFFFFFFFFFFFFFFFFFF34
:103CA000FFFFFFFFFFFFFFFFFFFFFFFFFFFFFFFF24
:103CB000FFFFFFFFFFFFFFFFFFFFFFFFFFFFFFFF14
:103CC000FFFFFFFFFFFFFFFFFFFFFFFFFFFFFFFF04
:103CD000FFFFFFFFFFFFFFFFFFFFFFFFFFFFFFFFF4
:103CE000FFFFFFFFFFFFFFFFFFFFFFFFFFFFFFFFE4
:103CF000FFFFFFFFFFFFFFFFFFFFFFFFFFFFFFFFD4
:103D0000FFFFFFFFFFFFFFFFFFFFFFFFFFFFFFFFC3
:103D1000FFFFFFFFFFFFFFFFFFFFFFFFFFFFFFFFB3
:103D2000FFFFFFFFFFFFFFFFFFFFFFFFFFFFFFFFA3
:103D3000FFFFFFFFFFFFFFFFFFFFFFFFFFFFFFFF93
:103D4000FFFFFFFFFFFFFFFFFFFFFFFFFFFFFFFF83
:103D5000FFFFFFFFFFFFFFFFFFFFFFFFFFFFFFFF73
:103D6000FFFFFFFFFFFFFFFFFFFFFFFFFFFFFFFF63
:103D7000FFFFFFFFFFFFFFFFFFFFFFFFFFFFFFFF53
:103D8000FFFFFFFFFFFFFFFFFFFFFFFFFFFFFFFF43
:103D9000FFFFFFFFFFFFFFFFFFFFFFFFFFFFFFFF33
:103DA000FFFFFFFFFFFFFFFFFFFFFFFFFFFFFFFF23
:103DB000FFFFFFFFFFFFFFFFFFFFFFFFFFFFFFFF13
:103DC000FFFFFFFFFFFFFFFFFFFFFFFFFFFFFFFF03
:103DD000FFFFFFFFFFFFFFFFFFFFFFFFFFFFFFFFF3
:103DE000FFFFFFFFFFFFFFFFFFFFFFFFFFFFFFFFE3
:103DF000FFFFFFFFFFFFFFFFFFFFFFFFFFFFFFFFD3
:103E0000FFFFFFFFFFFFFFFFFFFFFFFFFFFFFFFFC2
:103E1000FFFFFFFFFFFFFFFFFFFFFFFFFFFFFFFFB2
:103E2000FFFFFFFFFFFFFFFFFFFFFFFFFFFFFFFFA2
:103E3000FFFFFFFFFFFFFFFFFFFFFFFFFFFFFFFF92
:103E4000FFFFFFFFFFFFFFFFFFFFFFFFFFFFFFFF82
:103E5000FFFFFFFFFFFFFFFFFFFFFFFFFFFFFFFF72
:103E6000FFFFFFFFFFFFFFFFFFFFFFFFFFFFFFFF62
:103E7000FFFFFFFFFFFFFFFFFFFFFFFFFFFFFFFF52
:103E8000FFFFFFFFFFFFFFFFFFFFFFFFFFFFFFFF42
:103E9000FFFFFFFFFFFFFFFFFFFFFFFFFFFFFFFF32
:103EA000FFFFFFFFFFFFFFFFFFFFFFFFFFFFFFFF22
:103EB000FFFFFFFFFFFFFFFFFFFFFFFFFFFFFFFF12
:103EC000FFFFFFFFFFFFFFFFFFFFFFFFFFFFFFFF02
:103ED000FFFFFFFFFFFFFFFFFFFFFFFFFFFFFFFFF2
:103EE000FFFFFFFFFFFFFFFFFFFFFFFFFFFFFFFFE2
:103EF000FFFFFFFFFFFFFFFFFFFFFFFFFFFFFFFFD2
:103F0000FFFFFFFFFFFFFFFFFFFFFFFFFFFFFFFFC1
:103F1000FFFFFFFFFFFFFFFFFFFFFFFFFFFFFFFFB1
:103F2000FFFFFFFFFFFFFFFFFFFFFFFFFFFFFFFFA1
:103F3000FFFFFFFFFFFFFFFFFFFFFFFFFFFFFFFF91
:103F4000FFFFFFFFFFFFFFFFFFFFFFFFFFFFFFFF81
:103F5000FFFFFFFFFFFFFFFFFFFFFFFFFFFFFFFF71
:103F6000FFFFFFFFFFFFFFFFFFFFFFFFFFFFFFFF61
:103F7000FFFFFFFFFFFFFFFFFFFFFFFFFFFFFFFF51
:103F8000FFFFFFFFFFFFFFFFFFFFFFFFFFFFFFFF41
:103F9000FFFFFFFFFFFFFFFFFFFFFFFFFFFFFFFF31
:103FA000FFFFFFFFFFFFFFFFFFFFFFFFFFFFFFFF21
:103FB000FFFFFFFFFFFFFFFFFFFFFFFFFFFFFFFF11
:103FC000FFFFFFFFFFFFFFFFFFFFFFFFFFFFFFFF01
:103FD000FFFFFFFFFFFFFFFFFFFFFFFFFFFFFFFFF1
:103FE000FFFFFFFFFFFFFFFFFFFFFFFFFFFFFFFFE1
:103FF000FFFFFFFFFFFFFFFFFFFFFFFFFFFFFFFFD1
:10400000FFFFFFFFFFFFFFFFFFFFFFFFFFFFFFFFC0
:10401000FFFFFFFFFFFFFFFFFFFFFFFFFFFFFFFFB0
:10402000FFFFFFFFFFFFFFFFFFFFFFFFFFFFFFFFA0
:10403000FFFFFFFFFFFFFFFFFFFFFFFFFFFFFFFF90
:10404000FFFFFFFFFFFFFFFFFFFFFFFFFFFFFFFF80
:10405000FFFFFFFFFFFFFFFFFFFFFFFFFFFFFFFF70
:10406000FFFFFFFFFFFFFFFFFFFFFFFFFFFFFFFF60
:10407000FFFFFFFFFFFFFFFFFFFFFFFFFFFFFFFF50
:10408000FFFFFFFFFFFFFFFFFFFFFFFFFFFFFFFF40
:10409000FFFFFFFFFFFFFFFFFFFFFFFFFFFFFFFF30
:1040A000FFFFFFFFFFFFFFFFFFFFFFFFFFFFFFFF20
:1040B000FFFFFFFFFFFFFFFFFFFFFFFFFFFFFFFF10
:1040C000FFFFFFFFFFFFFFFFFFFFFFFFFFFFFFFF00
:1040D000FFFFFFFFFFFFFFFFFFFFFFFFFFFFFFFFF0
:1040E000FFFFFFFFFFFFFFFFFFFFFFFFFFFFFFFFE0
:1040F000FFFFFFFFFFFFFFFFFFFFFFFFFFFFFFFFD0
:10410000FFFFFFFFFFFFFFFFFFFFFFFFFFFFFFFFBF
:10411000FFFFFFFFFFFFFFFFFFFFFFFFFFFFFFFFAF
:10412000FFFFFFFFFFFFFFFFFFFFFFFFFFFFFFFF9F
:10413000FFFFFFFFFFFFFFFFFFFFFFFFFFFFFFFF8F
:10414000FFFFFFFFFFFFFFFFFFFFFFFFFFFFFFFF7F
:10415000FFFFFFFFFFFFFFFFFFFFFFFFFFFFFFFF6F
:10416000FFFFFFFFFFFFFFFFFFFFFFFFFFFFFFFF5F
:10417000FFFFFFFFFFFFFFFFFFFFFFFFFFFFFFFF4F
:10418000FFFFFFFFFFFFFFFFFFFFFFFFFFFFFFFF3F
:10419000FFFFFFFFFFFFFFFFFFFFFFFFFFFFFFFF2F
:1041A000FFFFFFFFFFFFFFFFFFFFFFFFFFFFFFFF1F
:1041B000FFFFFFFFFFFFFFFFFFFFFFFFFFFFFFFF0F
:1041C000FFFFFFFFFFFFFFFFFFFFFFFFFFFFFFFFFF
:1041D000FFFFFFFFFFFFFFFFFFFFFFFFFFFFFFFFEF
:1041E000FFFFFFFFFFFFFFFFFFFFFFFFFFFFFFFFDF
:1041F000FFFFFFFFFFFFFFFFFFFFFFFFFFFFFFFFCF
:10420000FFFFFFFFFFFFFFFFFFFFFFFFFFFFFFFFBE
:10421000FFFFFFFFFFFFFFFFFFFFFFFFFFFFFFFFAE
:10422000FFFFFFFFFFFFFFFFFFFFFFFFFFFFFFFF9E
:10423000FFFFFFFFFFFFFFFFFFFFFFFFFFFFFFFF8E
:10424000FFFFFFFFFFFFFFFFFFFFFFFFFFFFFFFF7E
:10425000FFFFFFFFFFFFFFFFFFFFFFFFFFFFFFFF6E
:10426000FFFFFFFFFFFFFFFFFFFFFFFFFFFFFFFF5E
:10427000FFFFFFFFFFFFFFFFFFFFFFFFFFFFFFFF4E
:10428000FFFFFFFFFFFFFFFFFFFFFFFFFFFFFFFF3E
:10429000FFFFFFFFFFFFFFFFFFFFFFFFFFFFFFFF2E
:1042A000FFFFFFFFFFFFFFFFFFFFFFFFFFFFFFFF1E
:1042B000FFFFFFFFFFFFFFFFFFFFFFFFFFFFFFFF0E
:1042C000FFFFFFFFFFFFFFFFFFFFFFFFFFFFFFFFFE
:1042D000FFFFFFFFFFFFFFFFFFFFFFFFFFFFFFFFEE
:1042E000FFFFFFFFFFFFFFFFFFFFFFFFFFFFFFFFDE
:1042F000FFFFFFFFFFFFFFFFFFFFFFFFFFFFFFFFCE
:10430000FFFFFFFFFFFFFFFFFFFFFFFFFFFFFFFFBD
:10431000FFFFFFFFFFFFFFFFFFFFFFFFFFFFFFFFAD
:10432000FFFFFFFFFFFFFFFFFFFFFFFFFFFFFFFF9D
:10433000FFFFFFFFFFFFFFFFFFFFFFFFFFFFFFFF8D
:10434000FFFFFFFFFFFFFFFFFFFFFFFFFFFFFFFF7D
:10435000FFFFFFFFFFFFFFFFFFFFFFFFFFFFFFFF6D
:10436000FFFFFFFFFFFFFFFFFFFFFFFFFFFFFFFF5D
:10437000FFFFFFFFFFFFFFFFFFFFFFFFFFFFFFFF4D
:10438000FFFFFFFFFFFFFFFFFFFFFFFFFFFFFFFF3D
:10439000FFFFFFFFFFFFFFFFFFFFFFFFFFFFFFFF2D
:1043A000FFFFFFFFFFFFFFFFFFFFFFFFFFFFFFFF1D
:1043B000FFFFFFFFFFFFFFFFFFFFFFFFFFFFFFFF0D
:1043C000FFFFFFFFFFFFFFFFFFFFFFFFFFFFFFFFFD
:1043D000FFFFFFFFFFFFFFFFFFFFFFFFFFFFFFFFED
:1043E000FFFFFFFFFFFFFFFFFFFFFFFFFFFFFFFFDD
:1043F000FFFFFFFFFFFFFFFFFFFFFFFFFFFFFFFFCD
:10440000FFFFFFFFFFFFFFFFFFFFFFFFFFFFFFFFBC
:10441000FFFFFFFFFFFFFFFFFFFFFFFFFFFFFFFFAC
:10442000FFFFFFFFFFFFFFFFFFFFFFFFFFFFFFFF9C
:10443000FFFFFFFFFFFFFFFFFFFFFFFFFFFFFFFF8C
:10444000FFFFFFFFFFFFFFFFFFFFFFFFFFFFFFFF7C
:10445000FFFFFFFFFFFFFFFFFFFFFFFFFFFFFFFF6C
:10446000FFFFFFFFFFFFFFFFFFFFFFFFFFFFFFFF5C
:10447000FFFFFFFFFFFFFFFFFFFFFFFFFFFFFFFF4C
:10448000FFFFFFFFFFFFFFFFFFFFFFFFFFFFFFFF3C
:10449000FFFFFFFFFFFFFFFFFFFFFFFFFFFFFFFF2C
:1044A000FFFFFFFFFFFFFFFFFFFFFFFFFFFFFFFF1C
:1044B000FFFFFFFFFFFFFFFFFFFFFFFFFFFFFFFF0C
:1044C000FFFFFFFFFFFFFFFFFFFFFFFFFFFFFFFFFC
:1044D000FFFFFFFFFFFFFFFFFFFFFFFFFFFFFFFFEC
:1044E000FFFFFFFFFFFFFFFFFFFFFFFFFFFFFFFFDC
:1044F000FFFFFFFFFFFFFFFFFFFFFFFFFFFFFFFFCC
:10450000FFFFFFFFFFFFFFFFFFFFFFFFFFFFFFFFBB
:10451000FFFFFFFFFFFFFFFFFFFFFFFFFFFFFFFFAB
:10452000FFFFFFFFFFFFFFFFFFFFFFFFFFFFFFFF9B
:10453000FFFFFFFFFFFFFFFFFFFFFFFFFFFFFFFF8B
:10454000FFFFFFFFFFFFFFFFFFFFFFFFFFFFFFFF7B
:10455000FFFFFFFFFFFFFFFFFFFFFFFFFFFFFFFF6B
:10456000FFFFFFFFFFFFFFFFFFFFFFFFFFFFFFFF5B
:10457000FFFFFFFFFFFFFFFFFFFFFFFFFFFFFFFF4B
:10458000FFFFFFFFFFFFFFFFFFFFFFFFFFFFFFFF3B
:10459000FFFFFFFFFFFFFFFFFFFFFFFFFFFFFFFF2B
:1045A000FFFFFFFFFFFFFFFFFFFFFFFFFFFFFFFF1B
:1045B000FFFFFFFFFFFFFFFFFFFFFFFFFFFFFFFF0B
:1045C000FFFFFFFFFFFFFFFFFFFFFFFFFFFFFFFFFB
:1045D000FFFFFFFFFFFFFFFFFFFFFFFFFFFFFFFFEB
:1045E000FFFFFFFFFFFFFFFFFFFFFFFFFFFFFFFFDB
:1045F000FFFFFFFFFFFFFFFFFFFFFFFFFFFFFFFFCB
:10460000FFFFFFFFFFFFFFFFFFFFFFFFFFFFFFFFBA
:10461000FFFFFFFFFFFFFFFFFFFFFFFFFFFFFFFFAA
:10462000FFFFFFFFFFFFFFFFFFFFFFFFFFFFFFFF9A
:10463000FFFFFFFFFFFFFFFFFFFFFFFFFFFFFFFF8A
:10464000FFFFFFFFFFFFFFFFFFFFFFFFFFFFFFFF7A
:10465000FFFFFFFFFFFFFFFFFFFFFFFFFFFFFFFF6A
:10466000FFFFFFFFFFFFFFFFFFFFFFFFFFFFFFFF5A
:10467000FFFFFFFFFFFFFFFFFFFFFFFFFFFFFFFF4A
:10468000FFFFFFFFFFFFFFFFFFFFFFFFFFFFFFFF3A
:10469000FFFFFFFFFFFFFFFFFFFFFFFFFFFFFFFF2A
:1046A000FFFFFFFFFFFFFFFFFFFFFFFFFFFFFFFF1A
:1046B000FFFFFFFFFFFFFFFFFFFFFFFFFFFFFFFF0A
:1046C000FFFFFFFFFFFFFFFFFFFFFFFFFFFFFFFFFA
:1046D000FFFFFFFFFFFFFFFFFFFFFFFFFFFFFFFFEA
:1046E000FFFFFFFFFFFFFFFFFFFFFFFFFFFFFFFFDA
:1046F000FFFFFFFFFFFFFFFFFFFFFFFFFFFFFFFFCA
:10470000FFFFFFFFFFFFFFFFFFFFFFFFFFFFFFFFB9
:10471000FFFFFFFFFFFFFFFFFFFFFFFFFFFFFFFFA9
:10472000FFFFFFFFFFFFFFFFFFFFFFFFFFFFFFFF99
:10473000FFFFFFFFFFFFFFFFFFFFFFFFFFFFFFFF89
:10474000FFFFFFFFFFFFFFFFFFFFFFFFFFFFFFFF79
:10475000FFFFFFFFFFFFFFFFFFFFFFFFFFFFFFFF69
:10476000FFFFFFFFFFFFFFFFFFFFFFFFFFFFFFFF59
:10477000FFFFFFFFFFFFFFFFFFFFFFFFFFFFFFFF49
:10478000FFFFFFFFFFFFFFFFFFFFFFFFFFFFFFFF39
:10479000FFFFFFFFFFFFFFFFFFFFFFFFFFFFFFFF29
:1047A000FFFFFFFFFFFFFFFFFFFFFFFFFFFFFFFF19
:1047B000FFFFFFFFFFFFFFFFFFFFFFFFFFFFFFFF09
:1047C000FFFFFFFFFFFFFFFFFFFFFFFFFFFFFFFFF9
:1047D000FFFFFFFFFFFFFFFFFFFFFFFFFFFFFFFFE9
:1047E000FFFFFFFFFFFFFFFFFFFFFFFFFFFFFFFFD9
:1047F000FFFFFFFFFFFFFFFFFFFFFFFFFFFFFFFFC9
:10480000FFFFFFFFFFFFFFFFFFFFFFFFFFFFFFFFB8
:10481000FFFFFFFFFFFFFFFFFFFFFFFFFFFFFFFFA8
:10482000FFFFFFFFFFFFFFFFFFFFFFFFFFFFFFFF98
:10483000FFFFFFFFFFFFFFFFFFFFFFFFFFFFFFFF88
:10484000FFFFFFFFFFFFFFFFFFFFFFFFFFFFFFFF78
:10485000FFFFFFFFFFFFFFFFFFFFFFFFFFFFFFFF68
:10486000FFFFFFFFFFFFFFFFFFFFFFFFFFFFFFFF58
:10487000FFFFFFFFFFFFFFFFFFFFFFFFFFFFFFFF48
:10488000FFFFFFFFFFFFFFFFFFFFFFFFFFFFFFFF38
:10489000FFFFFFFFFFFFFFFFFFFFFFFFFFFFFFFF28
:1048A000FFFFFFFFFFFFFFFFFFFFFFFFFFFFFFFF18
:1048B000FFFFFFFFFFFFFFFFFFFFFFFFFFFFFFFF08
:1048C000FFFFFFFFFFFFFFFFFFFFFFFFFFFFFFFFF8
:1048D000FFFFFFFFFFFFFFFFFFFFFFFFFFFFFFFFE8
:1048E000FFFFFFFFFFFFFFFFFFFFFFFFFFFFFFFFD8
:1048F000FFFFFFFFFFFFFFFFFFFFFFFFFFFFFFFFC8
:10490000FFFFFFFFFFFFFFFFFFFFFFFFFFFFFFFFB7
:10491000FFFFFFFFFFFFFFFFFFFFFFFFFFFFFFFFA7
:10492000FFFFFFFFFFFFFFFFFFFFFFFFFFFFFFFF97
:10493000FFFFFFFFFFFFFFFFFFFFFFFFFFFFFFFF87
:10494000FFFFFFFFFFFFFFFFFFFFFFFFFFFFFFFF77
:10495000FFFFFFFFFFFFFFFFFFFFFFFFFFFFFFFF67
:10496000FFFFFFFFFFFFFFFFFFFFFFFFFFFFFFFF57
:10497000FFFFFFFFFFFFFFFFFFFFFFFFFFFFFFFF47
:10498000FFFFFFFFFFFFFFFFFFFFFFFFFFFFFFFF37
:10499000FFFFFFFFFFFFFFFFFFFFFFFFFFFFFFFF27
:1049A000FFFFFFFFFFFFFFFFFFFFFFFFFFFFFFFF17
:1049B000FFFFFFFFFFFFFFFFFFFFFFFFFFFFFFFF07
:1049C000FFFFFFFFFFFFFFFFFFFFFFFFFFFFFFFFF7
:1049D000FFFFFFFFFFFFFFFFFFFFFFFFFFFFFFFFE7
:1049E000FFFFFFFFFFFFFFFFFFFFFFFFFFFFFFFFD7
:1049F000FFFFFFFFFFFFFFFFFFFFFFFFFFFFFFFFC7
:104A0000FFFFFFFFFFFFFFFFFFFFFFFFFFFFFFFFB6
:104A1000FFFFFFFFFFFFFFFFFFFFFFFFFFFFFFFFA6
:104A2000FFFFFFFFFFFFFFFFFFFFFFFFFFFFFFFF96
:104A3000FFFFFFFFFFFFFFFFFFFFFFFFFFFFFFFF86
:104A4000FFFFFFFFFFFFFFFFFFFFFFFFFFFFFFFF76
:104A5000FFFFFFFFFFFFFFFFFFFFFFFFFFFFFFFF66
:104A6000FFFFFFFFFFFFFFFFFFFFFFFFFFFFFFFF56
:104A7000FFFFFFFFFFFFFFFFFFFFFFFFFFFFFFFF46
:104A8000FFFFFFFFFFFFFFFFFFFFFFFFFFFFFFFF36
:104A9000FFFFFFFFFFFFFFFFFFFFFFFFFFFFFFFF26
:104AA000FFFFFFFFFFFFFFFFFFFFFFFFFFFFFFFF16
:104AB000FFFFFFFFFFFFFFFFFFFFFFFFFFFFFFFF06
:104AC000FFFFFFFFFFFFFFFFFFFFFFFFFFFFFFFFF6
:104AD000FFFFFFFFFFFFFFFFFFFFFFFFFFFFFFFFE6
:104AE000FFFFFFFFFFFFFFFFFFFFFFFFFFFFFFFFD6
:104AF000FFFFFFFFFFFFFFFFFFFFFFFFFFFFFFFFC6
:104B0000FFFFFFFFFFFFFFFFFFFFFFFFFFFFFFFFB5
:104B1000FFFFFFFFFFFFFFFFFFFFFFFFFFFFFFFFA5
:104B2000FFFFFFFFFFFFFFFFFFFFFFFFFFFFFFFF95
:104B3000FFFFFFFFFFFFFFFFFFFFFFFFFFFFFFFF85
:104B4000FFFFFFFFFFFFFFFFFFFFFFFFFFFFFFFF75
:104B5000FFFFFFFFFFFFFFFFFFFFFFFFFFFFFFFF65
:104B6000FFFFFFFFFFFFFFFFFFFFFFFFFFFFFFFF55
:104B7000FFFFFFFFFFFFFFFFFFFFFFFFFFFFFFFF45
:104B8000FFFFFFFFFFFFFFFFFFFFFFFFFFFFFFFF35
:104B9000FFFFFFFFFFFFFFFFFFFFFFFFFFFFFFFF25
:104BA000FFFFFFFFFFFFFFFFFFFFFFFFFFFFFFFF15
:104BB000FFFFFFFFFFFFFFFFFFFFFFFFFFFFFFFF05
:104BC000FFFFFFFFFFFFFFFFFFFFFFFFFFFFFFFFF5
:104BD000FFFFFFFFFFFFFFFFFFFFFFFFFFFFFFFFE5
:104BE000FFFFFFFFFFFFFFFFFFFFFFFFFFFFFFFFD5
:104BF000FFFFFFFFFFFFFFFFFFFFFFFFFFFFFFFFC5
:104C0000FFFFFFFFFFFFFFFFFFFFFFFFFFFFFFFFB4
:104C1000FFFFFFFFFFFFFFFFFFFFFFFFFFFFFFFFA4
:104C2000FFFFFFFFFFFFFFFFFFFFFFFFFFFFFFFF94
:104C3000FFFFFFFFFFFFFFFFFFFFFFFFFFFFFFFF84
:104C4000FFFFFFFFFFFFFFFFFFFFFFFFFFFFFFFF74
:104C5000FFFFFFFFFFFFFFFFFFFFFFFFFFFFFFFF64
:104C6000FFFFFFFFFFFFFFFFFFFFFFFFFFFFFFFF54
:104C7000FFFFFFFFFFFFFFFFFFFFFFFFFFFFFFFF44
:104C8000FFFFFFFFFFFFFFFFFFFFFFFFFFFFFFFF34
:104C9000FFFFFFFFFFFFFFFFFFFFFFFFFFFFFFFF24
:104CA000FFFFFFFFFFFFFFFFFFFFFFFFFFFFFFFF14
:104CB000FFFFFFFFFFFFFFFFFFFFFFFFFFFFFFFF04
:104CC000FFFFFFFFFFFFFFFFFFFFFFFFFFFFFFFFF4
:104CD000FFFFFFFFFFFFFFFFFFFFFFFFFFFFFFFFE4
:104CE000FFFFFFFFFFFFFFFFFFFFFFFFFFFFFFFFD4
:104CF000FFFFFFFFFFFFFFFFFFFFFFFFFFFFFFFFC4
:104D0000FFFFFFFFFFFFFFFFFFFFFFFFFFFFFFFFB3
:104D1000FFFFFFFFFFFFFFFFFFFFFFFFFFFFFFFFA3
:104D2000FFFFFFFFFFFFFFFFFFFFFFFFFFFFFFFF93
:104D3000FFFFFFFFFFFFFFFFFFFFFFFFFFFFFFFF83
:104D4000FFFFFFFFFFFFFFFFFFFFFFFFFFFFFFFF73
:104D5000FFFFFFFFFFFFFFFFFFFFFFFFFFFFFFFF63
:104D6000FFFFFFFFFFFFFFFFFFFFFFFFFFFFFFFF53
:104D7000FFFFFFFFFFFFFFFFFFFFFFFFFFFFFFFF43
:104D8000FFFFFFFFFFFFFFFFFFFFFFFFFFFFFFFF33
:104D9000FFFFFFFFFFFFFFFFFFFFFFFFFFFFFFFF23
:104DA000FFFFFFFFFFFFFFFFFFFFFFFFFFFFFFFF13
:104DB000FFFFFFFFFFFFFFFFFFFFFFFFFFFFFFFF03
:104DC000FFFFFFFFFFFFFFFFFFFFFFFFFFFFFFFFF3
:104DD000FFFFFFFFFFFFFFFFFFFFFFFFFFFFFFFFE3
:104DE000FFFFFFFFFFFFFFFFFFFFFFFFFFFFFFFFD3
:104DF000FFFFFFFFFFFFFFFFFFFFFFFFFFFFFFFFC3
:104E0000FFFFFFFFFFFFFFFFFFFFFFFFFFFFFFFFB2
:104E1000FFFFFFFFFFFFFFFFFFFFFFFFFFFFFFFFA2
:104E2000FFFFFFFFFFFFFFFFFFFFFFFFFFFFFFFF92
:104E3000FFFFFFFFFFFFFFFFFFFFFFFFFFFFFFFF82
:104E4000FFFFFFFFFFFFFFFFFFFFFFFFFFFFFFFF72
:104E5000FFFFFFFFFFFFFFFFFFFFFFFFFFFFFFFF62
:104E6000FFFFFFFFFFFFFFFFFFFFFFFFFFFFFFFF52
:104E7000FFFFFFFFFFFFFFFFFFFFFFFFFFFFFFFF42
:104E8000FFFFFFFFFFFFFFFFFFFFFFFFFFFFFFFF32
:104E9000FFFFFFFFFFFFFFFFFFFFFFFFFFFFFFFF22
:104EA000FFFFFFFFFFFFFFFFFFFFFFFFFFFFFFFF12
:104EB000FFFFFFFFFFFFFFFFFFFFFFFFFFFFFFFF02
:104EC000FFFFFFFFFFFFFFFFFFFFFFFFFFFFFFFFF2
:104ED000FFFFFFFFFFFFFFFFFFFFFFFFFFFFFFFFE2
:104EE000FFFFFFFFFFFFFFFFFFFFFFFFFFFFFFFFD2
:104EF000FFFFFFFFFFFFFFFFFFFFFFFFFFFFFFFFC2
:104F0000FFFFFFFFFFFFFFFFFFFFFFFFFFFFFFFFB1
:104F1000FFFFFFFFFFFFFFFFFFFFFFFFFFFFFFFFA1
:104F2000FFFFFFFFFFFFFFFFFFFFFFFFFFFFFFFF91
:104F3000FFFFFFFFFFFFFFFFFFFFFFFFFFFFFFFF81
:104F4000FFFFFFFFFFFFFFFFFFFFFFFFFFFFFFFF71
:104F5000FFFFFFFFFFFFFFFFFFFFFFFFFFFFFFFF61
:104F6000FFFFFFFFFFFFFFFFFFFFFFFFFFFFFFFF51
:104F7000FFFFFFFFFFFFFFFFFFFFFFFFFFFFFFFF41
:104F8000FFFFFFFFFFFFFFFFFFFFFFFFFFFFFFFF31
:104F9000FFFFFFFFFFFFFFFFFFFFFFFFFFFFFFFF21
:104FA000FFFFFFFFFFFFFFFFFFFFFFFFFFFFFFFF11
:104FB000FFFFFFFFFFFFFFFFFFFFFFFFFFFFFFFF01
:104FC000FFFFFFFFFFFFFFFFFFFFFFFFFFFFFFFFF1
:104FD000FFFFFFFFFFFFFFFFFFFFFFFFFFFFFFFFE1
:104FE000FFFFFFFFFFFFFFFFFFFFFFFFFFFFFFFFD1
:104FF000FFFFFFFFFFFFFFFFFFFFFFFFFFFFFFFFC1
:10500000FFFFFFFFFFFFFFFFFFFFFFFFFFFFFFFFB0
:10501000FFFFFFFFFFFFFFFFFFFFFFFFFFFFFFFFA0
:10502000FFFFFFFFFFFFFFFFFFFFFFFFFFFFFFFF90
:10503000FFFFFFFFFFFFFFFFFFFFFFFFFFFFFFFF80
:10504000FFFFFFFFFFFFFFFFFFFFFFFFFFFFFFFF70
:10505000FFFFFFFFFFFFFFFFFFFFFFFFFFFFFFFF60
:10506000FFFFFFFFFFFFFFFFFFFFFFFFFFFFFFFF50
:10507000FFFFFFFFFFFFFFFFFFFFFFFFFFFFFFFF40
:10508000FFFFFFFFFFFFFFFFFFFFFFFFFFFFFFFF30
:10509000FFFFFFFFFFFFFFFFFFFFFFFFFFFFFFFF20
:1050A000FFFFFFFFFFFFFFFFFFFFFFFFFFFFFFFF10
:1050B000FFFFFFFFFFFFFFFFFFFFFFFFFFFFFFFF00
:1050C000FFFFFFFFFFFFFFFFFFFFFFFFFFFFFFFFF0
:1050D000FFFFFFFFFFFFFFFFFFFFFFFFFFFFFFFFE0
:1050E000FFFFFFFFFFFFFFFFFFFFFFFFFFFFFFFFD0
:1050F000FFFFFFFFFFFFFFFFFFFFFFFFFFFFFFFFC0
:10510000FFFFFFFFFFFFFFFFFFFFFFFFFFFFFFFFAF
:10511000FFFFFFFFFFFFFFFFFFFFFFFFFFFFFFFF9F
:10512000FFFFFFFFFFFFFFFFFFFFFFFFFFFFFFFF8F
:10513000FFFFFFFFFFFFFFFFFFFFFFFFFFFFFFFF7F
:10514000FFFFFFFFFFFFFFFFFFFFFFFFFFFFFFFF6F
:10515000FFFFFFFFFFFFFFFFFFFFFFFFFFFFFFFF5F
:10516000FFFFFFFFFFFFFFFFFFFFFFFFFFFFFFFF4F
:10517000FFFFFFFFFFFFFFFFFFFFFFFFFFFFFFFF3F
:10518000FFFFFFFFFFFFFFFFFFFFFFFFFFFFFFFF2F
:10519000FFFFFFFFFFFFFFFFFFFFFFFFFFFFFFFF1F
:1051A000FFFFFFFFFFFFFFFFFFFFFFFFFFFFFFFF0F
:1051B000FFFFFFFFFFFFFFFFFFFFFFFFFFFFFFFFFF
:1051C000FFFFFFFFFFFFFFFFFFFFFFFFFFFFFFFFEF
:1051D000FFFFFFFFFFFFFFFFFFFFFFFFFFFFFFFFDF
:1051E000FFFFFFFFFFFFFFFFFFFFFFFFFFFFFFFFCF
:1051F000FFFFFFFFFFFFFFFFFFFFFFFFFFFFFFFFBF
:10520000FFFFFFFFFFFFFFFFFFFFFFFFFFFFFFFFAE
:10521000FFFFFFFFFFFFFFFFFFFFFFFFFFFFFFFF9E
:10522000FFFFFFFFFFFFFFFFFFFFFFFFFFFFFFFF8E
:10523000FFFFFFFFFFFFFFFFFFFFFFFFFFFFFFFF7E
:10524000FFFFFFFFFFFFFFFFFFFFFFFFFFFFFFFF6E
:10525000FFFFFFFFFFFFFFFFFFFFFFFFFFFFFFFF5E
:10526000FFFFFFFFFFFFFFFFFFFFFFFFFFFFFFFF4E
:10527000FFFFFFFFFFFFFFFFFFFFFFFFFFFFFFFF3E
:10528000FFFFFFFFFFFFFFFFFFFFFFFFFFFFFFFF2E
:10529000FFFFFFFFFFFFFFFFFFFFFFFFFFFFFFFF1E
:1052A000FFFFFFFFFFFFFFFFFFFFFFFFFFFFFFFF0E
:1052B000FFFFFFFFFFFFFFFFFFFFFFFFFFFFFFFFFE
:1052C000FFFFFFFFFFFFFFFFFFFFFFFFFFFFFFFFEE
:1052D000FFFFFFFFFFFFFFFFFFFFFFFFFFFFFFFFDE
:1052E000FFFFFFFFFFFFFFFFFFFFFFFFFFFFFFFFCE
:1052F000FFFFFFFFFFFFFFFFFFFFFFFFFFFFFFFFBE
:10530000FFFFFFFFFFFFFFFFFFFFFFFFFFFFFFFFAD
:10531000FFFFFFFFFFFFFFFFFFFFFFFFFFFFFFFF9D
:10532000FFFFFFFFFFFFFFFFFFFFFFFFFFFFFFFF8D
:10533000FFFFFFFFFFFFFFFFFFFFFFFFFFFFFFFF7D
:10534000FFFFFFFFFFFFFFFFFFFFFFFFFFFFFFFF6D
:10535000FFFFFFFFFFFFFFFFFFFFFFFFFFFFFFFF5D
:10536000FFFFFFFFFFFFFFFFFFFFFFFFFFFFFFFF4D
:10537000FFFFFFFFFFFFFFFFFFFFFFFFFFFFFFFF3D
:10538000FFFFFFFFFFFFFFFFFFFFFFFFFFFFFFFF2D
:10539000FFFFFFFFFFFFFFFFFFFFFFFFFFFFFFFF1D
:1053A000FFFFFFFFFFFFFFFFFFFFFFFFFFFFFFFF0D
:1053B000FFFFFFFFFFFFFFFFFFFFFFFFFFFFFFFFFD
:1053C000FFFFFFFFFFFFFFFFFFFFFFFFFFFFFFFFED
:1053D000FFFFFFFFFFFFFFFFFFFFFFFFFFFFFFFFDD
:1053E000FFFFFFFFFFFFFFFFFFFFFFFFFFFFFFFFCD
:1053F000FFFFFFFFFFFFFFFFFFFFFFFFFFFFFFFFBD
:10540000FFFFFFFFFFFFFFFFFFFFFFFFFFFFFFFFAC
:10541000FFFFFFFFFFFFFFFFFFFFFFFFFFFFFFFF9C
:10542000FFFFFFFFFFFFFFFFFFFFFFFFFFFFFFFF8C
:10543000FFFFFFFFFFFFFFFFFFFFFFFFFFFFFFFF7C
:10544000FFFFFFFFFFFFFFFFFFFFFFFFFFFFFFFF6C
:10545000FFFFFFFFFFFFFFFFFFFFFFFFFFFFFFFF5C
:10546000FFFFFFFFFFFFFFFFFFFFFFFFFFFFFFFF4C
:10547000FFFFFFFFFFFFFFFFFFFFFFFFFFFFFFFF3C
:10548000FFFFFFFFFFFFFFFFFFFFFFFFFFFFFFFF2C
:10549000FFFFFFFFFFFFFFFFFFFFFFFFFFFFFFFF1C
:1054A000FFFFFFFFFFFFFFFFFFFFFFFFFFFFFFFF0C
:1054B000FFFFFFFFFFFFFFFFFFFFFFFFFFFFFFFFFC
:1054C000FFFFFFFFFFFFFFFFFFFFFFFFFFFFFFFFEC
:1054D000FFFFFFFFFFFFFFFFFFFFFFFFFFFFFFFFDC
:1054E000FFFFFFFFFFFFFFFFFFFFFFFFFFFFFFFFCC
:1054F000FFFFFFFFFFFFFFFFFFFFFFFFFFFFFFFFBC
:10550000FFFFFFFFFFFFFFFFFFFFFFFFFFFFFFFFAB
:10551000FFFFFFFFFFFFFFFFFFFFFFFFFFFFFFFF9B
:10552000FFFFFFFFFFFFFFFFFFFFFFFFFFFFFFFF8B
:10553000FFFFFFFFFFFFFFFFFFFFFFFFFFFFFFFF7B
:10554000FFFFFFFFFFFFFFFFFFFFFFFFFFFFFFFF6B
:10555000FFFFFFFFFFFFFFFFFFFFFFFFFFFFFFFF5B
:10556000FFFFFFFFFFFFFFFFFFFFFFFFFFFFFFFF4B
:10557000FFFFFFFFFFFFFFFFFFFFFFFFFFFFFFFF3B
:10558000FFFFFFFFFFFFFFFFFFFFFFFFFFFFFFFF2B
:10559000FFFFFFFFFFFFFFFFFFFFFFFFFFFFFFFF1B
:1055A000FFFFFFFFFFFFFFFFFFFFFFFFFFFFFFFF0B
:1055B000FFFFFFFFFFFFFFFFFFFFFFFFFFFFFFFFFB
:1055C000FFFFFFFFFFFFFFFFFFFFFFFFFFFFFFFFEB
:1055D000FFFFFFFFFFFFFFFFFFFFFFFFFFFFFFFFDB
:1055E000FFFFFFFFFFFFFFFFFFFFFFFFFFFFFFFFCB
:1055F000FFFFFFFFFFFFFFFFFFFFFFFFFFFFFFFFBB
:10560000FFFFFFFFFFFFFFFFFFFFFFFFFFFFFFFFAA
:10561000FFFFFFFFFFFFFFFFFFFFFFFFFFFFFFFF9A
:10562000FFFFFFFFFFFFFFFFFFFFFFFFFFFFFFFF8A
:10563000FFFFFFFFFFFFFFFFFFFFFFFFFFFFFFFF7A
:10564000FFFFFFFFFFFFFFFFFFFFFFFFFFFFFFFF6A
:10565000FFFFFFFFFFFFFFFFFFFFFFFFFFFFFFFF5A
:10566000FFFFFFFFFFFFFFFFFFFFFFFFFFFFFFFF4A
:10567000FFFFFFFFFFFFFFFFFFFFFFFFFFFFFFFF3A
:10568000FFFFFFFFFFFFFFFFFFFFFFFFFFFFFFFF2A
:10569000FFFFFFFFFFFFFFFFFFFFFFFFFFFFFFFF1A
:1056A000FFFFFFFFFFFFFFFFFFFFFFFFFFFFFFFF0A
:1056B000FFFFFFFFFFFFFFFFFFFFFFFFFFFFFFFFFA
:1056C000FFFFFFFFFFFFFFFFFFFFFFFFFFFFFFFFEA
:1056D000FFFFFFFFFFFFFFFFFFFFFFFFFFFFFFFFDA
:1056E000FFFFFFFFFFFFFFFFFFFFFFFFFFFFFFFFCA
:1056F000FFFFFFFFFFFFFFFFFFFFFFFFFFFFFFFFBA
:10570000FFFFFFFFFFFFFFFFFFFFFFFFFFFFFFFFA9
:10571000FFFFFFFFFFFFFFFFFFFFFFFFFFFFFFFF99
:10572000FFFFFFFFFFFFFFFFFFFFFFFFFFFFFFFF89
:10573000FFFFFFFFFFFFFFFFFFFFFFFFFFFFFFFF79
:10574000FFFFFFFFFFFFFFFFFFFFFFFFFFFFFFFF69
:10575000FFFFFFFFFFFFFFFFFFFFFFFFFFFFFFFF59
:10576000FFFFFFFFFFFFFFFFFFFFFFFFFFFFFFFF49
:10577000FFFFFFFFFFFFFFFFFFFFFFFFFFFFFFFF39
:10578000FFFFFFFFFFFFFFFFFFFFFFFFFFFFFFFF29
:10579000FFFFFFFFFFFFFFFFFFFFFFFFFFFFFFFF19
:1057A000FFFFFFFFFFFFFFFFFFFFFFFFFFFFFFFF09
:1057B000FFFFFFFFFFFFFFFFFFFFFFFFFFFFFFFFF9
:1057C000FFFFFFFFFFFFFFFFFFFFFFFFFFFFFFFFE9
:1057D000FFFFFFFFFFFFFFFFFFFFFFFFFFFFFFFFD9
:1057E000FFFFFFFFFFFFFFFFFFFFFFFFFFFFFFFFC9
:1057F000FFFFFFFFFFFFFFFFFFFFFFFFFFFFFFFFB9
:10580000FFFFFFFFFFFFFFFFFFFFFFFFFFFFFFFFA8
:10581000FFFFFFFFFFFFFFFFFFFFFFFFFFFFFFFF98
:10582000FFFFFFFFFFFFFFFFFFFFFFFFFFFFFFFF88
:10583000FFFFFFFFFFFFFFFFFFFFFFFFFFFFFFFF78
:10584000FFFFFFFFFFFFFFFFFFFFFFFFFFFFFFFF68
:10585000FFFFFFFFFFFFFFFFFFFFFFFFFFFFFFFF58
:10586000FFFFFFFFFFFFFFFFFFFFFFFFFFFFFFFF48
:10587000FFFFFFFFFFFFFFFFFFFFFFFFFFFFFFFF38
:10588000FFFFFFFFFFFFFFFFFFFFFFFFFFFFFFFF28
:10589000FFFFFFFFFFFFFFFFFFFFFFFFFFFFFFFF18
:1058A000FFFFFFFFFFFFFFFFFFFFFFFFFFFFFFFF08
:1058B000FFFFFFFFFFFFFFFFFFFFFFFFFFFFFFFFF8
:1058C000FFFFFFFFFFFFFFFFFFFFFFFFFFFFFFFFE8
:1058D000FFFFFFFFFFFFFFFFFFFFFFFFFFFFFFFFD8
:1058E000FFFFFFFFFFFFFFFFFFFFFFFFFFFFFFFFC8
:1058F000FFFFFFFFFFFFFFFFFFFFFFFFFFFFFFFFB8
:10590000FFFFFFFFFFFFFFFFFFFFFFFFFFFFFFFFA7
:10591000FFFFFFFFFFFFFFFFFFFFFFFFFFFFFFFF97
:10592000FFFFFFFFFFFFFFFFFFFFFFFFFFFFFFFF87
:10593000FFFFFFFFFFFFFFFFFFFFFFFFFFFFFFFF77
:10594000FFFFFFFFFFFFFFFFFFFFFFFFFFFFFFFF67
:10595000FFFFFFFFFFFFFFFFFFFFFFFFFFFFFFFF57
:10596000FFFFFFFFFFFFFFFFFFFFFFFFFFFFFFFF47
:10597000FFFFFFFFFFFFFFFFFFFFFFFFFFFFFFFF37
:10598000FFFFFFFFFFFFFFFFFFFFFFFFFFFFFFFF27
:10599000FFFFFFFFFFFFFFFFFFFFFFFFFFFFFFFF17
:1059A000FFFFFFFFFFFFFFFFFFFFFFFFFFFFFFFF07
:1059B000FFFFFFFFFFFFFFFFFFFFFFFFFFFFFFFFF7
:1059C000FFFFFFFFFFFFFFFFFFFFFFFFFFFFFFFFE7
:1059D000FFFFFFFFFFFFFFFFFFFFFFFFFFFFFFFFD7
:1059E000FFFFFFFFFFFFFFFFFFFFFFFFFFFFFFFFC7
:1059F000FFFFFFFFFFFFFFFFFFFFFFFFFFFFFFFFB7
:105A0000FFFFFFFFFFFFFFFFFFFFFFFFFFFFFFFFA6
:105A1000FFFFFFFFFFFFFFFFFFFFFFFFFFFFFFFF96
:105A2000FFFFFFFFFFFFFFFFFFFFFFFFFFFFFFFF86
:105A3000FFFFFFFFFFFFFFFFFFFFFFFFFFFFFFFF76
:105A4000FFFFFFFFFFFFFFFFFFFFFFFFFFFFFFFF66
:105A5000FFFFFFFFFFFFFFFFFFFFFFFFFFFFFFFF56
:105A6000FFFFFFFFFFFFFFFFFFFFFFFFFFFFFFFF46
:105A7000FFFFFFFFFFFFFFFFFFFFFFFFFFFFFFFF36
:105A8000FFFFFFFFFFFFFFFFFFFFFFFFFFFFFFFF26
:105A9000FFFFFFFFFFFFFFFFFFFFFFFFFFFFFFFF16
:105AA000FFFFFFFFFFFFFFFFFFFFFFFFFFFFFFFF06
:105AB000FFFFFFFFFFFFFFFFFFFFFFFFFFFFFFFFF6
:105AC000FFFFFFFFFFFFFFFFFFFFFFFFFFFFFFFFE6
:105AD000FFFFFFFFFFFFFFFFFFFFFFFFFFFFFFFFD6
:105AE000FFFFFFFFFFFFFFFFFFFFFFFFFFFFFFFFC6
:105AF000FFFFFFFFFFFFFFFFFFFFFFFFFFFFFFFFB6
:105B0000FFFFFFFFFFFFFFFFFFFFFFFFFFFFFFFFA5
:105B1000FFFFFFFFFFFFFFFFFFFFFFFFFFFFFFFF95
:105B2000FFFFFFFFFFFFFFFFFFFFFFFFFFFFFFFF85
:105B3000FFFFFFFFFFFFFFFFFFFFFFFFFFFFFFFF75
:105B4000FFFFFFFFFFFFFFFFFFFFFFFFFFFFFFFF65
:105B5000FFFFFFFFFFFFFFFFFFFFFFFFFFFFFFFF55
:105B6000FFFFFFFFFFFFFFFFFFFFFFFFFFFFFFFF45
:105B7000FFFFFFFFFFFFFFFFFFFFFFFFFFFFFFFF35
:105B8000FFFFFFFFFFFFFFFFFFFFFFFFFFFFFFFF25
:105B9000FFFFFFFFFFFFFFFFFFFFFFFFFFFFFFFF15
:105BA000FFFFFFFFFFFFFFFFFFFFFFFFFFFFFFFF05
:105BB000FFFFFFFFFFFFFFFFFFFFFFFFFFFFFFFFF5
:105BC000FFFFFFFFFFFFFFFFFFFFFFFFFFFFFFFFE5
:105BD000FFFFFFFFFFFFFFFFFFFFFFFFFFFFFFFFD5
:105BE000FFFFFFFFFFFFFFFFFFFFFFFFFFFFFFFFC5
:105BF000FFFFFFFFFFFFFFFFFFFFFFFFFFFFFFFFB5
:105C0000FFFFFFFFFFFFFFFFFFFFFFFFFFFFFFFFA4
:105C1000FFFFFFFFFFFFFFFFFFFFFFFFFFFFFFFF94
:105C2000FFFFFFFFFFFFFFFFFFFFFFFFFFFFFFFF84
:105C3000FFFFFFFFFFFFFFFFFFFFFFFFFFFFFFFF74
:105C4000FFFFFFFFFFFFFFFFFFFFFFFFFFFFFFFF64
:105C5000FFFFFFFFFFFFFFFFFFFFFFFFFFFFFFFF54
:105C6000FFFFFFFFFFFFFFFFFFFFFFFFFFFFFFFF44
:105C7000FFFFFFFFFFFFFFFFFFFFFFFFFFFFFFFF34
:105C8000FFFFFFFFFFFFFFFFFFFFFFFFFFFFFFFF24
:105C9000FFFFFFFFFFFFFFFFFFFFFFFFFFFFFFFF14
:105CA000FFFFFFFFFFFFFFFFFFFFFFFFFFFFFFFF04
:105CB000FFFFFFFFFFFFFFFFFFFFFFFFFFFFFFFFF4
:105CC000FFFFFFFFFFFFFFFFFFFFFFFFFFFFFFFFE4
:105CD000FFFFFFFFFFFFFFFFFFFFFFFFFFFFFFFFD4
:105CE000FFFFFFFFFFFFFFFFFFFFFFFFFFFFFFFFC4
:105CF000FFFFFFFFFFFFFFFFFFFFFFFFFFFFFFFFB4
:105D0000FFFFFFFFFFFFFFFFFFFFFFFFFFFFFFFFA3
:105D1000FFFFFFFFFFFFFFFFFFFFFFFFFFFFFFFF93
:105D2000FFFFFFFFFFFFFFFFFFFFFFFFFFFFFFFF83
:105D3000FFFFFFFFFFFFFFFFFFFFFFFFFFFFFFFF73
:105D4000FFFFFFFFFFFFFFFFFFFFFFFFFFFFFFFF63
:105D5000FFFFFFFFFFFFFFFFFFFFFFFFFFFFFFFF53
:105D6000FFFFFFFFFFFFFFFFFFFFFFFFFFFFFFFF43
:105D7000FFFFFFFFFFFFFFFFFFFFFFFFFFFFFFFF33
:105D8000FFFFFFFFFFFFFFFFFFFFFFFFFFFFFFFF23
:105D9000FFFFFFFFFFFFFFFFFFFFFFFFFFFFFFFF13
:105DA000FFFFFFFFFFFFFFFFFFFFFFFFFFFFFFFF03
:105DB000FFFFFFFFFFFFFFFFFFFFFFFFFFFFFFFFF3
:105DC000FFFFFFFFFFFFFFFFFFFFFFFFFFFFFFFFE3
:105DD000FFFFFFFFFFFFFFFFFFFFFFFFFFFFFFFFD3
:105DE000FFFFFFFFFFFFFFFFFFFFFFFFFFFFFFFFC3
:105DF000FFFFFFFFFFFFFFFFFFFFFFFFFFFFFFFFB3
:105E0000FFFFFFFFFFFFFFFFFFFFFFFFFFFFFFFFA2
:105E1000FFFFFFFFFFFFFFFFFFFFFFFFFFFFFFFF92
:105E2000FFFFFFFFFFFFFFFFFFFFFFFFFFFFFFFF82
:105E3000FFFFFFFFFFFFFFFFFFFFFFFFFFFFFFFF72
:105E4000FFFFFFFFFFFFFFFFFFFFFFFFFFFFFFFF62
:105E5000FFFFFFFFFFFFFFFFFFFFFFFFFFFFFFFF52
:105E6000FFFFFFFFFFFFFFFFFFFFFFFFFFFFFFFF42
:105E7000FFFFFFFFFFFFFFFFFFFFFFFFFFFFFFFF32
:105E8000FFFFFFFFFFFFFFFFFFFFFFFFFFFFFFFF22
:105E9000FFFFFFFFFFFFFFFFFFFFFFFFFFFFFFFF12
:105EA000FFFFFFFFFFFFFFFFFFFFFFFFFFFFFFFF02
:105EB000FFFFFFFFFFFFFFFFFFFFFFFFFFFFFFFFF2
:105EC000FFFFFFFFFFFFFFFFFFFFFFFFFFFFFFFFE2
:105ED000FFFFFFFFFFFFFFFFFFFFFFFFFFFFFFFFD2
:105EE000FFFFFFFFFFFFFFFFFFFFFFFFFFFFFFFFC2
:105EF000FFFFFFFFFFFFFFFFFFFFFFFFFFFFFFFFB2
:105F0000FFFFFFFFFFFFFFFFFFFFFFFFFFFFFFFFA1
:105F1000FFFFFFFFFFFFFFFFFFFFFFFFFFFFFFFF91
:105F2000FFFFFFFFFFFFFFFFFFFFFFFFFFFFFFFF81
:105F3000FFFFFFFFFFFFFFFFFFFFFFFFFFFFFFFF71
:105F4000FFFFFFFFFFFFFFFFFFFFFFFFFFFFFFFF61
:105F5000FFFFFFFFFFFFFFFFFFFFFFFFFFFFFFFF51
:105F6000FFFFFFFFFFFFFFFFFFFFFFFFFFFFFFFF41
:105F7000FFFFFFFFFFFFFFFFFFFFFFFFFFFFFFFF31
:105F8000FFFFFFFFFFFFFFFFFFFFFFFFFFFFFFFF21
:105F9000FFFFFFFFFFFFFFFFFFFFFFFFFFFFFFFF11
:105FA000FFFFFFFFFFFFFFFFFFFFFFFFFFFFFFFF01
:105FB000FFFFFFFFFFFFFFFFFFFFFFFFFFFFFFFFF1
:105FC000FFFFFFFFFFFFFFFFFFFFFFFFFFFFFFFFE1
:105FD000FFFFFFFFFFFFFFFFFFFFFFFFFFFFFFFFD1
:105FE000FFFFFFFFFFFFFFFFFFFFFFFFFFFFFFFFC1
:105FF000FFFFFFFFFFFFFFFFFFFFFFFFFFFFFFFFB1
:10600000FFFFFFFFFFFFFFFFFFFFFFFFFFFFFFFFA0
:10601000FFFFFFFFFFFFFFFFFFFFFFFFFFFFFFFF90
:10602000FFFFFFFFFFFFFFFFFFFFFFFFFFFFFFFF80
:10603000FFFFFFFFFFFFFFFFFFFFFFFFFFFFFFFF70
:10604000FFFFFFFFFFFFFFFFFFFFFFFFFFFFFFFF60
:10605000FFFFFFFFFFFFFFFFFFFFFFFFFFFFFFFF50
:10606000FFFFFFFFFFFFFFFFFFFFFFFFFFFFFFFF40
:10607000FFFFFFFFFFFFFFFFFFFFFFFFFFFFFFFF30
:10608000FFFFFFFFFFFFFFFFFFFFFFFFFFFFFFFF20
:10609000FFFFFFFFFFFFFFFFFFFFFFFFFFFFFFFF10
:1060A000FFFFFFFFFFFFFFFFFFFFFFFFFFFFFFFF00
:1060B000FFFFFFFFFFFFFFFFFFFFFFFFFFFFFFFFF0
:1060C000FFFFFFFFFFFFFFFFFFFFFFFFFFFFFFFFE0
:1060D000FFFFFFFFFFFFFFFFFFFFFFFFFFFFFFFFD0
:1060E000FFFFFFFFFFFFFFFFFFFFFFFFFFFFFFFFC0
:1060F000FFFFFFFFFFFFFFFFFFFFFFFFFFFFFFFFB0
:10610000FFFFFFFFFFFFFFFFFFFFFFFFFFFFFFFF9F
:10611000FFFFFFFFFFFFFFFFFFFFFFFFFFFFFFFF8F
:10612000FFFFFFFFFFFFFFFFFFFFFFFFFFFFFFFF7F
:10613000FFFFFFFFFFFFFFFFFFFFFFFFFFFFFFFF6F
:10614000FFFFFFFFFFFFFFFFFFFFFFFFFFFFFFFF5F
:10615000FFFFFFFFFFFFFFFFFFFFFFFFFFFFFFFF4F
:10616000FFFFFFFFFFFFFFFFFFFFFFFFFFFFFFFF3F
:10617000FFFFFFFFFFFFFFFFFFFFFFFFFFFFFFFF2F
:10618000FFFFFFFFFFFFFFFFFFFFFFFFFFFFFFFF1F
:10619000FFFFFFFFFFFFFFFFFFFFFFFFFFFFFFFF0F
:1061A000FFFFFFFFFFFFFFFFFFFFFFFFFFFFFFFFFF
:1061B000FFFFFFFFFFFFFFFFFFFFFFFFFFFFFFFFEF
:1061C000FFFFFFFFFFFFFFFFFFFFFFFFFFFFFFFFDF
:1061D000FFFFFFFFFFFFFFFFFFFFFFFFFFFFFFFFCF
:1061E000FFFFFFFFFFFFFFFFFFFFFFFFFFFFFFFFBF
:1061F000FFFFFFFFFFFFFFFFFFFFFFFFFFFFFFFFAF
:10620000FFFFFFFFFFFFFFFFFFFFFFFFFFFFFFFF9E
:10621000FFFFFFFFFFFFFFFFFFFFFFFFFFFFFFFF8E
:10622000FFFFFFFFFFFFFFFFFFFFFFFFFFFFFFFF7E
:10623000FFFFFFFFFFFFFFFFFFFFFFFFFFFFFFFF6E
:10624000FFFFFFFFFFFFFFFFFFFFFFFFFFFFFFFF5E
:10625000FFFFFFFFFFFFFFFFFFFFFFFFFFFFFFFF4E
:10626000FFFFFFFFFFFFFFFFFFFFFFFFFFFFFFFF3E
:10627000FFFFFFFFFFFFFFFFFFFFFFFFFFFFFFFF2E
:10628000FFFFFFFFFFFFFFFFFFFFFFFFFFFFFFFF1E
:10629000FFFFFFFFFFFFFFFFFFFFFFFFFFFFFFFF0E
:1062A000FFFFFFFFFFFFFFFFFFFFFFFFFFFFFFFFFE
:1062B000FFFFFFFFFFFFFFFFFFFFFFFFFFFFFFFFEE
:1062C000FFFFFFFFFFFFFFFFFFFFFFFFFFFFFFFFDE
:1062D000FFFFFFFFFFFFFFFFFFFFFFFFFFFFFFFFCE
:1062E000FFFFFFFFFFFFFFFFFFFFFFFFFFFFFFFFBE
:1062F000FFFFFFFFFFFFFFFFFFFFFFFFFFFFFFFFAE
:10630000FFFFFFFFFFFFFFFFFFFFFFFFFFFFFFFF9D
:10631000FFFFFFFFFFFFFFFFFFFFFFFFFFFFFFFF8D
:10632000FFFFFFFFFFFFFFFFFFFFFFFFFFFFFFFF7D
:10633000FFFFFFFFFFFFFFFFFFFFFFFFFFFFFFFF6D
:10634000FFFFFFFFFFFFFFFFFFFFFFFFFFFFFFFF5D
:10635000FFFFFFFFFFFFFFFFFFFFFFFFFFFFFFFF4D
:10636000FFFFFFFFFFFFFFFFFFFFFFFFFFFFFFFF3D
:10637000FFFFFFFFFFFFFFFFFFFFFFFFFFFFFFFF2D
:10638000FFFFFFFFFFFFFFFFFFFFFFFFFFFFFFFF1D
:10639000FFFFFFFFFFFFFFFFFFFFFFFFFFFFFFFF0D
:1063A000FFFFFFFFFFFFFFFFFFFFFFFFFFFFFFFFFD
:1063B000FFFFFFFFFFFFFFFFFFFFFFFFFFFFFFFFED
:1063C000FFFFFFFFFFFFFFFFFFFFFFFFFFFFFFFFDD
:1063D000FFFFFFFFFFFFFFFFFFFFFFFFFFFFFFFFCD
:1063E000FFFFFFFFFFFFFFFFFFFFFFFFFFFFFFFFBD
:1063F000FFFFFFFFFFFFFFFFFFFFFFFFFFFFFFFFAD
:10640000FFFFFFFFFFFFFFFFFFFFFFFFFFFFFFFF9C
:10641000FFFFFFFFFFFFFFFFFFFFFFFFFFFFFFFF8C
:10642000FFFFFFFFFFFFFFFFFFFFFFFFFFFFFFFF7C
:10643000FFFFFFFFFFFFFFFFFFFFFFFFFFFFFFFF6C
:10644000FFFFFFFFFFFFFFFFFFFFFFFFFFFFFFFF5C
:10645000FFFFFFFFFFFFFFFFFFFFFFFFFFFFFFFF4C
:10646000FFFFFFFFFFFFFFFFFFFFFFFFFFFFFFFF3C
:10647000FFFFFFFFFFFFFFFFFFFFFFFFFFFFFFFF2C
:10648000FFFFFFFFFFFFFFFFFFFFFFFFFFFFFFFF1C
:10649000FFFFFFFFFFFFFFFFFFFFFFFFFFFFFFFF0C
:1064A000FFFFFFFFFFFFFFFFFFFFFFFFFFFFFFFFFC
:1064B000FFFFFFFFFFFFFFFFFFFFFFFFFFFFFFFFEC
:1064C000FFFFFFFFFFFFFFFFFFFFFFFFFFFFFFFFDC
:1064D000FFFFFFFFFFFFFFFFFFFFFFFFFFFFFFFFCC
:1064E000FFFFFFFFFFFFFFFFFFFFFFFFFFFFFFFFBC
:1064F000FFFFFFFFFFFFFFFFFFFFFFFFFFFFFFFFAC
:10650000FFFFFFFFFFFFFFFFFFFFFFFFFFFFFFFF9B
:10651000FFFFFFFFFFFFFFFFFFFFFFFFFFFFFFFF8B
:10652000FFFFFFFFFFFFFFFFFFFFFFFFFFFFFFFF7B
:10653000FFFFFFFFFFFFFFFFFFFFFFFFFFFFFFFF6B
:10654000FFFFFFFFFFFFFFFFFFFFFFFFFFFFFFFF5B
:10655000FFFFFFFFFFFFFFFFFFFFFFFFFFFFFFFF4B
:10656000FFFFFFFFFFFFFFFFFFFFFFFFFFFFFFFF3B
:10657000FFFFFFFFFFFFFFFFFFFFFFFFFFFFFFFF2B
:10658000FFFFFFFFFFFFFFFFFFFFFFFFFFFFFFFF1B
:10659000FFFFFFFFFFFFFFFFFFFFFFFFFFFFFFFF0B
:1065A000FFFFFFFFFFFFFFFFFFFFFFFFFFFFFFFFFB
:1065B000FFFFFFFFFFFFFFFFFFFFFFFFFFFFFFFFEB
:1065C000FFFFFFFFFFFFFFFFFFFFFFFFFFFFFFFFDB
:1065D000FFFFFFFFFFFFFFFFFFFFFFFFFFFFFFFFCB
:1065E000FFFFFFFFFFFFFFFFFFFFFFFFFFFFFFFFBB
:1065F000FFFFFFFFFFFFFFFFFFFFFFFFFFFFFFFFAB
:10660000FFFFFFFFFFFFFFFFFFFFFFFFFFFFFFFF9A
:10661000FFFFFFFFFFFFFFFFFFFFFFFFFFFFFFFF8A
:10662000FFFFFFFFFFFFFFFFFFFFFFFFFFFFFFFF7A
:10663000FFFFFFFFFFFFFFFFFFFFFFFFFFFFFFFF6A
:10664000FFFFFFFFFFFFFFFFFFFFFFFFFFFFFFFF5A
:10665000FFFFFFFFFFFFFFFFFFFFFFFFFFFFFFFF4A
:10666000FFFFFFFFFFFFFFFFFFFFFFFFFFFFFFFF3A
:10667000FFFFFFFFFFFFFFFFFFFFFFFFFFFFFFFF2A
:10668000FFFFFFFFFFFFFFFFFFFFFFFFFFFFFFFF1A
:10669000FFFFFFFFFFFFFFFFFFFFFFFFFFFFFFFF0A
:1066A000FFFFFFFFFFFFFFFFFFFFFFFFFFFFFFFFFA
:1066B000FFFFFFFFFFFFFFFFFFFFFFFFFFFFFFFFEA
:1066C000FFFFFFFFFFFFFFFFFFFFFFFFFFFFFFFFDA
:1066D000FFFFFFFFFFFFFFFFFFFFFFFFFFFFFFFFCA
:1066E000FFFFFFFFFFFFFFFFFFFFFFFFFFFFFFFFBA
:1066F000FFFFFFFFFFFFFFFFFFFFFFFFFFFFFFFFAA
:10670000FFFFFFFFFFFFFFFFFFFFFFFFFFFFFFFF99
:10671000FFFFFFFFFFFFFFFFFFFFFFFFFFFFFFFF89
:10672000FFFFFFFFFFFFFFFFFFFFFFFFFFFFFFFF79
:10673000FFFFFFFFFFFFFFFFFFFFFFFFFFFFFFFF69
:10674000FFFFFFFFFFFFFFFFFFFFFFFFFFFFFFFF59
:10675000FFFFFFFFFFFFFFFFFFFFFFFFFFFFFFFF49
:10676000FFFFFFFFFFFFFFFFFFFFFFFFFFFFFFFF39
:10677000FFFFFFFFFFFFFFFFFFFFFFFFFFFFFFFF29
:10678000FFFFFFFFFFFFFFFFFFFFFFFFFFFFFFFF19
:10679000FFFFFFFFFFFFFFFFFFFFFFFFFFFFFFFF09
:1067A000FFFFFFFFFFFFFFFFFFFFFFFFFFFFFFFFF9
:1067B000FFFFFFFFFFFFFFFFFFFFFFFFFFFFFFFFE9
:1067C000FFFFFFFFFFFFFFFFFFFFFFFFFFFFFFFFD9
:1067D000FFFFFFFFFFFFFFFFFFFFFFFFFFFFFFFFC9
:1067E000FFFFFFFFFFFFFFFFFFFFFFFFFFFFFFFFB9
:1067F000FFFFFFFFFFFFFFFFFFFFFFFFFFFFFFFFA9
:10680000FFFFFFFFFFFFFFFFFFFFFFFFFFFFFFFF98
:10681000FFFFFFFFFFFFFFFFFFFFFFFFFFFFFFFF88
:10682000FFFFFFFFFFFFFFFFFFFFFFFFFFFFFFFF78
:10683000FFFFFFFFFFFFFFFFFFFFFFFFFFFFFFFF68
:10684000FFFFFFFFFFFFFFFFFFFFFFFFFFFFFFFF58
:10685000FFFFFFFFFFFFFFFFFFFFFFFFFFFFFFFF48
:10686000FFFFFFFFFFFFFFFFFFFFFFFFFFFFFFFF38
:10687000FFFFFFFFFFFFFFFFFFFFFFFFFFFFFFFF28
:10688000FFFFFFFFFFFFFFFFFFFFFFFFFFFFFFFF18
:10689000FFFFFFFFFFFFFFFFFFFFFFFFFFFFFFFF08
:1068A000FFFFFFFFFFFFFFFFFFFFFFFFFFFFFFFFF8
:1068B000FFFFFFFFFFFFFFFFFFFFFFFFFFFFFFFFE8
:1068C000FFFFFFFFFFFFFFFFFFFFFFFFFFFFFFFFD8
:1068D000FFFFFFFFFFFFFFFFFFFFFFFFFFFFFFFFC8
:1068E000FFFFFFFFFFFFFFFFFFFFFFFFFFFFFFFFB8
:1068F000FFFFFFFFFFFFFFFFFFFFFFFFFFFFFFFFA8
:10690000FFFFFFFFFFFFFFFFFFFFFFFFFFFFFFFF97
:10691000FFFFFFFFFFFFFFFFFFFFFFFFFFFFFFFF87
:10692000FFFFFFFFFFFFFFFFFFFFFFFFFFFFFFFF77
:10693000FFFFFFFFFFFFFFFFFFFFFFFFFFFFFFFF67
:10694000FFFFFFFFFFFFFFFFFFFFFFFFFFFFFFFF57
:10695000FFFFFFFFFFFFFFFFFFFFFFFFFFFFFFFF47
:10696000FFFFFFFFFFFFFFFFFFFFFFFFFFFFFFFF37
:10697000FFFFFFFFFFFFFFFFFFFFFFFFFFFFFFFF27
:10698000FFFFFFFFFFFFFFFFFFFFFFFFFFFFFFFF17
:10699000FFFFFFFFFFFFFFFFFFFFFFFFFFFFFFFF07
:1069A000FFFFFFFFFFFFFFFFFFFFFFFFFFFFFFFFF7
:1069B000FFFFFFFFFFFFFFFFFFFFFFFFFFFFFFFFE7
:1069C000FFFFFFFFFFFFFFFFFFFFFFFFFFFFFFFFD7
:1069D000FFFFFFFFFFFFFFFFFFFFFFFFFFFFFFFFC7
:1069E000FFFFFFFFFFFFFFFFFFFFFFFFFFFFFFFFB7
:1069F000FFFFFFFFFFFFFFFFFFFFFFFFFFFFFFFFA7
:106A0000FFFFFFFFFFFFFFFFFFFFFFFFFFFFFFFF96
:106A1000FFFFFFFFFFFFFFFFFFFFFFFFFFFFFFFF86
:106A2000FFFFFFFFFFFFFFFFFFFFFFFFFFFFFFFF76
:106A3000FFFFFFFFFFFFFFFFFFFFFFFFFFFFFFFF66
:106A4000FFFFFFFFFFFFFFFFFFFFFFFFFFFFFFFF56
:106A5000FFFFFFFFFFFFFFFFFFFFFFFFFFFFFFFF46
:106A6000FFFFFFFFFFFFFFFFFFFFFFFFFFFFFFFF36
:106A7000FFFFFFFFFFFFFFFFFFFFFFFFFFFFFFFF26
:106A8000FFFFFFFFFFFFFFFFFFFFFFFFFFFFFFFF16
:106A9000FFFFFFFFFFFFFFFFFFFFFFFFFFFFFFFF06
:106AA000FFFFFFFFFFFFFFFFFFFFFFFFFFFFFFFFF6
:106AB000FFFFFFFFFFFFFFFFFFFFFFFFFFFFFFFFE6
:106AC000FFFFFFFFFFFFFFFFFFFFFFFFFFFFFFFFD6
:106AD000FFFFFFFFFFFFFFFFFFFFFFFFFFFFFFFFC6
:106AE000FFFFFFFFFFFFFFFFFFFFFFFFFFFFFFFFB6
:106AF000FFFFFFFFFFFFFFFFFFFFFFFFFFFFFFFFA6
:106B0000FFFFFFFFFFFFFFFFFFFFFFFFFFFFFFFF95
:106B1000FFFFFFFFFFFFFFFFFFFFFFFFFFFFFFFF85
:106B2000FFFFFFFFFFFFFFFFFFFFFFFFFFFFFFFF75
:106B3000FFFFFFFFFFFFFFFFFFFFFFFFFFFFFFFF65
:106B4000FFFFFFFFFFFFFFFFFFFFFFFFFFFFFFFF55
:106B5000FFFFFFFFFFFFFFFFFFFFFFFFFFFFFFFF45
:106B6000FFFFFFFFFFFFFFFFFFFFFFFFFFFFFFFF35
:106B7000FFFFFFFFFFFFFFFFFFFFFFFFFFFFFFFF25
:106B8000FFFFFFFFFFFFFFFFFFFFFFFFFFFFFFFF15
:106B9000FFFFFFFFFFFFFFFFFFFFFFFFFFFFFFFF05
:106BA000FFFFFFFFFFFFFFFFFFFFFFFFFFFFFFFFF5
:106BB000FFFFFFFFFFFFFFFFFFFFFFFFFFFFFFFFE5
:106BC000FFFFFFFFFFFFFFFFFFFFFFFFFFFFFFFFD5
:106BD000FFFFFFFFFFFFFFFFFFFFFFFFFFFFFFFFC5
:106BE000FFFFFFFFFFFFFFFFFFFFFFFFFFFFFFFFB5
:106BF000FFFFFFFFFFFFFFFFFFFFFFFFFFFFFFFFA5
:106C0000FFFFFFFFFFFFFFFFFFFFFFFFFFFFFFFF94
:106C1000FFFFFFFFFFFFFFFFFFFFFFFFFFFFFFFF84
:106C2000FFFFFFFFFFFFFFFFFFFFFFFFFFFFFFFF74
:106C3000FFFFFFFFFFFFFFFFFFFFFFFFFFFFFFFF64
:106C4000FFFFFFFFFFFFFFFFFFFFFFFFFFFFFFFF54
:106C5000FFFFFFFFFFFFFFFFFFFFFFFFFFFFFFFF44
:106C6000FFFFFFFFFFFFFFFFFFFFFFFFFFFFFFFF34
:106C7000FFFFFFFFFFFFFFFFFFFFFFFFFFFFFFFF24
:106C8000FFFFFFFFFFFFFFFFFFFFFFFFFFFFFFFF14
:106C9000FFFFFFFFFFFFFFFFFFFFFFFFFFFFFFFF04
:106CA000FFFFFFFFFFFFFFFFFFFFFFFFFFFFFFFFF4
:106CB000FFFFFFFFFFFFFFFFFFFFFFFFFFFFFFFFE4
:106CC000FFFFFFFFFFFFFFFFFFFFFFFFFFFFFFFFD4
:106CD000FFFFFFFFFFFFFFFFFFFFFFFFFFFFFFFFC4
:106CE000FFFFFFFFFFFFFFFFFFFFFFFFFFFFFFFFB4
:106CF000FFFFFFFFFFFFFFFFFFFFFFFFFFFFFFFFA4
:106D0000FFFFFFFFFFFFFFFFFFFFFFFFFFFFFFFF93
:106D1000FFFFFFFFFFFFFFFFFFFFFFFFFFFFFFFF83
:106D2000FFFFFFFFFFFFFFFFFFFFFFFFFFFFFFFF73
:106D3000FFFFFFFFFFFFFFFFFFFFFFFFFFFFFFFF63
:106D4000FFFFFFFFFFFFFFFFFFFFFFFFFFFFFFFF53
:106D5000FFFFFFFFFFFFFFFFFFFFFFFFFFFFFFFF43
:106D6000FFFFFFFFFFFFFFFFFFFFFFFFFFFFFFFF33
:106D7000FFFFFFFFFFFFFFFFFFFFFFFFFFFFFFFF23
:106D8000FFFFFFFFFFFFFFFFFFFFFFFFFFFFFFFF13
:106D9000FFFFFFFFFFFFFFFFFFFFFFFFFFFFFFFF03
:106DA000FFFFFFFFFFFFFFFFFFFFFFFFFFFFFFFFF3
:106DB000FFFFFFFFFFFFFFFFFFFFFFFFFFFFFFFFE3
:106DC000FFFFFFFFFFFFFFFFFFFFFFFFFFFFFFFFD3
:106DD000FFFFFFFFFFFFFFFFFFFFFFFFFFFFFFFFC3
:106DE000FFFFFFFFFFFFFFFFFFFFFFFFFFFFFFFFB3
:106DF000FFFFFFFFFFFFFFFFFFFFFFFFFFFFFFFFA3
:106E0000FFFFFFFFFFFFFFFFFFFFFFFFFFFFFFFF92
:106E1000FFFFFFFFFFFFFFFFFFFFFFFFFFFFFFFF82
:106E2000FFFFFFFFFFFFFFFFFFFFFFFFFFFFFFFF72
:106E3000FFFFFFFFFFFFFFFFFFFFFFFFFFFFFFFF62
:106E4000FFFFFFFFFFFFFFFFFFFFFFFFFFFFFFFF52
:106E5000FFFFFFFFFFFFFFFFFFFFFFFFFFFFFFFF42
:106E6000FFFFFFFFFFFFFFFFFFFFFFFFFFFFFFFF32
:106E7000FFFFFFFFFFFFFFFFFFFFFFFFFFFFFFFF22
:106E8000FFFFFFFFFFFFFFFFFFFFFFFFFFFFFFFF12
:106E9000FFFFFFFFFFFFFFFFFFFFFFFFFFFFFFFF02
:106EA000FFFFFFFFFFFFFFFFFFFFFFFFFFFFFFFFF2
:106EB000FFFFFFFFFFFFFFFFFFFFFFFFFFFFFFFFE2
:106EC000FFFFFFFFFFFFFFFFFFFFFFFFFFFFFFFFD2
:106ED000FFFFFFFFFFFFFFFFFFFFFFFFFFFFFFFFC2
:106EE000FFFFFFFFFFFFFFFFFFFFFFFFFFFFFFFFB2
:106EF000FFFFFFFFFFFFFFFFFFFFFFFFFFFFFFFFA2
:106F0000FFFFFFFFFFFFFFFFFFFFFFFFFFFFFFFF91
:106F1000FFFFFFFFFFFFFFFFFFFFFFFFFFFFFFFF81
:106F2000FFFFFFFFFFFFFFFFFFFFFFFFFFFFFFFF71
:106F3000FFFFFFFFFFFFFFFFFFFFFFFFFFFFFFFF61
:106F4000FFFFFFFFFFFFFFFFFFFFFFFFFFFFFFFF51
:106F5000FFFFFFFFFFFFFFFFFFFFFFFFFFFFFFFF41
:106F6000FFFFFFFFFFFFFFFFFFFFFFFFFFFFFFFF31
:106F7000FFFFFFFFFFFFFFFFFFFFFFFFFFFFFFFF21
:106F8000FFFFFFFFFFFFFFFFFFFFFFFFFFFFFFFF11
:106F9000FFFFFFFFFFFFFFFFFFFFFFFFFFFFFFFF01
:106FA000FFFFFFFFFFFFFFFFFFFFFFFFFFFFFFFFF1
:106FB000FFFFFFFFFFFFFFFFFFFFFFFFFFFFFFFFE1
:106FC000FFFFFFFFFFFFFFFFFFFFFFFFFFFFFFFFD1
:106FD000FFFFFFFFFFFFFFFFFFFFFFFFFFFFFFFFC1
:106FE000FFFFFFFFFFFFFFFFFFFFFFFFFFFFFFFFB1
:106FF000FFFFFFFFFFFFFFFFFFFFFFFFFFFFFFFFA1
:10700000FFFFFFFFFFFFFFFFFFFFFFFFFFFFFFFF90
:10701000FFFFFFFFFFFFFFFFFFFFFFFFFFFFFFFF80
:10702000FFFFFFFFFFFFFFFFFFFFFFFFFFFFFFFF70
:10703000FFFFFFFFFFFFFFFFFFFFFFFFFFFFFFFF60
:10704000FFFFFFFFFFFFFFFFFFFFFFFFFFFFFFFF50
:10705000FFFFFFFFFFFFFFFFFFFFFFFFFFFFFFFF40
:10706000FFFFFFFFFFFFFFFFFFFFFFFFFFFFFFFF30
:10707000FFFFFFFFFFFFFFFFFFFFFFFFFFFFFFFF20
:10708000FFFFFFFFFFFFFFFFFFFFFFFFFFFFFFFF10
:10709000FFFFFFFFFFFFFFFFFFFFFFFFFFFFFFFF00
:1070A000FFFFFFFFFFFFFFFFFFFFFFFFFFFFFFFFF0
:1070B000FFFFFFFFFFFFFFFFFFFFFFFFFFFFFFFFE0
:1070C000FFFFFFFFFFFFFFFFFFFFFFFFFFFFFFFFD0
:1070D000FFFFFFFFFFFFFFFFFFFFFFFFFFFFFFFFC0
:1070E000FFFFFFFFFFFFFFFFFFFFFFFFFFFFFFFFB0
:1070F000FFFFFFFFFFFFFFFFFFFFFFFFFFFFFFFFA0
:10710000FFFFFFFFFFFFFFFFFFFFFFFFFFFFFFFF8F
:10711000FFFFFFFFFFFFFFFFFFFFFFFFFFFFFFFF7F
:10712000FFFFFFFFFFFFFFFFFFFFFFFFFFFFFFFF6F
:10713000FFFFFFFFFFFFFFFFFFFFFFFFFFFFFFFF5F
:10714000FFFFFFFFFFFFFFFFFFFFFFFFFFFFFFFF4F
:10715000FFFFFFFFFFFFFFFFFFFFFFFFFFFFFFFF3F
:10716000FFFFFFFFFFFFFFFFFFFFFFFFFFFFFFFF2F
:10717000FFFFFFFFFFFFFFFFFFFFFFFFFFFFFFFF1F
:10718000FFFFFFFFFFFFFFFFFFFFFFFFFFFFFFFF0F
:10719000FFFFFFFFFFFFFFFFFFFFFFFFFFFFFFFFFF
:1071A000FFFFFFFFFFFFFFFFFFFFFFFFFFFFFFFFEF
:1071B000FFFFFFFFFFFFFFFFFFFFFFFFFFFFFFFFDF
:1071C000FFFFFFFFFFFFFFFFFFFFFFFFFFFFFFFFCF
:1071D000FFFFFFFFFFFFFFFFFFFFFFFFFFFFFFFFBF
:1071E000FFFFFFFFFFFFFFFFFFFFFFFFFFFFFFFFAF
:1071F000FFFFFFFFFFFFFFFFFFFFFFFFFFFFFFFF9F
:10720000FFFFFFFFFFFFFFFFFFFFFFFFFFFFFFFF8E
:10721000FFFFFFFFFFFFFFFFFFFFFFFFFFFFFFFF7E
:10722000FFFFFFFFFFFFFFFFFFFFFFFFFFFFFFFF6E
:10723000FFFFFFFFFFFFFFFFFFFFFFFFFFFFFFFF5E
:10724000FFFFFFFFFFFFFFFFFFFFFFFFFFFFFFFF4E
:10725000FFFFFFFFFFFFFFFFFFFFFFFFFFFFFFFF3E
:10726000FFFFFFFFFFFFFFFFFFFFFFFFFFFFFFFF2E
:10727000FFFFFFFFFFFFFFFFFFFFFFFFFFFFFFFF1E
:10728000FFFFFFFFFFFFFFFFFFFFFFFFFFFFFFFF0E
:10729000FFFFFFFFFFFFFFFFFFFFFFFFFFFFFFFFFE
:1072A000FFFFFFFFFFFFFFFFFFFFFFFFFFFFFFFFEE
:1072B000FFFFFFFFFFFFFFFFFFFFFFFFFFFFFFFFDE
:1072C000FFFFFFFFFFFFFFFFFFFFFFFFFFFFFFFFCE
:1072D000FFFFFFFFFFFFFFFFFFFFFFFFFFFFFFFFBE
:1072E000FFFFFFFFFFFFFFFFFFFFFFFFFFFFFFFFAE
:1072F000FFFFFFFFFFFFFFFFFFFFFFFFFFFFFFFF9E
:10730000FFFFFFFFFFFFFFFFFFFFFFFFFFFFFFFF8D
:10731000FFFFFFFFFFFFFFFFFFFFFFFFFFFFFFFF7D
:10732000FFFFFFFFFFFFFFFFFFFFFFFFFFFFFFFF6D
:10733000FFFFFFFFFFFFFFFFFFFFFFFFFFFFFFFF5D
:10734000FFFFFFFFFFFFFFFFFFFFFFFFFFFFFFFF4D
:10735000FFFFFFFFFFFFFFFFFFFFFFFFFFFFFFFF3D
:10736000FFFFFFFFFFFFFFFFFFFFFFFFFFFFFFFF2D
:10737000FFFFFFFFFFFFFFFFFFFFFFFFFFFFFFFF1D
:10738000FFFFFFFFFFFFFFFFFFFFFFFFFFFFFFFF0D
:10739000FFFFFFFFFFFFFFFFFFFFFFFFFFFFFFFFFD
:1073A000FFFFFFFFFFFFFFFFFFFFFFFFFFFFFFFFED
:1073B000FFFFFFFFFFFFFFFFFFFFFFFFFFFFFFFFDD
:1073C000FFFFFFFFFFFFFFFFFFFFFFFFFFFFFFFFCD
:1073D000FFFFFFFFFFFFFFFFFFFFFFFFFFFFFFFFBD
:1073E000FFFFFFFFFFFFFFFFFFFFFFFFFFFFFFFFAD
:1073F000FFFFFFFFFFFFFFFFFFFFFFFFFFFFFFFF9D
:10740000FFFFFFFFFFFFFFFFFFFFFFFFFFFFFFFF8C
:10741000FFFFFFFFFFFFFFFFFFFFFFFFFFFFFFFF7C
:10742000FFFFFFFFFFFFFFFFFFFFFFFFFFFFFFFF6C
:10743000FFFFFFFFFFFFFFFFFFFFFFFFFFFFFFFF5C
:10744000FFFFFFFFFFFFFFFFFFFFFFFFFFFFFFFF4C
:10745000FFFFFFFFFFFFFFFFFFFFFFFFFFFFFFFF3C
:10746000FFFFFFFFFFFFFFFFFFFFFFFFFFFFFFFF2C
:10747000FFFFFFFFFFFFFFFFFFFFFFFFFFFFFFFF1C
:10748000FFFFFFFFFFFFFFFFFFFFFFFFFFFFFFFF0C
:10749000FFFFFFFFFFFFFFFFFFFFFFFFFFFFFFFFFC
:1074A000FFFFFFFFFFFFFFFFFFFFFFFFFFFFFFFFEC
:1074B000FFFFFFFFFFFFFFFFFFFFFFFFFFFFFFFFDC
:1074C000FFFFFFFFFFFFFFFFFFFFFFFFFFFFFFFFCC
:1074D000FFFFFFFFFFFFFFFFFFFFFFFFFFFFFFFFBC
:1074E000FFFFFFFFFFFFFFFFFFFFFFFFFFFFFFFFAC
:1074F000FFFFFFFFFFFFFFFFFFFFFFFFFFFFFFFF9C
:10750000FFFFFFFFFFFFFFFFFFFFFFFFFFFFFFFF8B
:10751000FFFFFFFFFFFFFFFFFFFFFFFFFFFFFFFF7B
:10752000FFFFFFFFFFFFFFFFFFFFFFFFFFFFFFFF6B
:10753000FFFFFFFFFFFFFFFFFFFFFFFFFFFFFFFF5B
:10754000FFFFFFFFFFFFFFFFFFFFFFFFFFFFFFFF4B
:10755000FFFFFFFFFFFFFFFFFFFFFFFFFFFFFFFF3B
:10756000FFFFFFFFFFFFFFFFFFFFFFFFFFFFFFFF2B
:10757000FFFFFFFFFFFFFFFFFFFFFFFFFFFFFFFF1B
:10758000FFFFFFFFFFFFFFFFFFFFFFFFFFFFFFFF0B
:10759000FFFFFFFFFFFFFFFFFFFFFFFFFFFFFFFFFB
:1075A000FFFFFFFFFFFFFFFFFFFFFFFFFFFFFFFFEB
:1075B000FFFFFFFFFFFFFFFFFFFFFFFFFFFFFFFFDB
:1075C000FFFFFFFFFFFFFFFFFFFFFFFFFFFFFFFFCB
:1075D000FFFFFFFFFFFFFFFFFFFFFFFFFFFFFFFFBB
:1075E000FFFFFFFFFFFFFFFFFFFFFFFFFFFFFFFFAB
:1075F000FFFFFFFFFFFFFFFFFFFFFFFFFFFFFFFF9B
:10760000FFFFFFFFFFFFFFFFFFFFFFFFFFFFFFFF8A
:10761000FFFFFFFFFFFFFFFFFFFFFFFFFFFFFFFF7A
:10762000FFFFFFFFFFFFFFFFFFFFFFFFFFFFFFFF6A
:10763000FFFFFFFFFFFFFFFFFFFFFFFFFFFFFFFF5A
:10764000FFFFFFFFFFFFFFFFFFFFFFFFFFFFFFFF4A
:10765000FFFFFFFFFFFFFFFFFFFFFFFFFFFFFFFF3A
:10766000FFFFFFFFFFFFFFFFFFFFFFFFFFFFFFFF2A
:10767000FFFFFFFFFFFFFFFFFFFFFFFFFFFFFFFF1A
:10768000FFFFFFFFFFFFFFFFFFFFFFFFFFFFFFFF0A
:10769000FFFFFFFFFFFFFFFFFFFFFFFFFFFFFFFFFA
:1076A000FFFFFFFFFFFFFFFFFFFFFFFFFFFFFFFFEA
:1076B000FFFFFFFFFFFFFFFFFFFFFFFFFFFFFFFFDA
:1076C000FFFFFFFFFFFFFFFFFFFFFFFFFFFFFFFFCA
:1076D000FFFFFFFFFFFFFFFFFFFFFFFFFFFFFFFFBA
:1076E000FFFFFFFFFFFFFFFFFFFFFFFFFFFFFFFFAA
:1076F000FFFFFFFFFFFFFFFFFFFFFFFFFFFFFFFF9A
:10770000FFFFFFFFFFFFFFFFFFFFFFFFFFFFFFFF89
:10771000FFFFFFFFFFFFFFFFFFFFFFFFFFFFFFFF79
:10772000FFFFFFFFFFFFFFFFFFFFFFFFFFFFFFFF69
:10773000FFFFFFFFFFFFFFFFFFFFFFFFFFFFFFFF59
:10774000FFFFFFFFFFFFFFFFFFFFFFFFFFFFFFFF49
:10775000FFFFFFFFFFFFFFFFFFFFFFFFFFFFFFFF39
:10776000FFFFFFFFFFFFFFFFFFFFFFFFFFFFFFFF29
:10777000FFFFFFFFFFFFFFFFFFFFFFFFFFFFFFFF19
:10778000FFFFFFFFFFFFFFFFFFFFFFFFFFFFFFFF09
:10779000FFFFFFFFFFFFFFFFFFFFFFFFFFFFFFFFF9
:1077A000FFFFFFFFFFFFFFFFFFFFFFFFFFFFFFFFE9
:1077B000FFFFFFFFFFFFFFFFFFFFFFFFFFFFFFFFD9
:1077C000FFFFFFFFFFFFFFFFFFFFFFFFFFFFFFFFC9
:1077D000FFFFFFFFFFFFFFFFFFFFFFFFFFFFFFFFB9
:1077E000FFFFFFFFFFFFFFFFFFFFFFFFFFFFFFFFA9
:1077F000FFFFFFFFFFFFFFFFFFFFFFFFFFFFFFFF99
:10780000FFFFFFFFFFFFFFFFFFFFFFFFFFFFFFFF88
:10781000FFFFFFFFFFFFFFFFFFFFFFFFFFFFFFFF78
:10782000FFFFFFFFFFFFFFFFFFFFFFFFFFFFFFFF68
:10783000FFFFFFFFFFFFFFFFFFFFFFFFFFFFFFFF58
:10784000FFFFFFFFFFFFFFFFFFFFFFFFFFFFFFFF48
:10785000FFFFFFFFFFFFFFFFFFFFFFFFFFFFFFFF38
:10786000FFFFFFFFFFFFFFFFFFFFFFFFFFFFFFFF28
:10787000FFFFFFFFFFFFFFFFFFFFFFFFFFFFFFFF18
:10788000FFFFFFFFFFFFFFFFFFFFFFFFFFFFFFFF08
:10789000FFFFFFFFFFFFFFFFFFFFFFFFFFFFFFFFF8
:1078A000FFFFFFFFFFFFFFFFFFFFFFFFFFFFFFFFE8
:1078B000FFFFFFFFFFFFFFFFFFFFFFFFFFFFFFFFD8
:1078C000FFFFFFFFFFFFFFFFFFFFFFFFFFFFFFFFC8
:1078D000FFFFFFFFFFFFFFFFFFFFFFFFFFFFFFFFB8
:1078E000FFFFFFFFFFFFFFFFFFFFFFFFFFFFFFFFA8
:1078F000FFFFFFFFFFFFFFFFFFFFFFFFFFFFFFFF98
:10790000FFFFFFFFFFFFFFFFFFFFFFFFFFFFFFFF87
:10791000FFFFFFFFFFFFFFFFFFFFFFFFFFFFFFFF77
:10792000FFFFFFFFFFFFFFFFFFFFFFFFFFFFFFFF67
:10793000FFFFFFFFFFFFFFFFFFFFFFFFFFFFFFFF57
:10794000FFFFFFFFFFFFFFFFFFFFFFFFFFFFFFFF47
:10795000FFFFFFFFFFFFFFFFFFFFFFFFFFFFFFFF37
:10796000FFFFFFFFFFFFFFFFFFFFFFFFFFFFFFFF27
:10797000FFFFFFFFFFFFFFFFFFFFFFFFFFFFFFFF17
:10798000FFFFFFFFFFFFFFFFFFFFFFFFFFFFFFFF07
:10799000FFFFFFFFFFFFFFFFFFFFFFFFFFFFFFFFF7
:1079A000FFFFFFFFFFFFFFFFFFFFFFFFFFFFFFFFE7
:1079B000FFFFFFFFFFFFFFFFFFFFFFFFFFFFFFFFD7
:1079C000FFFFFFFFFFFFFFFFFFFFFFFFFFFFFFFFC7
:1079D000FFFFFFFFFFFFFFFFFFFFFFFFFFFFFFFFB7
:1079E000FFFFFFFFFFFFFFFFFFFFFFFFFFFFFFFFA7
:1079F000FFFFFFFFFFFFFFFFFFFFFFFFFFFFFFFF97
:107A0000FFFFFFFFFFFFFFFFFFFFFFFFFFFFFFFF86
:107A1000FFFFFFFFFFFFFFFFFFFFFFFFFFFFFFFF76
:107A2000FFFFFFFFFFFFFFFFFFFFFFFFFFFFFFFF66
:107A3000FFFFFFFFFFFFFFFFFFFFFFFFFFFFFFFF56
:107A4000FFFFFFFFFFFFFFFFFFFFFFFFFFFFFFFF46
:107A5000FFFFFFFFFFFFFFFFFFFFFFFFFFFFFFFF36
:107A6000FFFFFFFFFFFFFFFFFFFFFFFFFFFFFFFF26
:107A7000FFFFFFFFFFFFFFFFFFFFFFFFFFFFFFFF16
:107A8000FFFFFFFFFFFFFFFFFFFFFFFFFFFFFFFF06
:107A9000FFFFFFFFFFFFFFFFFFFFFFFFFFFFFFFFF6
:107AA000FFFFFFFFFFFFFFFFFFFFFFFFFFFFFFFFE6
:107AB000FFFFFFFFFFFFFFFFFFFFFFFFFFFFFFFFD6
:107AC000FFFFFFFFFFFFFFFFFFFFFFFFFFFFFFFFC6
:107AD000FFFFFFFFFFFFFFFFFFFFFFFFFFFFFFFFB6
:107AE000FFFFFFFFFFFFFFFFFFFFFFFFFFFFFFFFA6
:107AF000FFFFFFFFFFFFFFFFFFFFFFFFFFFFFFFF96
:107B0000FFFFFFFFFFFFFFFFFFFFFFFFFFFFFFFF85
:107B1000FFFFFFFFFFFFFFFFFFFFFFFFFFFFFFFF75
:107B2000FFFFFFFFFFFFFFFFFFFFFFFFFFFFFFFF65
:107B3000FFFFFFFFFFFFFFFFFFFFFFFFFFFFFFFF55
:107B4000FFFFFFFFFFFFFFFFFFFFFFFFFFFFFFFF45
:107B5000FFFFFFFFFFFFFFFFFFFFFFFFFFFFFFFF35
:107B6000FFFFFFFFFFFFFFFFFFFFFFFFFFFFFFFF25
:107B7000FFFFFFFFFFFFFFFFFFFFFFFFFFFFFFFF15
:107B8000FFFFFFFFFFFFFFFFFFFFFFFFFFFFFFFF05
:107B9000FFFFFFFFFFFFFFFFFFFFFFFFFFFFFFFFF5
:107BA000FFFFFFFFFFFFFFFFFFFFFFFFFFFFFFFFE5
:107BB000FFFFFFFFFFFFFFFFFFFFFFFFFFFFFFFFD5
:107BC000FFFFFFFFFFFFFFFFFFFFFFFFFFFFFFFFC5
:107BD000FFFFFFFFFFFFFFFFFFFFFFFFFFFFFFFFB5
:107BE000FFFFFFFFFFFFFFFFFFFFFFFFFFFFFFFFA5
:107BF000FFFFFFFFFFFFFFFFFFFFFFFFFFFFFFFF95
:107C0000FFFFFFFFFFFFFFFFFFFFFFFFFFFFFFFF84
:107C1000FFFFFFFFFFFFFFFFFFFFFFFFFFFFFFFF74
:107C2000FFFFFFFFFFFFFFFFFFFFFFFFFFFFFFFF64
:107C3000FFFFFFFFFFFFFFFFFFFFFFFFFFFFFFFF54
:107C4000FFFFFFFFFFFFFFFFFFFFFFFFFFFFFFFF44
:107C5000FFFFFFFFFFFFFFFFFFFFFFFFFFFFFFFF34
:107C6000FFFFFFFFFFFFFFFFFFFFFFFFFFFFFFFF24
:107C7000FFFFFFFFFFFFFFFFFFFFFFFFFFFFFFFF14
:107C8000FFFFFFFFFFFFFFFFFFFFFFFFFFFFFFFF04
:107C9000FFFFFFFFFFFFFFFFFFFFFFFFFFFFFFFFF4
:107CA000FFFFFFFFFFFFFFFFFFFFFFFFFFFFFFFFE4
:107CB000FFFFFFFFFFFFFFFFFFFFFFFFFFFFFFFFD4
:107CC000FFFFFFFFFFFFFFFFFFFFFFFFFFFFFFFFC4
:107CD000FFFFFFFFFFFFFFFFFFFFFFFFFFFFFFFFB4
:107CE000FFFFFFFFFFFFFFFFFFFFFFFFFFFFFFFFA4
:107CF000FFFFFFFFFFFFFFFFFFFFFFFFFFFFFFFF94
:107D0000FFFFFFFFFFFFFFFFFFFFFFFFFFFFFFFF83
:107D1000FFFFFFFFFFFFFFFFFFFFFFFFFFFFFFFF73
:107D2000FFFFFFFFFFFFFFFFFFFFFFFFFFFFFFFF63
:107D3000FFFFFFFFFFFFFFFFFFFFFFFFFFFFFFFF53
:107D4000FFFFFFFFFFFFFFFFFFFFFFFFFFFFFFFF43
:107D5000FFFFFFFFFFFFFFFFFFFFFFFFFFFFFFFF33
:107D6000FFFFFFFFFFFFFFFFFFFFFFFFFFFFFFFF23
:107D7000FFFFFFFFFFFFFFFFFFFFFFFFFFFFFFFF13
:107D8000FFFFFFFFFFFFFFFFFFFFFFFFFFFFFFFF03
:107D9000FFFFFFFFFFFFFFFFFFFFFFFFFFFFFFFFF3
:107DA000FFFFFFFFFFFFFFFFFFFFFFFFFFFFFFFFE3
:107DB000FFFFFFFFFFFFFFFFFFFFFFFFFFFFFFFFD3
:107DC000FFFFFFFFFFFFFFFFFFFFFFFFFFFFFFFFC3
:107DD000FFFFFFFFFFFFFFFFFFFFFFFFFFFFFFFFB3
:107DE000FFFFFFFFFFFFFFFFFFFFFFFFFFFFFFFFA3
:107DF000FFFFFFFFFFFFFFFFFFFFFFFFFFFFFFFF93
:107E0000FFFFFFFFFFFFFFFFFFFFFFFFFFFFFFFF82
:107E1000FFFFFFFFFFFFFFFFFFFFFFFFFFFFFFFF72
:107E2000FFFFFFFFFFFFFFFFFFFFFFFFFFFFFFFF62
:107E3000FFFFFFFFFFFFFFFFFFFFFFFFFFFFFFFF52
:107E4000FFFFFFFFFFFFFFFFFFFFFFFFFFFFFFFF42
:107E5000FFFFFFFFFFFFFFFFFFFFFFFFFFFFFFFF32
:107E6000FFFFFFFFFFFFFFFFFFFFFFFFFFFFFFFF22
:107E7000FFFFFFFFFFFFFFFFFFFFFFFFFFFFFFFF12
:107E8000FFFFFFFFFFFFFFFFFFFFFFFFFFFFFFFF02
:107E9000FFFFFFFFFFFFFFFFFFFFFFFFFFFFFFFFF2
:107EA000FFFFFFFFFFFFFFFFFFFFFFFFFFFFFFFFE2
:107EB000FFFFFFFFFFFFFFFFFFFFFFFFFFFFFFFFD2
:107EC000FFFFFFFFFFFFFFFFFFFFFFFFFFFFFFFFC2
:107ED000FFFFFFFFFFFFFFFFFFFFFFFFFFFFFFFFB2
:107EE000FFFFFFFFFFFFFFFFFFFFFFFFFFFFFFFFA2
:107EF000FFFFFFFFFFFFFFFFFFFFFFFFFFFFFFFF92
:107F0000FFFFFFFFFFFFFFFFFFFFFFFFFFFFFFFF81
:107F1000FFFFFFFFFFFFFFFFFFFFFFFFFFFFFFFF71
:107F2000FFFFFFFFFFFFFFFFFFFFFFFFFFFFFFFF61
:107F3000FFFFFFFFFFFFFFFFFFFFFFFFFFFFFFFF51
:107F4000FFFFFFFFFFFFFFFFFFFFFFFFFFFFFFFF41
:107F5000FFFFFFFFFFFFFFFFFFFFFFFFFFFFFFFF31
:107F6000FFFFFFFFFFFFFFFFFFFFFFFFFFFFFFFF21
:107F7000FFFFFFFFFFFFFFFFFFFFFFFFFFFFFFFF11
:107F8000FFFFFFFFFFFFFFFFFFFFFFFFFFFFFFFF01
:107F9000FFFFFFFFFFFFFFFFFFFFFFFFFFFFFFFFF1
:107FA000FFFFFFFFFFFFFFFFFFFFFFFFFFFFFFFFE1
:107FB000FFFFFFFFFFFFFFFFFFFFFFFFFFFFFFFFD1
:107FC000FFFFFFFFFFFFFFFFFFFFFFFFFFFFFFFFC1
:107FD000FFFFFFFFFFFFFFFFFFFFFFFFFFFFFFFFB1
:107FE000FFFFFFFFFFFFFFFFFFFFFFFFFFFFFFFFA1
:107FF000FFFFFFFFFFFFFFFFFFFFFFFFFFFFFFFF91
:10800000FFFFFFFFFFFFFFFFFFFFFFFFFFFFFFFF80
:10801000FFFFFFFFFFFFFFFFFFFFFFFFFFFFFFFF70
:10802000FFFFFFFFFFFFFFFFFFFFFFFFFFFFFFFF60
:10803000FFFFFFFFFFFFFFFFFFFFFFFFFFFFFFFF50
:10804000FFFFFFFFFFFFFFFFFFFFFFFFFFFFFFFF40
:10805000FFFFFFFFFFFFFFFFFFFFFFFFFFFFFFFF30
:10806000FFFFFFFFFFFFFFFFFFFFFFFFFFFFFFFF20
:10807000FFFFFFFFFFFFFFFFFFFFFFFFFFFFFFFF10
:10808000FFFFFFFFFFFFFFFFFFFFFFFFFFFFFFFF00
:10809000FFFFFFFFFFFFFFFFFFFFFFFFFFFFFFFFF0
:1080A000FFFFFFFFFFFFFFFFFFFFFFFFFFFFFFFFE0
:1080B000FFFFFFFFFFFFFFFFFFFFFFFFFFFFFFFFD0
:1080C000FFFFFFFFFFFFFFFFFFFFFFFFFFFFFFFFC0
:1080D000FFFFFFFFFFFFFFFFFFFFFFFFFFFFFFFFB0
:1080E000FFFFFFFFFFFFFFFFFFFFFFFFFFFFFFFFA0
:1080F000FFFFFFFFFFFFFFFFFFFFFFFFFFFFFFFF90
:10810000FFFFFFFFFFFFFFFFFFFFFFFFFFFFFFFF7F
:10811000FFFFFFFFFFFFFFFFFFFFFFFFFFFFFFFF6F
:10812000FFFFFFFFFFFFFFFFFFFFFFFFFFFFFFFF5F
:10813000FFFFFFFFFFFFFFFFFFFFFFFFFFFFFFFF4F
:10814000FFFFFFFFFFFFFFFFFFFFFFFFFFFFFFFF3F
:10815000FFFFFFFFFFFFFFFFFFFFFFFFFFFFFFFF2F
:10816000FFFFFFFFFFFFFFFFFFFFFFFFFFFFFFFF1F
:10817000FFFFFFFFFFFFFFFFFFFFFFFFFFFFFFFF0F
:10818000FFFFFFFFFFFFFFFFFFFFFFFFFFFFFFFFFF
:10819000FFFFFFFFFFFFFFFFFFFFFFFFFFFFFFFFEF
:1081A000FFFFFFFFFFFFFFFFFFFFFFFFFFFFFFFFDF
:1081B000FFFFFFFFFFFFFFFFFFFFFFFFFFFFFFFFCF
:1081C000FFFFFFFFFFFFFFFFFFFFFFFFFFFFFFFFBF
:1081D000FFFFFFFFFFFFFFFFFFFFFFFFFFFFFFFFAF
:1081E000FFFFFFFFFFFFFFFFFFFFFFFFFFFFFFFF9F
:1081F000FFFFFFFFFFFFFFFFFFFFFFFFFFFFFFFF8F
:10820000FFFFFFFFFFFFFFFFFFFFFFFFFFFFFFFF7E
:10821000FFFFFFFFFFFFFFFFFFFFFFFFFFFFFFFF6E
:10822000FFFFFFFFFFFFFFFFFFFFFFFFFFFFFFFF5E
:10823000FFFFFFFFFFFFFFFFFFFFFFFFFFFFFFFF4E
:10824000FFFFFFFFFFFFFFFFFFFFFFFFFFFFFFFF3E
:10825000FFFFFFFFFFFFFFFFFFFFFFFFFFFFFFFF2E
:10826000FFFFFFFFFFFFFFFFFFFFFFFFFFFFFFFF1E
:10827000FFFFFFFFFFFFFFFFFFFFFFFFFFFFFFFF0E
:10828000FFFFFFFFFFFFFFFFFFFFFFFFFFFFFFFFFE
:10829000FFFFFFFFFFFFFFFFFFFFFFFFFFFFFFFFEE
:1082A000FFFFFFFFFFFFFFFFFFFFFFFFFFFFFFFFDE
:1082B000FFFFFFFFFFFFFFFFFFFFFFFFFFFFFFFFCE
:1082C000FFFFFFFFFFFFFFFFFFFFFFFFFFFFFFFFBE
:1082D000FFFFFFFFFFFFFFFFFFFFFFFFFFFFFFFFAE
:1082E000FFFFFFFFFFFFFFFFFFFFFFFFFFFFFFFF9E
:1082F000FFFFFFFFFFFFFFFFFFFFFFFFFFFFFFFF8E
:10830000FFFFFFFFFFFFFFFFFFFFFFFFFFFFFFFF7D
:10831000FFFFFFFFFFFFFFFFFFFFFFFFFFFFFFFF6D
:10832000FFFFFFFFFFFFFFFFFFFFFFFFFFFFFFFF5D
:10833000FFFFFFFFFFFFFFFFFFFFFFFFFFFFFFFF4D
:10834000FFFFFFFFFFFFFFFFFFFFFFFFFFFFFFFF3D
:10835000FFFFFFFFFFFFFFFFFFFFFFFFFFFFFFFF2D
:10836000FFFFFFFFFFFFFFFFFFFFFFFFFFFFFFFF1D
:10837000FFFFFFFFFFFFFFFFFFFFFFFFFFFFFFFF0D
:10838000FFFFFFFFFFFFFFFFFFFFFFFFFFFFFFFFFD
:10839000FFFFFFFFFFFFFFFFFFFFFFFFFFFFFFFFED
:1083A000FFFFFFFFFFFFFFFFFFFFFFFFFFFFFFFFDD
:1083B000FFFFFFFFFFFFFFFFFFFFFFFFFFFFFFFFCD
:1083C000FFFFFFFFFFFFFFFFFFFFFFFFFFFFFFFFBD
:1083D000FFFFFFFFFFFFFFFFFFFFFFFFFFFFFFFFAD
:1083E000FFFFFFFFFFFFFFFFFFFFFFFFFFFFFFFF9D
:1083F000FFFFFFFFFFFFFFFFFFFFFFFFFFFFFFFF8D
:10840000FFFFFFFFFFFFFFFFFFFFFFFFFFFFFFFF7C
:10841000FFFFFFFFFFFFFFFFFFFFFFFFFFFFFFFF6C
:10842000FFFFFFFFFFFFFFFFFFFFFFFFFFFFFFFF5C
:10843000FFFFFFFFFFFFFFFFFFFFFFFFFFFFFFFF4C
:10844000FFFFFFFFFFFFFFFFFFFFFFFFFFFFFFFF3C
:10845000FFFFFFFFFFFFFFFFFFFFFFFFFFFFFFFF2C
:10846000FFFFFFFFFFFFFFFFFFFFFFFFFFFFFFFF1C
:10847000FFFFFFFFFFFFFFFFFFFFFFFFFFFFFFFF0C
:10848000FFFFFFFFFFFFFFFFFFFFFFFFFFFFFFFFFC
:10849000FFFFFFFFFFFFFFFFFFFFFFFFFFFFFFFFEC
:1084A000FFFFFFFFFFFFFFFFFFFFFFFFFFFFFFFFDC
:1084B000FFFFFFFFFFFFFFFFFFFFFFFFFFFFFFFFCC
:1084C000FFFFFFFFFFFFFFFFFFFFFFFFFFFFFFFFBC
:1084D000FFFFFFFFFFFFFFFFFFFFFFFFFFFFFFFFAC
:1084E000FFFFFFFFFFFFFFFFFFFFFFFFFFFFFFFF9C
:1084F000FFFFFFFFFFFFFFFFFFFFFFFFFFFFFFFF8C
:10850000FFFFFFFFFFFFFFFFFFFFFFFFFFFFFFFF7B
:10851000FFFFFFFFFFFFFFFFFFFFFFFFFFFFFFFF6B
:10852000FFFFFFFFFFFFFFFFFFFFFFFFFFFFFFFF5B
:10853000FFFFFFFFFFFFFFFFFFFFFFFFFFFFFFFF4B
:10854000FFFFFFFFFFFFFFFFFFFFFFFFFFFFFFFF3B
:10855000FFFFFFFFFFFFFFFFFFFFFFFFFFFFFFFF2B
:10856000FFFFFFFFFFFFFFFFFFFFFFFFFFFFFFFF1B
:10857000FFFFFFFFFFFFFFFFFFFFFFFFFFFFFFFF0B
:10858000FFFFFFFFFFFFFFFFFFFFFFFFFFFFFFFFFB
:10859000FFFFFFFFFFFFFFFFFFFFFFFFFFFFFFFFEB
:1085A000FFFFFFFFFFFFFFFFFFFFFFFFFFFFFFFFDB
:1085B000FFFFFFFFFFFFFFFFFFFFFFFFFFFFFFFFCB
:1085C000FFFFFFFFFFFFFFFFFFFFFFFFFFFFFFFFBB
:1085D000FFFFFFFFFFFFFFFFFFFFFFFFFFFFFFFFAB
:1085E000FFFFFFFFFFFFFFFFFFFFFFFFFFFFFFFF9B
:1085F000FFFFFFFFFFFFFFFFFFFFFFFFFFFFFFFF8B
:10860000FFFFFFFFFFFFFFFFFFFFFFFFFFFFFFFF7A
:10861000FFFFFFFFFFFFFFFFFFFFFFFFFFFFFFFF6A
:10862000FFFFFFFFFFFFFFFFFFFFFFFFFFFFFFFF5A
:10863000FFFFFFFFFFFFFFFFFFFFFFFFFFFFFFFF4A
:10864000FFFFFFFFFFFFFFFFFFFFFFFFFFFFFFFF3A
:10865000FFFFFFFFFFFFFFFFFFFFFFFFFFFFFFFF2A
:10866000FFFFFFFFFFFFFFFFFFFFFFFFFFFFFFFF1A
:10867000FFFFFFFFFFFFFFFFFFFFFFFFFFFFFFFF0A
:10868000FFFFFFFFFFFFFFFFFFFFFFFFFFFFFFFFFA
:10869000FFFFFFFFFFFFFFFFFFFFFFFFFFFFFFFFEA
:1086A000FFFFFFFFFFFFFFFFFFFFFFFFFFFFFFFFDA
:1086B000FFFFFFFFFFFFFFFFFFFFFFFFFFFFFFFFCA
:1086C000FFFFFFFFFFFFFFFFFFFFFFFFFFFFFFFFBA
:1086D000FFFFFFFFFFFFFFFFFFFFFFFFFFFFFFFFAA
:1086E000FFFFFFFFFFFFFFFFFFFFFFFFFFFFFFFF9A
:1086F000FFFFFFFFFFFFFFFFFFFFFFFFFFFFFFFF8A
:10870000FFFFFFFFFFFFFFFFFFFFFFFFFFFFFFFF79
:10871000FFFFFFFFFFFFFFFFFFFFFFFFFFFFFFFF69
:10872000FFFFFFFFFFFFFFFFFFFFFFFFFFFFFFFF59
:10873000FFFFFFFFFFFFFFFFFFFFFFFFFFFFFFFF49
:10874000FFFFFFFFFFFFFFFFFFFFFFFFFFFFFFFF39
:10875000FFFFFFFFFFFFFFFFFFFFFFFFFFFFFFFF29
:10876000FFFFFFFFFFFFFFFFFFFFFFFFFFFFFFFF19
:10877000FFFFFFFFFFFFFFFFFFFFFFFFFFFFFFFF09
:10878000FFFFFFFFFFFFFFFFFFFFFFFFFFFFFFFFF9
:10879000FFFFFFFFFFFFFFFFFFFFFFFFFFFFFFFFE9
:1087A000FFFFFFFFFFFFFFFFFFFFFFFFFFFFFFFFD9
:1087B000FFFFFFFFFFFFFFFFFFFFFFFFFFFFFFFFC9
:1087C000FFFFFFFFFFFFFFFFFFFFFFFFFFFFFFFFB9
:1087D000FFFFFFFFFFFFFFFFFFFFFFFFFFFFFFFFA9
:1087E000FFFFFFFFFFFFFFFFFFFFFFFFFFFFFFFF99
:1087F000FFFFFFFFFFFFFFFFFFFFFFFFFFFFFFFF89
:10880000FFFFFFFFFFFFFFFFFFFFFFFFFFFFFFFF78
:10881000FFFFFFFFFFFFFFFFFFFFFFFFFFFFFFFF68
:10882000FFFFFFFFFFFFFFFFFFFFFFFFFFFFFFFF58
:10883000FFFFFFFFFFFFFFFFFFFFFFFFFFFFFFFF48
:10884000FFFFFFFFFFFFFFFFFFFFFFFFFFFFFFFF38
:10885000FFFFFFFFFFFFFFFFFFFFFFFFFFFFFFFF28
:10886000FFFFFFFFFFFFFFFFFFFFFFFFFFFFFFFF18
:10887000FFFFFFFFFFFFFFFFFFFFFFFFFFFFFFFF08
:10888000FFFFFFFFFFFFFFFFFFFFFFFFFFFFFFFFF8
:10889000FFFFFFFFFFFFFFFFFFFFFFFFFFFFFFFFE8
:1088A000FFFFFFFFFFFFFFFFFFFFFFFFFFFFFFFFD8
:1088B000FFFFFFFFFFFFFFFFFFFFFFFFFFFFFFFFC8
:1088C000FFFFFFFFFFFFFFFFFFFFFFFFFFFFFFFFB8
:1088D000FFFFFFFFFFFFFFFFFFFFFFFFFFFFFFFFA8
:1088E000FFFFFFFFFFFFFFFFFFFFFFFFFFFFFFFF98
:1088F000FFFFFFFFFFFFFFFFFFFFFFFFFFFFFFFF88
:10890000FFFFFFFFFFFFFFFFFFFFFFFFFFFFFFFF77
:10891000FFFFFFFFFFFFFFFFFFFFFFFFFFFFFFFF67
:10892000FFFFFFFFFFFFFFFFFFFFFFFFFFFFFFFF57
:10893000FFFFFFFFFFFFFFFFFFFFFFFFFFFFFFFF47
:10894000FFFFFFFFFFFFFFFFFFFFFFFFFFFFFFFF37
:10895000FFFFFFFFFFFFFFFFFFFFFFFFFFFFFFFF27
:10896000FFFFFFFFFFFFFFFFFFFFFFFFFFFFFFFF17
:10897000FFFFFFFFFFFFFFFFFFFFFFFFFFFFFFFF07
:10898000FFFFFFFFFFFFFFFFFFFFFFFFFFFFFFFFF7
:10899000FFFFFFFFFFFFFFFFFFFFFFFFFFFFFFFFE7
:1089A000FFFFFFFFFFFFFFFFFFFFFFFFFFFFFFFFD7
:1089B000FFFFFFFFFFFFFFFFFFFFFFFFFFFFFFFFC7
:1089C000FFFFFFFFFFFFFFFFFFFFFFFFFFFFFFFFB7
:1089D000FFFFFFFFFFFFFFFFFFFFFFFFFFFFFFFFA7
:1089E000FFFFFFFFFFFFFFFFFFFFFFFFFFFFFFFF97
:1089F000FFFFFFFFFFFFFFFFFFFFFFFFFFFFFFFF87
:108A0000FFFFFFFFFFFFFFFFFFFFFFFFFFFFFFFF76
:108A1000FFFFFFFFFFFFFFFFFFFFFFFFFFFFFFFF66
:108A2000FFFFFFFFFFFFFFFFFFFFFFFFFFFFFFFF56
:108A3000FFFFFFFFFFFFFFFFFFFFFFFFFFFFFFFF46
:108A4000FFFFFFFFFFFFFFFFFFFFFFFFFFFFFFFF36
:108A5000FFFFFFFFFFFFFFFFFFFFFFFFFFFFFFFF26
:108A6000FFFFFFFFFFFFFFFFFFFFFFFFFFFFFFFF16
:108A7000FFFFFFFFFFFFFFFFFFFFFFFFFFFFFFFF06
:108A8000FFFFFFFFFFFFFFFFFFFFFFFFFFFFFFFFF6
:108A9000FFFFFFFFFFFFFFFFFFFFFFFFFFFFFFFFE6
:108AA000FFFFFFFFFFFFFFFFFFFFFFFFFFFFFFFFD6
:108AB000FFFFFFFFFFFFFFFFFFFFFFFFFFFFFFFFC6
:108AC000FFFFFFFFFFFFFFFFFFFFFFFFFFFFFFFFB6
:108AD000FFFFFFFFFFFFFFFFFFFFFFFFFFFFFFFFA6
:108AE000FFFFFFFFFFFFFFFFFFFFFFFFFFFFFFFF96
:108AF000FFFFFFFFFFFFFFFFFFFFFFFFFFFFFFFF86
:108B0000FFFFFFFFFFFFFFFFFFFFFFFFFFFFFFFF75
:108B1000FFFFFFFFFFFFFFFFFFFFFFFFFFFFFFFF65
:108B2000FFFFFFFFFFFFFFFFFFFFFFFFFFFFFFFF55
:108B3000FFFFFFFFFFFFFFFFFFFFFFFFFFFFFFFF45
:108B4000FFFFFFFFFFFFFFFFFFFFFFFFFFFFFFFF35
:108B5000FFFFFFFFFFFFFFFFFFFFFFFFFFFFFFFF25
:108B6000FFFFFFFFFFFFFFFFFFFFFFFFFFFFFFFF15
:108B7000FFFFFFFFFFFFFFFFFFFFFFFFFFFFFFFF05
:108B8000FFFFFFFFFFFFFFFFFFFFFFFFFFFFFFFFF5
:108B9000FFFFFFFFFFFFFFFFFFFFFFFFFFFFFFFFE5
:108BA000FFFFFFFFFFFFFFFFFFFFFFFFFFFFFFFFD5
:108BB000FFFFFFFFFFFFFFFFFFFFFFFFFFFFFFFFC5
:108BC000FFFFFFFFFFFFFFFFFFFFFFFFFFFFFFFFB5
:108BD000FFFFFFFFFFFFFFFFFFFFFFFFFFFFFFFFA5
:108BE000FFFFFFFFFFFFFFFFFFFFFFFFFFFFFFFF95
:108BF000FFFFFFFFFFFFFFFFFFFFFFFFFFFFFFFF85
:108C0000FFFFFFFFFFFFFFFFFFFFFFFFFFFFFFFF74
:108C1000FFFFFFFFFFFFFFFFFFFFFFFFFFFFFFFF64
:108C2000FFFFFFFFFFFFFFFFFFFFFFFFFFFFFFFF54
:108C3000FFFFFFFFFFFFFFFFFFFFFFFFFFFFFFFF44
:108C4000FFFFFFFFFFFFFFFFFFFFFFFFFFFFFFFF34
:108C5000FFFFFFFFFFFFFFFFFFFFFFFFFFFFFFFF24
:108C6000FFFFFFFFFFFFFFFFFFFFFFFFFFFFFFFF14
:108C7000FFFFFFFFFFFFFFFFFFFFFFFFFFFFFFFF04
:108C8000FFFFFFFFFFFFFFFFFFFFFFFFFFFFFFFFF4
:108C9000FFFFFFFFFFFFFFFFFFFFFFFFFFFFFFFFE4
:108CA000FFFFFFFFFFFFFFFFFFFFFFFFFFFFFFFFD4
:108CB000FFFFFFFFFFFFFFFFFFFFFFFFFFFFFFFFC4
:108CC000FFFFFFFFFFFFFFFFFFFFFFFFFFFFFFFFB4
:108CD000FFFFFFFFFFFFFFFFFFFFFFFFFFFFFFFFA4
:108CE000FFFFFFFFFFFFFFFFFFFFFFFFFFFFFFFF94
:108CF000FFFFFFFFFFFFFFFFFFFFFFFFFFFFFFFF84
:108D0000FFFFFFFFFFFFFFFFFFFFFFFFFFFFFFFF73
:108D1000FFFFFFFFFFFFFFFFFFFFFFFFFFFFFFFF63
:108D2000FFFFFFFFFFFFFFFFFFFFFFFFFFFFFFFF53
:108D3000FFFFFFFFFFFFFFFFFFFFFFFFFFFFFFFF43
:108D4000FFFFFFFFFFFFFFFFFFFFFFFFFFFFFFFF33
:108D5000FFFFFFFFFFFFFFFFFFFFFFFFFFFFFFFF23
:108D6000FFFFFFFFFFFFFFFFFFFFFFFFFFFFFFFF13
:108D7000FFFFFFFFFFFFFFFFFFFFFFFFFFFFFFFF03
:108D8000FFFFFFFFFFFFFFFFFFFFFFFFFFFFFFFFF3
:108D9000FFFFFFFFFFFFFFFFFFFFFFFFFFFFFFFFE3
:108DA000FFFFFFFFFFFFFFFFFFFFFFFFFFFFFFFFD3
:108DB000FFFFFFFFFFFFFFFFFFFFFFFFFFFFFFFFC3
:108DC000FFFFFFFFFFFFFFFFFFFFFFFFFFFFFFFFB3
:108DD000FFFFFFFFFFFFFFFFFFFFFFFFFFFFFFFFA3
:108DE000FFFFFFFFFFFFFFFFFFFFFFFFFFFFFFFF93
:108DF000FFFFFFFFFFFFFFFFFFFFFFFFFFFFFFFF83
:108E0000FFFFFFFFFFFFFFFFFFFFFFFFFFFFFFFF72
:108E1000FFFFFFFFFFFFFFFFFFFFFFFFFFFFFFFF62
:108E2000FFFFFFFFFFFFFFFFFFFFFFFFFFFFFFFF52
:108E3000FFFFFFFFFFFFFFFFFFFFFFFFFFFFFFFF42
:108E4000FFFFFFFFFFFFFFFFFFFFFFFFFFFFFFFF32
:108E5000FFFFFFFFFFFFFFFFFFFFFFFFFFFFFFFF22
:108E6000FFFFFFFFFFFFFFFFFFFFFFFFFFFFFFFF12
:108E7000FFFFFFFFFFFFFFFFFFFFFFFFFFFFFFFF02
:108E8000FFFFFFFFFFFFFFFFFFFFFFFFFFFFFFFFF2
:108E9000FFFFFFFFFFFFFFFFFFFFFFFFFFFFFFFFE2
:108EA000FFFFFFFFFFFFFFFFFFFFFFFFFFFFFFFFD2
:108EB000FFFFFFFFFFFFFFFFFFFFFFFFFFFFFFFFC2
:108EC000FFFFFFFFFFFFFFFFFFFFFFFFFFFFFFFFB2
:108ED000FFFFFFFFFFFFFFFFFFFFFFFFFFFFFFFFA2
:108EE000FFFFFFFFFFFFFFFFFFFFFFFFFFFFFFFF92
:108EF000FFFFFFFFFFFFFFFFFFFFFFFFFFFFFFFF82
:108F0000FFFFFFFFFFFFFFFFFFFFFFFFFFFFFFFF71
:108F1000FFFFFFFFFFFFFFFFFFFFFFFFFFFFFFFF61
:108F2000FFFFFFFFFFFFFFFFFFFFFFFFFFFFFFFF51
:108F3000FFFFFFFFFFFFFFFFFFFFFFFFFFFFFFFF41
:108F4000FFFFFFFFFFFFFFFFFFFFFFFFFFFFFFFF31
:108F5000FFFFFFFFFFFFFFFFFFFFFFFFFFFFFFFF21
:108F6000FFFFFFFFFFFFFFFFFFFFFFFFFFFFFFFF11
:108F7000FFFFFFFFFFFFFFFFFFFFFFFFFFFFFFFF01
:108F8000FFFFFFFFFFFFFFFFFFFFFFFFFFFFFFFFF1
:108F9000FFFFFFFFFFFFFFFFFFFFFFFFFFFFFFFFE1
:108FA000FFFFFFFFFFFFFFFFFFFFFFFFFFFFFFFFD1
:108FB000FFFFFFFFFFFFFFFFFFFFFFFFFFFFFFFFC1
:108FC000FFFFFFFFFFFFFFFFFFFFFFFFFFFFFFFFB1
:108FD000FFFFFFFFFFFFFFFFFFFFFFFFFFFFFFFFA1
:108FE000FFFFFFFFFFFFFFFFFFFFFFFFFFFFFFFF91
:108FF000FFFFFFFFFFFFFFFFFFFFFFFFFFFFFFFF81
:10900000FFFFFFFFFFFFFFFFFFFFFFFFFFFFFFFF70
:10901000FFFFFFFFFFFFFFFFFFFFFFFFFFFFFFFF60
:10902000FFFFFFFFFFFFFFFFFFFFFFFFFFFFFFFF50
:10903000FFFFFFFFFFFFFFFFFFFFFFFFFFFFFFFF40
:10904000FFFFFFFFFFFFFFFFFFFFFFFFFFFFFFFF30
:10905000FFFFFFFFFFFFFFFFFFFFFFFFFFFFFFFF20
:10906000FFFFFFFFFFFFFFFFFFFFFFFFFFFFFFFF10
:10907000FFFFFFFFFFFFFFFFFFFFFFFFFFFFFFFF00
:10908000FFFFFFFFFFFFFFFFFFFFFFFFFFFFFFFFF0
:10909000FFFFFFFFFFFFFFFFFFFFFFFFFFFFFFFFE0
:1090A000FFFFFFFFFFFFFFFFFFFFFFFFFFFFFFFFD0
:1090B000FFFFFFFFFFFFFFFFFFFFFFFFFFFFFFFFC0
:1090C000FFFFFFFFFFFFFFFFFFFFFFFFFFFFFFFFB0
:1090D000FFFFFFFFFFFFFFFFFFFFFFFFFFFFFFFFA0
:1090E000FFFFFFFFFFFFFFFFFFFFFFFFFFFFFFFF90
:1090F000FFFFFFFFFFFFFFFFFFFFFFFFFFFFFFFF80
:10910000FFFFFFFFFFFFFFFFFFFFFFFFFFFFFFFF6F
:10911000FFFFFFFFFFFFFFFFFFFFFFFFFFFFFFFF5F
:10912000FFFFFFFFFFFFFFFFFFFFFFFFFFFFFFFF4F
:10913000FFFFFFFFFFFFFFFFFFFFFFFFFFFFFFFF3F
:10914000FFFFFFFFFFFFFFFFFFFFFFFFFFFFFFFF2F
:10915000FFFFFFFFFFFFFFFFFFFFFFFFFFFFFFFF1F
:10916000FFFFFFFFFFFFFFFFFFFFFFFFFFFFFFFF0F
:10917000FFFFFFFFFFFFFFFFFFFFFFFFFFFFFFFFFF
:10918000FFFFFFFFFFFFFFFFFFFFFFFFFFFFFFFFEF
:10919000FFFFFFFFFFFFFFFFFFFFFFFFFFFFFFFFDF
:1091A000FFFFFFFFFFFFFFFFFFFFFFFFFFFFFFFFCF
:1091B000FFFFFFFFFFFFFFFFFFFFFFFFFFFFFFFFBF
:1091C000FFFFFFFFFFFFFFFFFFFFFFFFFFFFFFFFAF
:1091D000FFFFFFFFFFFFFFFFFFFFFFFFFFFFFFFF9F
:1091E000FFFFFFFFFFFFFFFFFFFFFFFFFFFFFFFF8F
:1091F000FFFFFFFFFFFFFFFFFFFFFFFFFFFFFFFF7F
:10920000FFFFFFFFFFFFFFFFFFFFFFFFFFFFFFFF6E
:10921000FFFFFFFFFFFFFFFFFFFFFFFFFFFFFFFF5E
:10922000FFFFFFFFFFFFFFFFFFFFFFFFFFFFFFFF4E
:10923000FFFFFFFFFFFFFFFFFFFFFFFFFFFFFFFF3E
:10924000FFFFFFFFFFFFFFFFFFFFFFFFFFFFFFFF2E
:10925000FFFFFFFFFFFFFFFFFFFFFFFFFFFFFFFF1E
:10926000FFFFFFFFFFFFFFFFFFFFFFFFFFFFFFFF0E
:10927000FFFFFFFFFFFFFFFFFFFFFFFFFFFFFFFFFE
:10928000FFFFFFFFFFFFFFFFFFFFFFFFFFFFFFFFEE
:10929000FFFFFFFFFFFFFFFFFFFFFFFFFFFFFFFFDE
:1092A000FFFFFFFFFFFFFFFFFFFFFFFFFFFFFFFFCE
:1092B000FFFFFFFFFFFFFFFFFFFFFFFFFFFFFFFFBE
:1092C000FFFFFFFFFFFFFFFFFFFFFFFFFFFFFFFFAE
:1092D000FFFFFFFFFFFFFFFFFFFFFFFFFFFFFFFF9E
:1092E000FFFFFFFFFFFFFFFFFFFFFFFFFFFFFFFF8E
:1092F000FFFFFFFFFFFFFFFFFFFFFFFFFFFFFFFF7E
:10930000FFFFFFFFFFFFFFFFFFFFFFFFFFFFFFFF6D
:10931000FFFFFFFFFFFFFFFFFFFFFFFFFFFFFFFF5D
:10932000FFFFFFFFFFFFFFFFFFFFFFFFFFFFFFFF4D
:10933000FFFFFFFFFFFFFFFFFFFFFFFFFFFFFFFF3D
:10934000FFFFFFFFFFFFFFFFFFFFFFFFFFFFFFFF2D
:10935000FFFFFFFFFFFFFFFFFFFFFFFFFFFFFFFF1D
:10936000FFFFFFFFFFFFFFFFFFFFFFFFFFFFFFFF0D
:10937000FFFFFFFFFFFFFFFFFFFFFFFFFFFFFFFFFD
:10938000FFFFFFFFFFFFFFFFFFFFFFFFFFFFFFFFED
:10939000FFFFFFFFFFFFFFFFFFFFFFFFFFFFFFFFDD
:1093A000FFFFFFFFFFFFFFFFFFFFFFFFFFFFFFFFCD
:1093B000FFFFFFFFFFFFFFFFFFFFFFFFFFFFFFFFBD
:1093C000FFFFFFFFFFFFFFFFFFFFFFFFFFFFFFFFAD
:1093D000FFFFFFFFFFFFFFFFFFFFFFFFFFFFFFFF9D
:1093E000FFFFFFFFFFFFFFFFFFFFFFFFFFFFFFFF8D
:1093F000FFFFFFFFFFFFFFFFFFFFFFFFFFFFFFFF7D
:10940000FFFFFFFFFFFFFFFFFFFFFFFFFFFFFFFF6C
:10941000FFFFFFFFFFFFFFFFFFFFFFFFFFFFFFFF5C
:10942000FFFFFFFFFFFFFFFFFFFFFFFFFFFFFFFF4C
:10943000FFFFFFFFFFFFFFFFFFFFFFFFFFFFFFFF3C
:10944000FFFFFFFFFFFFFFFFFFFFFFFFFFFFFFFF2C
:10945000FFFFFFFFFFFFFFFFFFFFFFFFFFFFFFFF1C
:10946000FFFFFFFFFFFFFFFFFFFFFFFFFFFFFFFF0C
:10947000FFFFFFFFFFFFFFFFFFFFFFFFFFFFFFFFFC
:10948000FFFFFFFFFFFFFFFFFFFFFFFFFFFFFFFFEC
:10949000FFFFFFFFFFFFFFFFFFFFFFFFFFFFFFFFDC
:1094A000FFFFFFFFFFFFFFFFFFFFFFFFFFFFFFFFCC
:1094B000FFFFFFFFFFFFFFFFFFFFFFFFFFFFFFFFBC
:1094C000FFFFFFFFFFFFFFFFFFFFFFFFFFFFFFFFAC
:1094D000FFFFFFFFFFFFFFFFFFFFFFFFFFFFFFFF9C
:1094E000FFFFFFFFFFFFFFFFFFFFFFFFFFFFFFFF8C
:1094F000FFFFFFFFFFFFFFFFFFFFFFFFFFFFFFFF7C
:10950000FFFFFFFFFFFFFFFFFFFFFFFFFFFFFFFF6B
:10951000FFFFFFFFFFFFFFFFFFFFFFFFFFFFFFFF5B
:10952000FFFFFFFFFFFFFFFFFFFFFFFFFFFFFFFF4B
:10953000FFFFFFFFFFFFFFFFFFFFFFFFFFFFFFFF3B
:10954000FFFFFFFFFFFFFFFFFFFFFFFFFFFFFFFF2B
:10955000FFFFFFFFFFFFFFFFFFFFFFFFFFFFFFFF1B
:10956000FFFFFFFFFFFFFFFFFFFFFFFFFFFFFFFF0B
:10957000FFFFFFFFFFFFFFFFFFFFFFFFFFFFFFFFFB
:10958000FFFFFFFFFFFFFFFFFFFFFFFFFFFFFFFFEB
:10959000FFFFFFFFFFFFFFFFFFFFFFFFFFFFFFFFDB
:1095A000FFFFFFFFFFFFFFFFFFFFFFFFFFFFFFFFCB
:1095B000FFFFFFFFFFFFFFFFFFFFFFFFFFFFFFFFBB
:1095C000FFFFFFFFFFFFFFFFFFFFFFFFFFFFFFFFAB
:1095D000FFFFFFFFFFFFFFFFFFFFFFFFFFFFFFFF9B
:1095E000FFFFFFFFFFFFFFFFFFFFFFFFFFFFFFFF8B
:1095F000FFFFFFFFFFFFFFFFFFFFFFFFFFFFFFFF7B
:10960000FFFFFFFFFFFFFFFFFFFFFFFFFFFFFFFF6A
:10961000FFFFFFFFFFFFFFFFFFFFFFFFFFFFFFFF5A
:10962000FFFFFFFFFFFFFFFFFFFFFFFFFFFFFFFF4A
:10963000FFFFFFFFFFFFFFFFFFFFFFFFFFFFFFFF3A
:10964000FFFFFFFFFFFFFFFFFFFFFFFFFFFFFFFF2A
:10965000FFFFFFFFFFFFFFFFFFFFFFFFFFFFFFFF1A
:10966000FFFFFFFFFFFFFFFFFFFFFFFFFFFFFFFF0A
:10967000FFFFFFFFFFFFFFFFFFFFFFFFFFFFFFFFFA
:10968000FFFFFFFFFFFFFFFFFFFFFFFFFFFFFFFFEA
:10969000FFFFFFFFFFFFFFFFFFFFFFFFFFFFFFFFDA
:1096A000FFFFFFFFFFFFFFFFFFFFFFFFFFFFFFFFCA
:1096B000FFFFFFFFFFFFFFFFFFFFFFFFFFFFFFFFBA
:1096C000FFFFFFFFFFFFFFFFFFFFFFFFFFFFFFFFAA
:1096D000FFFFFFFFFFFFFFFFFFFFFFFFFFFFFFFF9A
:1096E000FFFFFFFFFFFFFFFFFFFFFFFFFFFFFFFF8A
:1096F000FFFFFFFFFFFFFFFFFFFFFFFFFFFFFFFF7A
:10970000FFFFFFFFFFFFFFFFFFFFFFFFFFFFFFFF69
:10971000FFFFFFFFFFFFFFFFFFFFFFFFFFFFFFFF59
:10972000FFFFFFFFFFFFFFFFFFFFFFFFFFFFFFFF49
:10973000FFFFFFFFFFFFFFFFFFFFFFFFFFFFFFFF39
:10974000FFFFFFFFFFFFFFFFFFFFFFFFFFFFFFFF29
:10975000FFFFFFFFFFFFFFFFFFFFFFFFFFFFFFFF19
:10976000FFFFFFFFFFFFFFFFFFFFFFFFFFFFFFFF09
:10977000FFFFFFFFFFFFFFFFFFFFFFFFFFFFFFFFF9
:10978000FFFFFFFFFFFFFFFFFFFFFFFFFFFFFFFFE9
:10979000FFFFFFFFFFFFFFFFFFFFFFFFFFFFFFFFD9
:1097A000FFFFFFFFFFFFFFFFFFFFFFFFFFFFFFFFC9
:1097B000FFFFFFFFFFFFFFFFFFFFFFFFFFFFFFFFB9
:1097C000FFFFFFFFFFFFFFFFFFFFFFFFFFFFFFFFA9
:1097D000FFFFFFFFFFFFFFFFFFFFFFFFFFFFFFFF99
:1097E000FFFFFFFFFFFFFFFFFFFFFFFFFFFFFFFF89
:1097F000FFFFFFFFFFFFFFFFFFFFFFFFFFFFFFFF79
:10980000FFFFFFFFFFFFFFFFFFFFFFFFFFFFFFFF68
:10981000FFFFFFFFFFFFFFFFFFFFFFFFFFFFFFFF58
:10982000FFFFFFFFFFFFFFFFFFFFFFFFFFFFFFFF48
:10983000FFFFFFFFFFFFFFFFFFFFFFFFFFFFFFFF38
:10984000FFFFFFFFFFFFFFFFFFFFFFFFFFFFFFFF28
:10985000FFFFFFFFFFFFFFFFFFFFFFFFFFFFFFFF18
:10986000FFFFFFFFFFFFFFFFFFFFFFFFFFFFFFFF08
:10987000FFFFFFFFFFFFFFFFFFFFFFFFFFFFFFFFF8
:10988000FFFFFFFFFFFFFFFFFFFFFFFFFFFFFFFFE8
:10989000FFFFFFFFFFFFFFFFFFFFFFFFFFFFFFFFD8
:1098A000FFFFFFFFFFFFFFFFFFFFFFFFFFFFFFFFC8
:1098B000FFFFFFFFFFFFFFFFFFFFFFFFFFFFFFFFB8
:1098C000FFFFFFFFFFFFFFFFFFFFFFFFFFFFFFFFA8
:1098D000FFFFFFFFFFFFFFFFFFFFFFFFFFFFFFFF98
:1098E000FFFFFFFFFFFFFFFFFFFFFFFFFFFFFFFF88
:1098F000FFFFFFFFFFFFFFFFFFFFFFFFFFFFFFFF78
:10990000FFFFFFFFFFFFFFFFFFFFFFFFFFFFFFFF67
:10991000FFFFFFFFFFFFFFFFFFFFFFFFFFFFFFFF57
:10992000FFFFFFFFFFFFFFFFFFFFFFFFFFFFFFFF47
:10993000FFFFFFFFFFFFFFFFFFFFFFFFFFFFFFFF37
:10994000FFFFFFFFFFFFFFFFFFFFFFFFFFFFFFFF27
:10995000FFFFFFFFFFFFFFFFFFFFFFFFFFFFFFFF17
:10996000FFFFFFFFFFFFFFFFFFFFFFFFFFFFFFFF07
:10997000FFFFFFFFFFFFFFFFFFFFFFFFFFFFFFFFF7
:10998000FFFFFFFFFFFFFFFFFFFFFFFFFFFFFFFFE7
:10999000FFFFFFFFFFFFFFFFFFFFFFFFFFFFFFFFD7
:1099A000FFFFFFFFFFFFFFFFFFFFFFFFFFFFFFFFC7
:1099B000FFFFFFFFFFFFFFFFFFFFFFFFFFFFFFFFB7
:1099C000FFFFFFFFFFFFFFFFFFFFFFFFFFFFFFFFA7
:1099D000FFFFFFFFFFFFFFFFFFFFFFFFFFFFFFFF97
:1099E000FFFFFFFFFFFFFFFFFFFFFFFFFFFFFFFF87
:1099F000FFFFFFFFFFFFFFFFFFFFFFFFFFFFFFFF77
:109A0000FFFFFFFFFFFFFFFFFFFFFFFFFFFFFFFF66
:109A1000FFFFFFFFFFFFFFFFFFFFFFFFFFFFFFFF56
:109A2000FFFFFFFFFFFFFFFFFFFFFFFFFFFFFFFF46
:109A3000FFFFFFFFFFFFFFFFFFFFFFFFFFFFFFFF36
:109A4000FFFFFFFFFFFFFFFFFFFFFFFFFFFFFFFF26
:109A5000FFFFFFFFFFFFFFFFFFFFFFFFFFFFFFFF16
:109A6000FFFFFFFFFFFFFFFFFFFFFFFFFFFFFFFF06
:109A7000FFFFFFFFFFFFFFFFFFFFFFFFFFFFFFFFF6
:109A8000FFFFFFFFFFFFFFFFFFFFFFFFFFFFFFFFE6
:109A9000FFFFFFFFFFFFFFFFFFFFFFFFFFFFFFFFD6
:109AA000FFFFFFFFFFFFFFFFFFFFFFFFFFFFFFFFC6
:109AB000FFFFFFFFFFFFFFFFFFFFFFFFFFFFFFFFB6
:109AC000FFFFFFFFFFFFFFFFFFFFFFFFFFFFFFFFA6
:109AD000FFFFFFFFFFFFFFFFFFFFFFFFFFFFFFFF96
:109AE000FFFFFFFFFFFFFFFFFFFFFFFFFFFFFFFF86
:109AF000FFFFFFFFFFFFFFFFFFFFFFFFFFFFFFFF76
:109B0000FFFFFFFFFFFFFFFFFFFFFFFFFFFFFFFF65
:109B1000FFFFFFFFFFFFFFFFFFFFFFFFFFFFFFFF55
:109B2000FFFFFFFFFFFFFFFFFFFFFFFFFFFFFFFF45
:109B3000FFFFFFFFFFFFFFFFFFFFFFFFFFFFFFFF35
:109B4000FFFFFFFFFFFFFFFFFFFFFFFFFFFFFFFF25
:109B5000FFFFFFFFFFFFFFFFFFFFFFFFFFFFFFFF15
:109B6000FFFFFFFFFFFFFFFFFFFFFFFFFFFFFFFF05
:109B7000FFFFFFFFFFFFFFFFFFFFFFFFFFFFFFFFF5
:109B8000FFFFFFFFFFFFFFFFFFFFFFFFFFFFFFFFE5
:109B9000FFFFFFFFFFFFFFFFFFFFFFFFFFFFFFFFD5
:109BA000FFFFFFFFFFFFFFFFFFFFFFFFFFFFFFFFC5
:109BB000FFFFFFFFFFFFFFFFFFFFFFFFFFFFFFFFB5
:109BC000FFFFFFFFFFFFFFFFFFFFFFFFFFFFFFFFA5
:109BD000FFFFFFFFFFFFFFFFFFFFFFFFFFFFFFFF95
:109BE000FFFFFFFFFFFFFFFFFFFFFFFFFFFFFFFF85
:109BF000FFFFFFFFFFFFFFFFFFFFFFFFFFFFFFFF75
:109C0000FFFFFFFFFFFFFFFFFFFFFFFFFFFFFFFF64
:109C1000FFFFFFFFFFFFFFFFFFFFFFFFFFFFFFFF54
:109C2000FFFFFFFFFFFFFFFFFFFFFFFFFFFFFFFF44
:109C3000FFFFFFFFFFFFFFFFFFFFFFFFFFFFFFFF34
:109C4000FFFFFFFFFFFFFFFFFFFFFFFFFFFFFFFF24
:109C5000FFFFFFFFFFFFFFFFFFFFFFFFFFFFFFFF14
:109C6000FFFFFFFFFFFFFFFFFFFFFFFFFFFFFFFF04
:109C7000FFFFFFFFFFFFFFFFFFFFFFFFFFFFFFFFF4
:109C8000FFFFFFFFFFFFFFFFFFFFFFFFFFFFFFFFE4
:109C9000FFFFFFFFFFFFFFFFFFFFFFFFFFFFFFFFD4
:109CA000FFFFFFFFFFFFFFFFFFFFFFFFFFFFFFFFC4
:109CB000FFFFFFFFFFFFFFFFFFFFFFFFFFFFFFFFB4
:109CC000FFFFFFFFFFFFFFFFFFFFFFFFFFFFFFFFA4
:109CD000FFFFFFFFFFFFFFFFFFFFFFFFFFFFFFFF94
:109CE000FFFFFFFFFFFFFFFFFFFFFFFFFFFFFFFF84
:109CF000FFFFFFFFFFFFFFFFFFFFFFFFFFFFFFFF74
:109D0000FFFFFFFFFFFFFFFFFFFFFFFFFFFFFFFF63
:109D1000FFFFFFFFFFFFFFFFFFFFFFFFFFFFFFFF53
:109D2000FFFFFFFFFFFFFFFFFFFFFFFFFFFFFFFF43
:109D3000FFFFFFFFFFFFFFFFFFFFFFFFFFFFFFFF33
:109D4000FFFFFFFFFFFFFFFFFFFFFFFFFFFFFFFF23
:109D5000FFFFFFFFFFFFFFFFFFFFFFFFFFFFFFFF13
:109D6000FFFFFFFFFFFFFFFFFFFFFFFFFFFFFFFF03
:109D7000FFFFFFFFFFFFFFFFFFFFFFFFFFFFFFFFF3
:109D8000FFFFFFFFFFFFFFFFFFFFFFFFFFFFFFFFE3
:109D9000FFFFFFFFFFFFFFFFFFFFFFFFFFFFFFFFD3
:109DA000FFFFFFFFFFFFFFFFFFFFFFFFFFFFFFFFC3
:109DB000FFFFFFFFFFFFFFFFFFFFFFFFFFFFFFFFB3
:109DC000FFFFFFFFFFFFFFFFFFFFFFFFFFFFFFFFA3
:109DD000FFFFFFFFFFFFFFFFFFFFFFFFFFFFFFFF93
:109DE000FFFFFFFFFFFFFFFFFFFFFFFFFFFFFFFF83
:109DF000FFFFFFFFFFFFFFFFFFFFFFFFFFFFFFFF73
:109E0000FFFFFFFFFFFFFFFFFFFFFFFFFFFFFFFF62
:109E1000FFFFFFFFFFFFFFFFFFFFFFFFFFFFFFFF52
:109E2000FFFFFFFFFFFFFFFFFFFFFFFFFFFFFFFF42
:109E3000FFFFFFFFFFFFFFFFFFFFFFFFFFFFFFFF32
:109E4000FFFFFFFFFFFFFFFFFFFFFFFFFFFFFFFF22
:109E5000FFFFFFFFFFFFFFFFFFFFFFFFFFFFFFFF12
:109E6000FFFFFFFFFFFFFFFFFFFFFFFFFFFFFFFF02
:109E7000FFFFFFFFFFFFFFFFFFFFFFFFFFFFFFFFF2
:109E8000FFFFFFFFFFFFFFFFFFFFFFFFFFFFFFFFE2
:109E9000FFFFFFFFFFFFFFFFFFFFFFFFFFFFFFFFD2
:109EA000FFFFFFFFFFFFFFFFFFFFFFFFFFFFFFFFC2
:109EB000FFFFFFFFFFFFFFFFFFFFFFFFFFFFFFFFB2
:109EC000FFFFFFFFFFFFFFFFFFFFFFFFFFFFFFFFA2
:109ED000FFFFFFFFFFFFFFFFFFFFFFFFFFFFFFFF92
:109EE000FFFFFFFFFFFFFFFFFFFFFFFFFFFFFFFF82
:109EF000FFFFFFFFFFFFFFFFFFFFFFFFFFFFFFFF72
:109F0000FFFFFFFFFFFFFFFFFFFFFFFFFFFFFFFF61
:109F1000FFFFFFFFFFFFFFFFFFFFFFFFFFFFFFFF51
:109F2000FFFFFFFFFFFFFFFFFFFFFFFFFFFFFFFF41
:109F3000FFFFFFFFFFFFFFFFFFFFFFFFFFFFFFFF31
:109F4000FFFFFFFFFFFFFFFFFFFFFFFFFFFFFFFF21
:109F5000FFFFFFFFFFFFFFFFFFFFFFFFFFFFFFFF11
:109F6000FFFFFFFFFFFFFFFFFFFFFFFFFFFFFFFF01
:109F7000FFFFFFFFFFFFFFFFFFFFFFFFFFFFFFFFF1
:109F8000FFFFFFFFFFFFFFFFFFFFFFFFFFFFFFFFE1
:109F9000FFFFFFFFFFFFFFFFFFFFFFFFFFFFFFFFD1
:109FA000FFFFFFFFFFFFFFFFFFFFFFFFFFFFFFFFC1
:109FB000FFFFFFFFFFFFFFFFFFFFFFFFFFFFFFFFB1
:109FC000FFFFFFFFFFFFFFFFFFFFFFFFFFFFFFFFA1
:109FD000FFFFFFFFFFFFFFFFFFFFFFFFFFFFFFFF91
:109FE000FFFFFFFFFFFFFFFFFFFFFFFFFFFFFFFF81
:109FF000FFFFFFFFFFFFFFFFFFFFFFFFFFFFFFFF71
:10A00000FFFFFFFFFFFFFFFFFFFFFFFFFFFFFFFF60
:10A01000FFFFFFFFFFFFFFFFFFFFFFFFFFFFFFFF50
:10A02000FFFFFFFFFFFFFFFFFFFFFFFFFFFFFFFF40
:10A03000FFFFFFFFFFFFFFFFFFFFFFFFFFFFFFFF30
:10A04000FFFFFFFFFFFFFFFFFFFFFFFFFFFFFFFF20
:10A05000FFFFFFFFFFFFFFFFFFFFFFFFFFFFFFFF10
:10A06000FFFFFFFFFFFFFFFFFFFFFFFFFFFFFFFF00
:10A07000FFFFFFFFFFFFFFFFFFFFFFFFFFFFFFFFF0
:10A08000FFFFFFFFFFFFFFFFFFFFFFFFFFFFFFFFE0
:10A09000FFFFFFFFFFFFFFFFFFFFFFFFFFFFFFFFD0
:10A0A000FFFFFFFFFFFFFFFFFFFFFFFFFFFFFFFFC0
:10A0B000FFFFFFFFFFFFFFFFFFFFFFFFFFFFFFFFB0
:10A0C000FFFFFFFFFFFFFFFFFFFFFFFFFFFFFFFFA0
:10A0D000FFFFFFFFFFFFFFFFFFFFFFFFFFFFFFFF90
:10A0E000FFFFFFFFFFFFFFFFFFFFFFFFFFFFFFFF80
:10A0F000FFFFFFFFFFFFFFFFFFFFFFFFFFFFFFFF70
:10A10000FFFFFFFFFFFFFFFFFFFFFFFFFFFFFFFF5F
:10A11000FFFFFFFFFFFFFFFFFFFFFFFFFFFFFFFF4F
:10A12000FFFFFFFFFFFFFFFFFFFFFFFFFFFFFFFF3F
:10A13000FFFFFFFFFFFFFFFFFFFFFFFFFFFFFFFF2F
:10A14000FFFFFFFFFFFFFFFFFFFFFFFFFFFFFFFF1F
:10A15000FFFFFFFFFFFFFFFFFFFFFFFFFFFFFFFF0F
:10A16000FFFFFFFFFFFFFFFFFFFFFFFFFFFFFFFFFF
:10A17000FFFFFFFFFFFFFFFFFFFFFFFFFFFFFFFFEF
:10A18000FFFFFFFFFFFFFFFFFFFFFFFFFFFFFFFFDF
:10A19000FFFFFFFFFFFFFFFFFFFFFFFFFFFFFFFFCF
:10A1A000FFFFFFFFFFFFFFFFFFFFFFFFFFFFFFFFBF
:10A1B000FFFFFFFFFFFFFFFFFFFFFFFFFFFFFFFFAF
:10A1C000FFFFFFFFFFFFFFFFFFFFFFFFFFFFFFFF9F
:10A1D000FFFFFFFFFFFFFFFFFFFFFFFFFFFFFFFF8F
:10A1E000FFFFFFFFFFFFFFFFFFFFFFFFFFFFFFFF7F
:10A1F000FFFFFFFFFFFFFFFFFFFFFFFFFFFFFFFF6F
:10A20000FFFFFFFFFFFFFFFFFFFFFFFFFFFFFFFF5E
:10A21000FFFFFFFFFFFFFFFFFFFFFFFFFFFFFFFF4E
:10A22000FFFFFFFFFFFFFFFFFFFFFFFFFFFFFFFF3E
:10A23000FFFFFFFFFFFFFFFFFFFFFFFFFFFFFFFF2E
:10A24000FFFFFFFFFFFFFFFFFFFFFFFFFFFFFFFF1E
:10A25000FFFFFFFFFFFFFFFFFFFFFFFFFFFFFFFF0E
:10A26000FFFFFFFFFFFFFFFFFFFFFFFFFFFFFFFFFE
:10A27000FFFFFFFFFFFFFFFFFFFFFFFFFFFFFFFFEE
:10A28000FFFFFFFFFFFFFFFFFFFFFFFFFFFFFFFFDE
:10A29000FFFFFFFFFFFFFFFFFFFFFFFFFFFFFFFFCE
:10A2A000FFFFFFFFFFFFFFFFFFFFFFFFFFFFFFFFBE
:10A2B000FFFFFFFFFFFFFFFFFFFFFFFFFFFFFFFFAE
:10A2C000FFFFFFFFFFFFFFFFFFFFFFFFFFFFFFFF9E
:10A2D000FFFFFFFFFFFFFFFFFFFFFFFFFFFFFFFF8E
:10A2E000FFFFFFFFFFFFFFFFFFFFFFFFFFFFFFFF7E
:10A2F000FFFFFFFFFFFFFFFFFFFFFFFFFFFFFFFF6E
:10A30000FFFFFFFFFFFFFFFFFFFFFFFFFFFFFFFF5D
:10A31000FFFFFFFFFFFFFFFFFFFFFFFFFFFFFFFF4D
:10A32000FFFFFFFFFFFFFFFFFFFFFFFFFFFFFFFF3D
:10A33000FFFFFFFFFFFFFFFFFFFFFFFFFFFFFFFF2D
:10A34000FFFFFFFFFFFFFFFFFFFFFFFFFFFFFFFF1D
:10A35000FFFFFFFFFFFFFFFFFFFFFFFFFFFFFFFF0D
:10A36000FFFFFFFFFFFFFFFFFFFFFFFFFFFFFFFFFD
:10A37000FFFFFFFFFFFFFFFFFFFFFFFFFFFFFFFFED
:10A38000FFFFFFFFFFFFFFFFFFFFFFFFFFFFFFFFDD
:10A39000FFFFFFFFFFFFFFFFFFFFFFFFFFFFFFFFCD
:10A3A000FFFFFFFFFFFFFFFFFFFFFFFFFFFFFFFFBD
:10A3B000FFFFFFFFFFFFFFFFFFFFFFFFFFFFFFFFAD
:10A3C000FFFFFFFFFFFFFFFFFFFFFFFFFFFFFFFF9D
:10A3D000FFFFFFFFFFFFFFFFFFFFFFFFFFFFFFFF8D
:10A3E000FFFFFFFFFFFFFFFFFFFFFFFFFFFFFFFF7D
:10A3F000FFFFFFFFFFFFFFFFFFFFFFFFFFFFFFFF6D
:10A40000FFFFFFFFFFFFFFFFFFFFFFFFFFFFFFFF5C
:10A41000FFFFFFFFFFFFFFFFFFFFFFFFFFFFFFFF4C
:10A42000FFFFFFFFFFFFFFFFFFFFFFFFFFFFFFFF3C
:10A43000FFFFFFFFFFFFFFFFFFFFFFFFFFFFFFFF2C
:10A44000FFFFFFFFFFFFFFFFFFFFFFFFFFFFFFFF1C
:10A45000FFFFFFFFFFFFFFFFFFFFFFFFFFFFFFFF0C
:10A46000FFFFFFFFFFFFFFFFFFFFFFFFFFFFFFFFFC
:10A47000FFFFFFFFFFFFFFFFFFFFFFFFFFFFFFFFEC
:10A48000FFFFFFFFFFFFFFFFFFFFFFFFFFFFFFFFDC
:10A49000FFFFFFFFFFFFFFFFFFFFFFFFFFFFFFFFCC
:10A4A000FFFFFFFFFFFFFFFFFFFFFFFFFFFFFFFFBC
:10A4B000FFFFFFFFFFFFFFFFFFFFFFFFFFFFFFFFAC
:10A4C000FFFFFFFFFFFFFFFFFFFFFFFFFFFFFFFF9C
:10A4D000FFFFFFFFFFFFFFFFFFFFFFFFFFFFFFFF8C
:10A4E000FFFFFFFFFFFFFFFFFFFFFFFFFFFFFFFF7C
:10A4F000FFFFFFFFFFFFFFFFFFFFFFFFFFFFFFFF6C
:10A50000FFFFFFFFFFFFFFFFFFFFFFFFFFFFFFFF5B
:10A51000FFFFFFFFFFFFFFFFFFFFFFFFFFFFFFFF4B
:10A52000FFFFFFFFFFFFFFFFFFFFFFFFFFFFFFFF3B
:10A53000FFFFFFFFFFFFFFFFFFFFFFFFFFFFFFFF2B
:10A54000FFFFFFFFFFFFFFFFFFFFFFFFFFFFFFFF1B
:10A55000FFFFFFFFFFFFFFFFFFFFFFFFFFFFFFFF0B
:10A56000FFFFFFFFFFFFFFFFFFFFFFFFFFFFFFFFFB
:10A57000FFFFFFFFFFFFFFFFFFFFFFFFFFFFFFFFEB
:10A58000FFFFFFFFFFFFFFFFFFFFFFFFFFFFFFFFDB
:10A59000FFFFFFFFFFFFFFFFFFFFFFFFFFFFFFFFCB
:10A5A000FFFFFFFFFFFFFFFFFFFFFFFFFFFFFFFFBB
:10A5B000FFFFFFFFFFFFFFFFFFFFFFFFFFFFFFFFAB
:10A5C000FFFFFFFFFFFFFFFFFFFFFFFFFFFFFFFF9B
:10A5D000FFFFFFFFFFFFFFFFFFFFFFFFFFFFFFFF8B
:10A5E000FFFFFFFFFFFFFFFFFFFFFFFFFFFFFFFF7B
:10A5F000FFFFFFFFFFFFFFFFFFFFFFFFFFFFFFFF6B
:10A60000FFFFFFFFFFFFFFFFFFFFFFFFFFFFFFFF5A
:10A61000FFFFFFFFFFFFFFFFFFFFFFFFFFFFFFFF4A
:10A62000FFFFFFFFFFFFFFFFFFFFFFFFFFFFFFFF3A
:10A63000FFFFFFFFFFFFFFFFFFFFFFFFFFFFFFFF2A
:10A64000FFFFFFFFFFFFFFFFFFFFFFFFFFFFFFFF1A
:10A65000FFFFFFFFFFFFFFFFFFFFFFFFFFFFFFFF0A
:10A66000FFFFFFFFFFFFFFFFFFFFFFFFFFFFFFFFFA
:10A67000FFFFFFFFFFFFFFFFFFFFFFFFFFFFFFFFEA
:10A68000FFFFFFFFFFFFFFFFFFFFFFFFFFFFFFFFDA
:10A69000FFFFFFFFFFFFFFFFFFFFFFFFFFFFFFFFCA
:10A6A000FFFFFFFFFFFFFFFFFFFFFFFFFFFFFFFFBA
:10A6B000FFFFFFFFFFFFFFFFFFFFFFFFFFFFFFFFAA
:10A6C000FFFFFFFFFFFFFFFFFFFFFFFFFFFFFFFF9A
:10A6D000FFFFFFFFFFFFFFFFFFFFFFFFFFFFFFFF8A
:10A6E000FFFFFFFFFFFFFFFFFFFFFFFFFFFFFFFF7A
:10A6F000FFFFFFFFFFFFFFFFFFFFFFFFFFFFFFFF6A
:10A70000FFFFFFFFFFFFFFFFFFFFFFFFFFFFFFFF59
:10A71000FFFFFFFFFFFFFFFFFFFFFFFFFFFFFFFF49
:10A72000FFFFFFFFFFFFFFFFFFFFFFFFFFFFFFFF39
:10A73000FFFFFFFFFFFFFFFFFFFFFFFFFFFFFFFF29
:10A74000FFFFFFFFFFFFFFFFFFFFFFFFFFFFFFFF19
:10A75000FFFFFFFFFFFFFFFFFFFFFFFFFFFFFFFF09
:10A76000FFFFFFFFFFFFFFFFFFFFFFFFFFFFFFFFF9
:10A77000FFFFFFFFFFFFFFFFFFFFFFFFFFFFFFFFE9
:10A78000FFFFFFFFFFFFFFFFFFFFFFFFFFFFFFFFD9
:10A79000FFFFFFFFFFFFFFFFFFFFFFFFFFFFFFFFC9
:10A7A000FFFFFFFFFFFFFFFFFFFFFFFFFFFFFFFFB9
:10A7B000FFFFFFFFFFFFFFFFFFFFFFFFFFFFFFFFA9
:10A7C000FFFFFFFFFFFFFFFFFFFFFFFFFFFFFFFF99
:10A7D000FFFFFFFFFFFFFFFFFFFFFFFFFFFFFFFF89
:10A7E000FFFFFFFFFFFFFFFFFFFFFFFFFFFFFFFF79
:10A7F000FFFFFFFFFFFFFFFFFFFFFFFFFFFFFFFF69
:10A80000FFFFFFFFFFFFFFFFFFFFFFFFFFFFFFFF58
:10A81000FFFFFFFFFFFFFFFFFFFFFFFFFFFFFFFF48
:10A82000FFFFFFFFFFFFFFFFFFFFFFFFFFFFFFFF38
:10A83000FFFFFFFFFFFFFFFFFFFFFFFFFFFFFFFF28
:10A84000FFFFFFFFFFFFFFFFFFFFFFFFFFFFFFFF18
:10A85000FFFFFFFFFFFFFFFFFFFFFFFFFFFFFFFF08
:10A86000FFFFFFFFFFFFFFFFFFFFFFFFFFFFFFFFF8
:10A87000FFFFFFFFFFFFFFFFFFFFFFFFFFFFFFFFE8
:10A88000FFFFFFFFFFFFFFFFFFFFFFFFFFFFFFFFD8
:10A89000FFFFFFFFFFFFFFFFFFFFFFFFFFFFFFFFC8
:10A8A000FFFFFFFFFFFFFFFFFFFFFFFFFFFFFFFFB8
:10A8B000FFFFFFFFFFFFFFFFFFFFFFFFFFFFFFFFA8
:10A8C000FFFFFFFFFFFFFFFFFFFFFFFFFFFFFFFF98
:10A8D000FFFFFFFFFFFFFFFFFFFFFFFFFFFFFFFF88
:10A8E000FFFFFFFFFFFFFFFFFFFFFFFFFFFFFFFF78
:10A8F000FFFFFFFFFFFFFFFFFFFFFFFFFFFFFFFF68
:10A90000FFFFFFFFFFFFFFFFFFFFFFFFFFFFFFFF57
:10A91000FFFFFFFFFFFFFFFFFFFFFFFFFFFFFFFF47
:10A92000FFFFFFFFFFFFFFFFFFFFFFFFFFFFFFFF37
:10A93000FFFFFFFFFFFFFFFFFFFFFFFFFFFFFFFF27
:10A94000FFFFFFFFFFFFFFFFFFFFFFFFFFFFFFFF17
:10A95000FFFFFFFFFFFFFFFFFFFFFFFFFFFFFFFF07
:10A96000FFFFFFFFFFFFFFFFFFFFFFFFFFFFFFFFF7
:10A97000FFFFFFFFFFFFFFFFFFFFFFFFFFFFFFFFE7
:10A98000FFFFFFFFFFFFFFFFFFFFFFFFFFFFFFFFD7
:10A99000FFFFFFFFFFFFFFFFFFFFFFFFFFFFFFFFC7
:10A9A000FFFFFFFFFFFFFFFFFFFFFFFFFFFFFFFFB7
:10A9B000FFFFFFFFFFFFFFFFFFFFFFFFFFFFFFFFA7
:10A9C000FFFFFFFFFFFFFFFFFFFFFFFFFFFFFFFF97
:10A9D000FFFFFFFFFFFFFFFFFFFFFFFFFFFFFFFF87
:10A9E000FFFFFFFFFFFFFFFFFFFFFFFFFFFFFFFF77
:10A9F000FFFFFFFFFFFFFFFFFFFFFFFFFFFFFFFF67
:10AA0000FFFFFFFFFFFFFFFFFFFFFFFFFFFFFFFF56
:10AA1000FFFFFFFFFFFFFFFFFFFFFFFFFFFFFFFF46
:10AA2000FFFFFFFFFFFFFFFFFFFFFFFFFFFFFFFF36
:10AA3000FFFFFFFFFFFFFFFFFFFFFFFFFFFFFFFF26
:10AA4000FFFFFFFFFFFFFFFFFFFFFFFFFFFFFFFF16
:10AA5000FFFFFFFFFFFFFFFFFFFFFFFFFFFFFFFF06
:10AA6000FFFFFFFFFFFFFFFFFFFFFFFFFFFFFFFFF6
:10AA7000FFFFFFFFFFFFFFFFFFFFFFFFFFFFFFFFE6
:10AA8000FFFFFFFFFFFFFFFFFFFFFFFFFFFFFFFFD6
:10AA9000FFFFFFFFFFFFFFFFFFFFFFFFFFFFFFFFC6
:10AAA000FFFFFFFFFFFFFFFFFFFFFFFFFFFFFFFFB6
:10AAB000FFFFFFFFFFFFFFFFFFFFFFFFFFFFFFFFA6
:10AAC000FFFFFFFFFFFFFFFFFFFFFFFFFFFFFFFF96
:10AAD000FFFFFFFFFFFFFFFFFFFFFFFFFFFFFFFF86
:10AAE000FFFFFFFFFFFFFFFFFFFFFFFFFFFFFFFF76
:10AAF000FFFFFFFFFFFFFFFFFFFFFFFFFFFFFFFF66
:10AB0000FFFFFFFFFFFFFFFFFFFFFFFFFFFFFFFF55
:10AB1000FFFFFFFFFFFFFFFFFFFFFFFFFFFFFFFF45
:10AB2000FFFFFFFFFFFFFFFFFFFFFFFFFFFFFFFF35
:10AB3000FFFFFFFFFFFFFFFFFFFFFFFFFFFFFFFF25
:10AB4000FFFFFFFFFFFFFFFFFFFFFFFFFFFFFFFF15
:10AB5000FFFFFFFFFFFFFFFFFFFFFFFFFFFFFFFF05
:10AB6000FFFFFFFFFFFFFFFFFFFFFFFFFFFFFFFFF5
:10AB7000FFFFFFFFFFFFFFFFFFFFFFFFFFFFFFFFE5
:10AB8000FFFFFFFFFFFFFFFFFFFFFFFFFFFFFFFFD5
:10AB9000FFFFFFFFFFFFFFFFFFFFFFFFFFFFFFFFC5
:10ABA000FFFFFFFFFFFFFFFFFFFFFFFFFFFFFFFFB5
:10ABB000FFFFFFFFFFFFFFFFFFFFFFFFFFFFFFFFA5
:10ABC000FFFFFFFFFFFFFFFFFFFFFFFFFFFFFFFF95
:10ABD000FFFFFFFFFFFFFFFFFFFFFFFFFFFFFFFF85
:10ABE000FFFFFFFFFFFFFFFFFFFFFFFFFFFFFFFF75
:10ABF000FFFFFFFFFFFFFFFFFFFFFFFFFFFFFFFF65
:10AC0000FFFFFFFFFFFFFFFFFFFFFFFFFFFFFFFF54
:10AC1000FFFFFFFFFFFFFFFFFFFFFFFFFFFFFFFF44
:10AC2000FFFFFFFFFFFFFFFFFFFFFFFFFFFFFFFF34
:10AC3000FFFFFFFFFFFFFFFFFFFFFFFFFFFFFFFF24
:10AC4000FFFFFFFFFFFFFFFFFFFFFFFFFFFFFFFF14
:10AC5000FFFFFFFFFFFFFFFFFFFFFFFFFFFFFFFF04
:10AC6000FFFFFFFFFFFFFFFFFFFFFFFFFFFFFFFFF4
:10AC7000FFFFFFFFFFFFFFFFFFFFFFFFFFFFFFFFE4
:10AC8000FFFFFFFFFFFFFFFFFFFFFFFFFFFFFFFFD4
:10AC9000FFFFFFFFFFFFFFFFFFFFFFFFFFFFFFFFC4
:10ACA000FFFFFFFFFFFFFFFFFFFFFFFFFFFFFFFFB4
:10ACB000FFFFFFFFFFFFFFFFFFFFFFFFFFFFFFFFA4
:10ACC000FFFFFFFFFFFFFFFFFFFFFFFFFFFFFFFF94
:10ACD000FFFFFFFFFFFFFFFFFFFFFFFFFFFFFFFF84
:10ACE000FFFFFFFFFFFFFFFFFFFFFFFFFFFFFFFF74
:10ACF000FFFFFFFFFFFFFFFFFFFFFFFFFFFFFFFF64
:10AD0000FFFFFFFFFFFFFFFFFFFFFFFFFFFFFFFF53
:10AD1000FFFFFFFFFFFFFFFFFFFFFFFFFFFFFFFF43
:10AD2000FFFFFFFFFFFFFFFFFFFFFFFFFFFFFFFF33
:10AD3000FFFFFFFFFFFFFFFFFFFFFFFFFFFFFFFF23
:10AD4000FFFFFFFFFFFFFFFFFFFFFFFFFFFFFFFF13
:10AD5000FFFFFFFFFFFFFFFFFFFFFFFFFFFFFFFF03
:10AD6000FFFFFFFFFFFFFFFFFFFFFFFFFFFFFFFFF3
:10AD7000FFFFFFFFFFFFFFFFFFFFFFFFFFFFFFFFE3
:10AD8000FFFFFFFFFFFFFFFFFFFFFFFFFFFFFFFFD3
:10AD9000FFFFFFFFFFFFFFFFFFFFFFFFFFFFFFFFC3
:10ADA000FFFFFFFFFFFFFFFFFFFFFFFFFFFFFFFFB3
:10ADB000FFFFFFFFFFFFFFFFFFFFFFFFFFFFFFFFA3
:10ADC000FFFFFFFFFFFFFFFFFFFFFFFFFFFFFFFF93
:10ADD000FFFFFFFFFFFFFFFFFFFFFFFFFFFFFFFF83
:10ADE000FFFFFFFFFFFFFFFFFFFFFFFFFFFFFFFF73
:10ADF000FFFFFFFFFFFFFFFFFFFFFFFFFFFFFFFF63
:10AE0000FFFFFFFFFFFFFFFFFFFFFFFFFFFFFFFF52
:10AE1000FFFFFFFFFFFFFFFFFFFFFFFFFFFFFFFF42
:10AE2000FFFFFFFFFFFFFFFFFFFFFFFFFFFFFFFF32
:10AE3000FFFFFFFFFFFFFFFFFFFFFFFFFFFFFFFF22
:10AE4000FFFFFFFFFFFFFFFFFFFFFFFFFFFFFFFF12
:10AE5000FFFFFFFFFFFFFFFFFFFFFFFFFFFFFFFF02
:10AE6000FFFFFFFFFFFFFFFFFFFFFFFFFFFFFFFFF2
:10AE7000FFFFFFFFFFFFFFFFFFFFFFFFFFFFFFFFE2
:10AE8000FFFFFFFFFFFFFFFFFFFFFFFFFFFFFFFFD2
:10AE9000FFFFFFFFFFFFFFFFFFFFFFFFFFFFFFFFC2
:10AEA000FFFFFFFFFFFFFFFFFFFFFFFFFFFFFFFFB2
:10AEB000FFFFFFFFFFFFFFFFFFFFFFFFFFFFFFFFA2
:10AEC000FFFFFFFFFFFFFFFFFFFFFFFFFFFFFFFF92
:10AED000FFFFFFFFFFFFFFFFFFFFFFFFFFFFFFFF82
:10AEE000FFFFFFFFFFFFFFFFFFFFFFFFFFFFFFFF72
:10AEF000FFFFFFFFFFFFFFFFFFFFFFFFFFFFFFFF62
:10AF0000FFFFFFFFFFFFFFFFFFFFFFFFFFFFFFFF51
:10AF1000FFFFFFFFFFFFFFFFFFFFFFFFFFFFFFFF41
:10AF2000FFFFFFFFFFFFFFFFFFFFFFFFFFFFFFFF31
:10AF3000FFFFFFFFFFFFFFFFFFFFFFFFFFFFFFFF21
:10AF4000FFFFFFFFFFFFFFFFFFFFFFFFFFFFFFFF11
:10AF5000FFFFFFFFFFFFFFFFFFFFFFFFFFFFFFFF01
:10AF6000FFFFFFFFFFFFFFFFFFFFFFFFFFFFFFFFF1
:10AF7000FFFFFFFFFFFFFFFFFFFFFFFFFFFFFFFFE1
:10AF8000FFFFFFFFFFFFFFFFFFFFFFFFFFFFFFFFD1
:10AF9000FFFFFFFFFFFFFFFFFFFFFFFFFFFFFFFFC1
:10AFA000FFFFFFFFFFFFFFFFFFFFFFFFFFFFFFFFB1
:10AFB000FFFFFFFFFFFFFFFFFFFFFFFFFFFFFFFFA1
:10AFC000FFFFFFFFFFFFFFFFFFFFFFFFFFFFFFFF91
:10AFD000FFFFFFFFFFFFFFFFFFFFFFFFFFFFFFFF81
:10AFE000FFFFFFFFFFFFFFFFFFFFFFFFFFFFFFFF71
:10AFF000FFFFFFFFFFFFFFFFFFFFFFFFFFFFFFFF61
:10B00000FFFFFFFFFFFFFFFFFFFFFFFFFFFFFFFF50
:10B01000FFFFFFFFFFFFFFFFFFFFFFFFFFFFFFFF40
:10B02000FFFFFFFFFFFFFFFFFFFFFFFFFFFFFFFF30
:10B03000FFFFFFFFFFFFFFFFFFFFFFFFFFFFFFFF20
:10B04000FFFFFFFFFFFFFFFFFFFFFFFFFFFFFFFF10
:10B05000FFFFFFFFFFFFFFFFFFFFFFFFFFFFFFFF00
:10B06000FFFFFFFFFFFFFFFFFFFFFFFFFFFFFFFFF0
:10B07000FFFFFFFFFFFFFFFFFFFFFFFFFFFFFFFFE0
:10B08000FFFFFFFFFFFFFFFFFFFFFFFFFFFFFFFFD0
:10B09000FFFFFFFFFFFFFFFFFFFFFFFFFFFFFFFFC0
:10B0A000FFFFFFFFFFFFFFFFFFFFFFFFFFFFFFFFB0
:10B0B000FFFFFFFFFFFFFFFFFFFFFFFFFFFFFFFFA0
:10B0C000FFFFFFFFFFFFFFFFFFFFFFFFFFFFFFFF90
:10B0D000FFFFFFFFFFFFFFFFFFFFFFFFFFFFFFFF80
:10B0E000FFFFFFFFFFFFFFFFFFFFFFFFFFFFFFFF70
:10B0F000FFFFFFFFFFFFFFFFFFFFFFFFFFFFFFFF60
:10B10000FFFFFFFFFFFFFFFFFFFFFFFFFFFFFFFF4F
:10B11000FFFFFFFFFFFFFFFFFFFFFFFFFFFFFFFF3F
:10B12000FFFFFFFFFFFFFFFFFFFFFFFFFFFFFFFF2F
:10B13000FFFFFFFFFFFFFFFFFFFFFFFFFFFFFFFF1F
:10B14000FFFFFFFFFFFFFFFFFFFFFFFFFFFFFFFF0F
:10B15000FFFFFFFFFFFFFFFFFFFFFFFFFFFFFFFFFF
:10B16000FFFFFFFFFFFFFFFFFFFFFFFFFFFFFFFFEF
:10B17000FFFFFFFFFFFFFFFFFFFFFFFFFFFFFFFFDF
:10B18000FFFFFFFFFFFFFFFFFFFFFFFFFFFFFFFFCF
:10B19000FFFFFFFFFFFFFFFFFFFFFFFFFFFFFFFFBF
:10B1A000FFFFFFFFFFFFFFFFFFFFFFFFFFFFFFFFAF
:10B1B000FFFFFFFFFFFFFFFFFFFFFFFFFFFFFFFF9F
:10B1C000FFFFFFFFFFFFFFFFFFFFFFFFFFFFFFFF8F
:10B1D000FFFFFFFFFFFFFFFFFFFFFFFFFFFFFFFF7F
:10B1E000FFFFFFFFFFFFFFFFFFFFFFFFFFFFFFFF6F
:10B1F000FFFFFFFFFFFFFFFFFFFFFFFFFFFFFFFF5F
:10B20000FFFFFFFFFFFFFFFFFFFFFFFFFFFFFFFF4E
:10B21000FFFFFFFFFFFFFFFFFFFFFFFFFFFFFFFF3E
:10B22000FFFFFFFFFFFFFFFFFFFFFFFFFFFFFFFF2E
:10B23000FFFFFFFFFFFFFFFFFFFFFFFFFFFFFFFF1E
:10B24000FFFFFFFFFFFFFFFFFFFFFFFFFFFFFFFF0E
:10B25000FFFFFFFFFFFFFFFFFFFFFFFFFFFFFFFFFE
:10B26000FFFFFFFFFFFFFFFFFFFFFFFFFFFFFFFFEE
:10B27000FFFFFFFFFFFFFFFFFFFFFFFFFFFFFFFFDE
:10B28000FFFFFFFFFFFFFFFFFFFFFFFFFFFFFFFFCE
:10B29000FFFFFFFFFFFFFFFFFFFFFFFFFFFFFFFFBE
:10B2A000FFFFFFFFFFFFFFFFFFFFFFFFFFFFFFFFAE
:10B2B000FFFFFFFFFFFFFFFFFFFFFFFFFFFFFFFF9E
:10B2C000FFFFFFFFFFFFFFFFFFFFFFFFFFFFFFFF8E
:10B2D000FFFFFFFFFFFFFFFFFFFFFFFFFFFFFFFF7E
:10B2E000FFFFFFFFFFFFFFFFFFFFFFFFFFFFFFFF6E
:10B2F000FFFFFFFFFFFFFFFFFFFFFFFFFFFFFFFF5E
:10B30000FFFFFFFFFFFFFFFFFFFFFFFFFFFFFFFF4D
:10B31000FFFFFFFFFFFFFFFFFFFFFFFFFFFFFFFF3D
:10B32000FFFFFFFFFFFFFFFFFFFFFFFFFFFFFFFF2D
:10B33000FFFFFFFFFFFFFFFFFFFFFFFFFFFFFFFF1D
:10B34000FFFFFFFFFFFFFFFFFFFFFFFFFFFFFFFF0D
:10B35000FFFFFFFFFFFFFFFFFFFFFFFFFFFFFFFFFD
:10B36000FFFFFFFFFFFFFFFFFFFFFFFFFFFFFFFFED
:10B37000FFFFFFFFFFFFFFFFFFFFFFFFFFFFFFFFDD
:10B38000FFFFFFFFFFFFFFFFFFFFFFFFFFFFFFFFCD
:10B39000FFFFFFFFFFFFFFFFFFFFFFFFFFFFFFFFBD
:10B3A000FFFFFFFFFFFFFFFFFFFFFFFFFFFFFFFFAD
:10B3B000FFFFFFFFFFFFFFFFFFFFFFFFFFFFFFFF9D
:10B3C000FFFFFFFFFFFFFFFFFFFFFFFFFFFFFFFF8D
:10B3D000FFFFFFFFFFFFFFFFFFFFFFFFFFFFFFFF7D
:10B3E000FFFFFFFFFFFFFFFFFFFFFFFFFFFFFFFF6D
:10B3F000FFFFFFFFFFFFFFFFFFFFFFFFFFFFFFFF5D
:10B40000FFFFFFFFFFFFFFFFFFFFFFFFFFFFFFFF4C
:10B41000FFFFFFFFFFFFFFFFFFFFFFFFFFFFFFFF3C
:10B42000FFFFFFFFFFFFFFFFFFFFFFFFFFFFFFFF2C
:10B43000FFFFFFFFFFFFFFFFFFFFFFFFFFFFFFFF1C
:10B44000FFFFFFFFFFFFFFFFFFFFFFFFFFFFFFFF0C
:10B45000FFFFFFFFFFFFFFFFFFFFFFFFFFFFFFFFFC
:10B46000FFFFFFFFFFFFFFFFFFFFFFFFFFFFFFFFEC
:10B47000FFFFFFFFFFFFFFFFFFFFFFFFFFFFFFFFDC
:10B48000FFFFFFFFFFFFFFFFFFFFFFFFFFFFFFFFCC
:10B49000FFFFFFFFFFFFFFFFFFFFFFFFFFFFFFFFBC
:10B4A000FFFFFFFFFFFFFFFFFFFFFFFFFFFFFFFFAC
:10B4B000FFFFFFFFFFFFFFFFFFFFFFFFFFFFFFFF9C
:10B4C000FFFFFFFFFFFFFFFFFFFFFFFFFFFFFFFF8C
:10B4D000FFFFFFFFFFFFFFFFFFFFFFFFFFFFFFFF7C
:10B4E000FFFFFFFFFFFFFFFFFFFFFFFFFFFFFFFF6C
:10B4F000FFFFFFFFFFFFFFFFFFFFFFFFFFFFFFFF5C
:10B50000FFFFFFFFFFFFFFFFFFFFFFFFFFFFFFFF4B
:10B51000FFFFFFFFFFFFFFFFFFFFFFFFFFFFFFFF3B
:10B52000FFFFFFFFFFFFFFFFFFFFFFFFFFFFFFFF2B
:10B53000FFFFFFFFFFFFFFFFFFFFFFFFFFFFFFFF1B
:10B54000FFFFFFFFFFFFFFFFFFFFFFFFFFFFFFFF0B
:10B55000FFFFFFFFFFFFFFFFFFFFFFFFFFFFFFFFFB
:10B56000FFFFFFFFFFFFFFFFFFFFFFFFFFFFFFFFEB
:10B57000FFFFFFFFFFFFFFFFFFFFFFFFFFFFFFFFDB
:10B58000FFFFFFFFFFFFFFFFFFFFFFFFFFFFFFFFCB
:10B59000FFFFFFFFFFFFFFFFFFFFFFFFFFFFFFFFBB
:10B5A000FFFFFFFFFFFFFFFFFFFFFFFFFFFFFFFFAB
:10B5B000FFFFFFFFFFFFFFFFFFFFFFFFFFFFFFFF9B
:10B5C000FFFFFFFFFFFFFFFFFFFFFFFFFFFFFFFF8B
:10B5D000FFFFFFFFFFFFFFFFFFFFFFFFFFFFFFFF7B
:10B5E000FFFFFFFFFFFFFFFFFFFFFFFFFFFFFFFF6B
:10B5F000FFFFFFFFFFFFFFFFFFFFFFFFFFFFFFFF5B
:10B60000FFFFFFFFFFFFFFFFFFFFFFFFFFFFFFFF4A
:10B61000FFFFFFFFFFFFFFFFFFFFFFFFFFFFFFFF3A
:10B62000FFFFFFFFFFFFFFFFFFFFFFFFFFFFFFFF2A
:10B63000FFFFFFFFFFFFFFFFFFFFFFFFFFFFFFFF1A
:10B64000FFFFFFFFFFFFFFFFFFFFFFFFFFFFFFFF0A
:10B65000FFFFFFFFFFFFFFFFFFFFFFFFFFFFFFFFFA
:10B66000FFFFFFFFFFFFFFFFFFFFFFFFFFFFFFFFEA
:10B67000FFFFFFFFFFFFFFFFFFFFFFFFFFFFFFFFDA
:10B68000FFFFFFFFFFFFFFFFFFFFFFFFFFFFFFFFCA
:10B69000FFFFFFFFFFFFFFFFFFFFFFFFFFFFFFFFBA
:10B6A000FFFFFFFFFFFFFFFFFFFFFFFFFFFFFFFFAA
:10B6B000FFFFFFFFFFFFFFFFFFFFFFFFFFFFFFFF9A
:10B6C000FFFFFFFFFFFFFFFFFFFFFFFFFFFFFFFF8A
:10B6D000FFFFFFFFFFFFFFFFFFFFFFFFFFFFFFFF7A
:10B6E000FFFFFFFFFFFFFFFFFFFFFFFFFFFFFFFF6A
:10B6F000FFFFFFFFFFFFFFFFFFFFFFFFFFFFFFFF5A
:10B70000FFFFFFFFFFFFFFFFFFFFFFFFFFFFFFFF49
:10B71000FFFFFFFFFFFFFFFFFFFFFFFFFFFFFFFF39
:10B72000FFFFFFFFFFFFFFFFFFFFFFFFFFFFFFFF29
:10B73000FFFFFFFFFFFFFFFFFFFFFFFFFFFFFFFF19
:10B74000FFFFFFFFFFFFFFFFFFFFFFFFFFFFFFFF09
:10B75000FFFFFFFFFFFFFFFFFFFFFFFFFFFFFFFFF9
:10B76000FFFFFFFFFFFFFFFFFFFFFFFFFFFFFFFFE9
:10B77000FFFFFFFFFFFFFFFFFFFFFFFFFFFFFFFFD9
:10B78000FFFFFFFFFFFFFFFFFFFFFFFFFFFFFFFFC9
:10B79000FFFFFFFFFFFFFFFFFFFFFFFFFFFFFFFFB9
:10B7A000FFFFFFFFFFFFFFFFFFFFFFFFFFFFFFFFA9
:10B7B000FFFFFFFFFFFFFFFFFFFFFFFFFFFFFFFF99
:10B7C000FFFFFFFFFFFFFFFFFFFFFFFFFFFFFFFF89
:10B7D000FFFFFFFFFFFFFFFFFFFFFFFFFFFFFFFF79
:10B7E000FFFFFFFFFFFFFFFFFFFFFFFFFFFFFFFF69
:10B7F000FFFFFFFFFFFFFFFFFFFFFFFFFFFFFFFF59
:10B80000FFFFFFFFFFFFFFFFFFFFFFFFFFFFFFFF48
:10B81000FFFFFFFFFFFFFFFFFFFFFFFFFFFFFFFF38
:10B82000FFFFFFFFFFFFFFFFFFFFFFFFFFFFFFFF28
:10B83000FFFFFFFFFFFFFFFFFFFFFFFFFFFFFFFF18
:10B84000FFFFFFFFFFFFFFFFFFFFFFFFFFFFFFFF08
:10B85000FFFFFFFFFFFFFFFFFFFFFFFFFFFFFFFFF8
:10B86000FFFFFFFFFFFFFFFFFFFFFFFFFFFFFFFFE8
:10B87000FFFFFFFFFFFFFFFFFFFFFFFFFFFFFFFFD8
:10B88000FFFFFFFFFFFFFFFFFFFFFFFFFFFFFFFFC8
:10B89000FFFFFFFFFFFFFFFFFFFFFFFFFFFFFFFFB8
:10B8A000FFFFFFFFFFFFFFFFFFFFFFFFFFFFFFFFA8
:10B8B000FFFFFFFFFFFFFFFFFFFFFFFFFFFFFFFF98
:10B8C000FFFFFFFFFFFFFFFFFFFFFFFFFFFFFFFF88
:10B8D000FFFFFFFFFFFFFFFFFFFFFFFFFFFFFFFF78
:10B8E000FFFFFFFFFFFFFFFFFFFFFFFFFFFFFFFF68
:10B8F000FFFFFFFFFFFFFFFFFFFFFFFFFFFFFFFF58
:10B90000FFFFFFFFFFFFFFFFFFFFFFFFFFFFFFFF47
:10B91000FFFFFFFFFFFFFFFFFFFFFFFFFFFFFFFF37
:10B92000FFFFFFFFFFFFFFFFFFFFFFFFFFFFFFFF27
:10B93000FFFFFFFFFFFFFFFFFFFFFFFFFFFFFFFF17
:10B94000FFFFFFFFFFFFFFFFFFFFFFFFFFFFFFFF07
:10B95000FFFFFFFFFFFFFFFFFFFFFFFFFFFFFFFFF7
:10B96000FFFFFFFFFFFFFFFFFFFFFFFFFFFFFFFFE7
:10B97000FFFFFFFFFFFFFFFFFFFFFFFFFFFFFFFFD7
:10B98000FFFFFFFFFFFFFFFFFFFFFFFFFFFFFFFFC7
:10B99000FFFFFFFFFFFFFFFFFFFFFFFFFFFFFFFFB7
:10B9A000FFFFFFFFFFFFFFFFFFFFFFFFFFFFFFFFA7
:10B9B000FFFFFFFFFFFFFFFFFFFFFFFFFFFFFFFF97
:10B9C000FFFFFFFFFFFFFFFFFFFFFFFFFFFFFFFF87
:10B9D000FFFFFFFFFFFFFFFFFFFFFFFFFFFFFFFF77
:10B9E000FFFFFFFFFFFFFFFFFFFFFFFFFFFFFFFF67
:10B9F000FFFFFFFFFFFFFFFFFFFFFFFFFFFFFFFF57
:10BA0000FFFFFFFFFFFFFFFFFFFFFFFFFFFFFFFF46
:10BA1000FFFFFFFFFFFFFFFFFFFFFFFFFFFFFFFF36
:10BA2000FFFFFFFFFFFFFFFFFFFFFFFFFFFFFFFF26
:10BA3000FFFFFFFFFFFFFFFFFFFFFFFFFFFFFFFF16
:10BA4000FFFFFFFFFFFFFFFFFFFFFFFFFFFFFFFF06
:10BA5000FFFFFFFFFFFFFFFFFFFFFFFFFFFFFFFFF6
:10BA6000FFFFFFFFFFFFFFFFFFFFFFFFFFFFFFFFE6
:10BA7000FFFFFFFFFFFFFFFFFFFFFFFFFFFFFFFFD6
:10BA8000FFFFFFFFFFFFFFFFFFFFFFFFFFFFFFFFC6
:10BA9000FFFFFFFFFFFFFFFFFFFFFFFFFFFFFFFFB6
:10BAA000FFFFFFFFFFFFFFFFFFFFFFFFFFFFFFFFA6
:10BAB000FFFFFFFFFFFFFFFFFFFFFFFFFFFFFFFF96
:10BAC000FFFFFFFFFFFFFFFFFFFFFFFFFFFFFFFF86
:10BAD000FFFFFFFFFFFFFFFFFFFFFFFFFFFFFFFF76
:10BAE000FFFFFFFFFFFFFFFFFFFFFFFFFFFFFFFF66
:10BAF000FFFFFFFFFFFFFFFFFFFFFFFFFFFFFFFF56
:10BB0000FFFFFFFFFFFFFFFFFFFFFFFFFFFFFFFF45
:10BB1000FFFFFFFFFFFFFFFFFFFFFFFFFFFFFFFF35
:10BB2000FFFFFFFFFFFFFFFFFFFFFFFFFFFFFFFF25
:10BB3000FFFFFFFFFFFFFFFFFFFFFFFFFFFFFFFF15
:10BB4000FFFFFFFFFFFFFFFFFFFFFFFFFFFFFFFF05
:10BB5000FFFFFFFFFFFFFFFFFFFFFFFFFFFFFFFFF5
:10BB6000FFFFFFFFFFFFFFFFFFFFFFFFFFFFFFFFE5
:10BB7000FFFFFFFFFFFFFFFFFFFFFFFFFFFFFFFFD5
:10BB8000FFFFFFFFFFFFFFFFFFFFFFFFFFFFFFFFC5
:10BB9000FFFFFFFFFFFFFFFFFFFFFFFFFFFFFFFFB5
:10BBA000FFFFFFFFFFFFFFFFFFFFFFFFFFFFFFFFA5
:10BBB000FFFFFFFFFFFFFFFFFFFFFFFFFFFFFFFF95
:10BBC000FFFFFFFFFFFFFFFFFFFFFFFFFFFFFFFF85
:10BBD000FFFFFFFFFFFFFFFFFFFFFFFFFFFFFFFF75
:10BBE000FFFFFFFFFFFFFFFFFFFFFFFFFFFFFFFF65
:10BBF000FFFFFFFFFFFFFFFFFFFFFFFFFFFFFFFF55
:10BC0000FFFFFFFFFFFFFFFFFFFFFFFFFFFFFFFF44
:10BC1000FFFFFFFFFFFFFFFFFFFFFFFFFFFFFFFF34
:10BC2000FFFFFFFFFFFFFFFFFFFFFFFFFFFFFFFF24
:10BC3000FFFFFFFFFFFFFFFFFFFFFFFFFFFFFFFF14
:10BC4000FFFFFFFFFFFFFFFFFFFFFFFFFFFFFFFF04
:10BC5000FFFFFFFFFFFFFFFFFFFFFFFFFFFFFFFFF4
:10BC6000FFFFFFFFFFFFFFFFFFFFFFFFFFFFFFFFE4
:10BC7000FFFFFFFFFFFFFFFFFFFFFFFFFFFFFFFFD4
:10BC8000FFFFFFFFFFFFFFFFFFFFFFFFFFFFFFFFC4
:10BC9000FFFFFFFFFFFFFFFFFFFFFFFFFFFFFFFFB4
:10BCA000FFFFFFFFFFFFFFFFFFFFFFFFFFFFFFFFA4
:10BCB000FFFFFFFFFFFFFFFFFFFFFFFFFFFFFFFF94
:10BCC000FFFFFFFFFFFFFFFFFFFFFFFFFFFFFFFF84
:10BCD000FFFFFFFFFFFFFFFFFFFFFFFFFFFFFFFF74
:10BCE000FFFFFFFFFFFFFFFFFFFFFFFFFFFFFFFF64
:10BCF000FFFFFFFFFFFFFFFFFFFFFFFFFFFFFFFF54
:10BD0000FFFFFFFFFFFFFFFFFFFFFFFFFFFFFFFF43
:10BD1000FFFFFFFFFFFFFFFFFFFFFFFFFFFFFFFF33
:10BD2000FFFFFFFFFFFFFFFFFFFFFFFFFFFFFFFF23
:10BD3000FFFFFFFFFFFFFFFFFFFFFFFFFFFFFFFF13
:10BD4000FFFFFFFFFFFFFFFFFFFFFFFFFFFFFFFF03
:10BD5000FFFFFFFFFFFFFFFFFFFFFFFFFFFFFFFFF3
:10BD6000FFFFFFFFFFFFFFFFFFFFFFFFFFFFFFFFE3
:10BD7000FFFFFFFFFFFFFFFFFFFFFFFFFFFFFFFFD3
:10BD8000FFFFFFFFFFFFFFFFFFFFFFFFFFFFFFFFC3
:10BD9000FFFFFFFFFFFFFFFFFFFFFFFFFFFFFFFFB3
:10BDA000FFFFFFFFFFFFFFFFFFFFFFFFFFFFFFFFA3
:10BDB000FFFFFFFFFFFFFFFFFFFFFFFFFFFFFFFF93
:10BDC000FFFFFFFFFFFFFFFFFFFFFFFFFFFFFFFF83
:10BDD000FFFFFFFFFFFFFFFFFFFFFFFFFFFFFFFF73
:10BDE000FFFFFFFFFFFFFFFFFFFFFFFFFFFFFFFF63
:10BDF000FFFFFFFFFFFFFFFFFFFFFFFFFFFFFFFF53
:10BE0000FFFFFFFFFFFFFFFFFFFFFFFFFFFFFFFF42
:10BE1000FFFFFFFFFFFFFFFFFFFFFFFFFFFFFFFF32
:10BE2000FFFFFFFFFFFFFFFFFFFFFFFFFFFFFFFF22
:10BE3000FFFFFFFFFFFFFFFFFFFFFFFFFFFFFFFF12
:10BE4000FFFFFFFFFFFFFFFFFFFFFFFFFFFFFFFF02
:10BE5000FFFFFFFFFFFFFFFFFFFFFFFFFFFFFFFFF2
:10BE6000FFFFFFFFFFFFFFFFFFFFFFFFFFFFFFFFE2
:10BE7000FFFFFFFFFFFFFFFFFFFFFFFFFFFFFFFFD2
:10BE8000FFFFFFFFFFFFFFFFFFFFFFFFFFFFFFFFC2
:10BE9000FFFFFFFFFFFFFFFFFFFFFFFFFFFFFFFFB2
:10BEA000FFFFFFFFFFFFFFFFFFFFFFFFFFFFFFFFA2
:10BEB000FFFFFFFFFFFFFFFFFFFFFFFFFFFFFFFF92
:10BEC000FFFFFFFFFFFFFFFFFFFFFFFFFFFFFFFF82
:10BED000FFFFFFFFFFFFFFFFFFFFFFFFFFFFFFFF72
:10BEE000FFFFFFFFFFFFFFFFFFFFFFFFFFFFFFFF62
:10BEF000FFFFFFFFFFFFFFFFFFFFFFFFFFFFFFFF52
:10BF0000FFFFFFFFFFFFFFFFFFFFFFFFFFFFFFFF41
:10BF1000FFFFFFFFFFFFFFFFFFFFFFFFFFFFFFFF31
:10BF2000FFFFFFFFFFFFFFFFFFFFFFFFFFFFFFFF21
:10BF3000FFFFFFFFFFFFFFFFFFFFFFFFFFFFFFFF11
:10BF4000FFFFFFFFFFFFFFFFFFFFFFFFFFFFFFFF01
:10BF5000FFFFFFFFFFFFFFFFFFFFFFFFFFFFFFFFF1
:10BF6000FFFFFFFFFFFFFFFFFFFFFFFFFFFFFFFFE1
:10BF7000FFFFFFFFFFFFFFFFFFFFFFFFFFFFFFFFD1
:10BF8000FFFFFFFFFFFFFFFFFFFFFFFFFFFFFFFFC1
:10BF9000FFFFFFFFFFFFFFFFFFFFFFFFFFFFFFFFB1
:10BFA000FFFFFFFFFFFFFFFFFFFFFFFFFFFFFFFFA1
:10BFB000FFFFFFFFFFFFFFFFFFFFFFFFFFFFFFFF91
:10BFC000FFFFFFFFFFFFFFFFFFFFFFFFFFFFFFFF81
:10BFD000FFFFFFFFFFFFFFFFFFFFFFFFFFFFFFFF71
:10BFE000FFFFFFFFFFFFFFFFFFFFFFFFFFFFFFFF61
:10BFF000FFFFFFFFFFFFFFFFFFFFFFFFFFFFFFFF51
:10C00000FFFFFFFFFFFFFFFFFFFFFFFFFFFFFFFF40
:10C01000FFFFFFFFFFFFFFFFFFFFFFFFFFFFFFFF30
:10C02000FFFFFFFFFFFFFFFFFFFFFFFFFFFFFFFF20
:10C03000FFFFFFFFFFFFFFFFFFFFFFFFFFFFFFFF10
:10C04000FFFFFFFFFFFFFFFFFFFFFFFFFFFFFFFF00
:10C05000FFFFFFFFFFFFFFFFFFFFFFFFFFFFFFFFF0
:10C06000FFFFFFFFFFFFFFFFFFFFFFFFFFFFFFFFE0
:10C07000FFFFFFFFFFFFFFFFFFFFFFFFFFFFFFFFD0
:10C08000FFFFFFFFFFFFFFFFFFFFFFFFFFFFFFFFC0
:10C09000FFFFFFFFFFFFFFFFFFFFFFFFFFFFFFFFB0
:10C0A000FFFFFFFFFFFFFFFFFFFFFFFFFFFFFFFFA0
:10C0B000FFFFFFFFFFFFFFFFFFFFFFFFFFFFFFFF90
:10C0C000FFFFFFFFFFFFFFFFFFFFFFFFFFFFFFFF80
:10C0D000FFFFFFFFFFFFFFFFFFFFFFFFFFFFFFFF70
:10C0E000FFFFFFFFFFFFFFFFFFFFFFFFFFFFFFFF60
:10C0F000FFFFFFFFFFFFFFFFFFFFFFFFFFFFFFFF50
:10C10000FFFFFFFFFFFFFFFFFFFFFFFFFFFFFFFF3F
:10C11000FFFFFFFFFFFFFFFFFFFFFFFFFFFFFFFF2F
:10C12000FFFFFFFFFFFFFFFFFFFFFFFFFFFFFFFF1F
:10C13000FFFFFFFFFFFFFFFFFFFFFFFFFFFFFFFF0F
:10C14000FFFFFFFFFFFFFFFFFFFFFFFFFFFFFFFFFF
:10C15000FFFFFFFFFFFFFFFFFFFFFFFFFFFFFFFFEF
:10C16000FFFFFFFFFFFFFFFFFFFFFFFFFFFFFFFFDF
:10C17000FFFFFFFFFFFFFFFFFFFFFFFFFFFFFFFFCF
:10C18000FFFFFFFFFFFFFFFFFFFFFFFFFFFFFFFFBF
:10C19000FFFFFFFFFFFFFFFFFFFFFFFFFFFFFFFFAF
:10C1A000FFFFFFFFFFFFFFFFFFFFFFFFFFFFFFFF9F
:10C1B000FFFFFFFFFFFFFFFFFFFFFFFFFFFFFFFF8F
:10C1C000FFFFFFFFFFFFFFFFFFFFFFFFFFFFFFFF7F
:10C1D000FFFFFFFFFFFFFFFFFFFFFFFFFFFFFFFF6F
:10C1E000FFFFFFFFFFFFFFFFFFFFFFFFFFFFFFFF5F
:10C1F000FFFFFFFFFFFFFFFFFFFFFFFFFFFFFFFF4F
:10C20000FFFFFFFFFFFFFFFFFFFFFFFFFFFFFFFF3E
:10C21000FFFFFFFFFFFFFFFFFFFFFFFFFFFFFFFF2E
:10C22000FFFFFFFFFFFFFFFFFFFFFFFFFFFFFFFF1E
:10C23000FFFFFFFFFFFFFFFFFFFFFFFFFFFFFFFF0E
:10C24000FFFFFFFFFFFFFFFFFFFFFFFFFFFFFFFFFE
:10C25000FFFFFFFFFFFFFFFFFFFFFFFFFFFFFFFFEE
:10C26000FFFFFFFFFFFFFFFFFFFFFFFFFFFFFFFFDE
:10C27000FFFFFFFFFFFFFFFFFFFFFFFFFFFFFFFFCE
:10C28000FFFFFFFFFFFFFFFFFFFFFFFFFFFFFFFFBE
:10C29000FFFFFFFFFFFFFFFFFFFFFFFFFFFFFFFFAE
:10C2A000FFFFFFFFFFFFFFFFFFFFFFFFFFFFFFFF9E
:10C2B000FFFFFFFFFFFFFFFFFFFFFFFFFFFFFFFF8E
:10C2C000FFFFFFFFFFFFFFFFFFFFFFFFFFFFFFFF7E
:10C2D000FFFFFFFFFFFFFFFFFFFFFFFFFFFFFFFF6E
:10C2E000FFFFFFFFFFFFFFFFFFFFFFFFFFFFFFFF5E
:10C2F000FFFFFFFFFFFFFFFFFFFFFFFFFFFFFFFF4E
:10C30000FFFFFFFFFFFFFFFFFFFFFFFFFFFFFFFF3D
:10C31000FFFFFFFFFFFFFFFFFFFFFFFFFFFFFFFF2D
:10C32000FFFFFFFFFFFFFFFFFFFFFFFFFFFFFFFF1D
:10C33000FFFFFFFFFFFFFFFFFFFFFFFFFFFFFFFF0D
:10C34000FFFFFFFFFFFFFFFFFFFFFFFFFFFFFFFFFD
:10C35000FFFFFFFFFFFFFFFFFFFFFFFFFFFFFFFFED
:10C36000FFFFFFFFFFFFFFFFFFFFFFFFFFFFFFFFDD
:10C37000FFFFFFFFFFFFFFFFFFFFFFFFFFFFFFFFCD
:10C38000FFFFFFFFFFFFFFFFFFFFFFFFFFFFFFFFBD
:10C39000FFFFFFFFFFFFFFFFFFFFFFFFFFFFFFFFAD
:10C3A000FFFFFFFFFFFFFFFFFFFFFFFFFFFFFFFF9D
:10C3B000FFFFFFFFFFFFFFFFFFFFFFFFFFFFFFFF8D
:10C3C000FFFFFFFFFFFFFFFFFFFFFFFFFFFFFFFF7D
:10C3D000FFFFFFFFFFFFFFFFFFFFFFFFFFFFFFFF6D
:10C3E000FFFFFFFFFFFFFFFFFFFFFFFFFFFFFFFF5D
:10C3F000FFFFFFFFFFFFFFFFFFFFFFFFFFFFFFFF4D
:10C40000FFFFFFFFFFFFFFFFFFFFFFFFFFFFFFFF3C
:10C41000FFFFFFFFFFFFFFFFFFFFFFFFFFFFFFFF2C
:10C42000FFFFFFFFFFFFFFFFFFFFFFFFFFFFFFFF1C
:10C43000FFFFFFFFFFFFFFFFFFFFFFFFFFFFFFFF0C
:10C44000FFFFFFFFFFFFFFFFFFFFFFFFFFFFFFFFFC
:10C45000FFFFFFFFFFFFFFFFFFFFFFFFFFFFFFFFEC
:10C46000FFFFFFFFFFFFFFFFFFFFFFFFFFFFFFFFDC
:10C47000FFFFFFFFFFFFFFFFFFFFFFFFFFFFFFFFCC
:10C48000FFFFFFFFFFFFFFFFFFFFFFFFFFFFFFFFBC
:10C49000FFFFFFFFFFFFFFFFFFFFFFFFFFFFFFFFAC
:10C4A000FFFFFFFFFFFFFFFFFFFFFFFFFFFFFFFF9C
:10C4B000FFFFFFFFFFFFFFFFFFFFFFFFFFFFFFFF8C
:10C4C000FFFFFFFFFFFFFFFFFFFFFFFFFFFFFFFF7C
:10C4D000FFFFFFFFFFFFFFFFFFFFFFFFFFFFFFFF6C
:10C4E000FFFFFFFFFFFFFFFFFFFFFFFFFFFFFFFF5C
:10C4F000FFFFFFFFFFFFFFFFFFFFFFFFFFFFFFFF4C
:10C50000FFFFFFFFFFFFFFFFFFFFFFFFFFFFFFFF3B
:10C51000FFFFFFFFFFFFFFFFFFFFFFFFFFFFFFFF2B
:10C52000FFFFFFFFFFFFFFFFFFFFFFFFFFFFFFFF1B
:10C53000FFFFFFFFFFFFFFFFFFFFFFFFFFFFFFFF0B
:10C54000FFFFFFFFFFFFFFFFFFFFFFFFFFFFFFFFFB
:10C55000FFFFFFFFFFFFFFFFFFFFFFFFFFFFFFFFEB
:10C56000FFFFFFFFFFFFFFFFFFFFFFFFFFFFFFFFDB
:10C57000FFFFFFFFFFFFFFFFFFFFFFFFFFFFFFFFCB
:10C58000FFFFFFFFFFFFFFFFFFFFFFFFFFFFFFFFBB
:10C59000FFFFFFFFFFFFFFFFFFFFFFFFFFFFFFFFAB
:10C5A000FFFFFFFFFFFFFFFFFFFFFFFFFFFFFFFF9B
:10C5B000FFFFFFFFFFFFFFFFFFFFFFFFFFFFFFFF8B
:10C5C000FFFFFFFFFFFFFFFFFFFFFFFFFFFFFFFF7B
:10C5D000FFFFFFFFFFFFFFFFFFFFFFFFFFFFFFFF6B
:10C5E000FFFFFFFFFFFFFFFFFFFFFFFFFFFFFFFF5B
:10C5F000FFFFFFFFFFFFFFFFFFFFFFFFFFFFFFFF4B
:10C60000FFFFFFFFFFFFFFFFFFFFFFFFFFFFFFFF3A
:10C61000FFFFFFFFFFFFFFFFFFFFFFFFFFFFFFFF2A
:10C62000FFFFFFFFFFFFFFFFFFFFFFFFFFFFFFFF1A
:10C63000FFFFFFFFFFFFFFFFFFFFFFFFFFFFFFFF0A
:10C64000FFFFFFFFFFFFFFFFFFFFFFFFFFFFFFFFFA
:10C65000FFFFFFFFFFFFFFFFFFFFFFFFFFFFFFFFEA
:10C66000FFFFFFFFFFFFFFFFFFFFFFFFFFFFFFFFDA
:10C67000FFFFFFFFFFFFFFFFFFFFFFFFFFFFFFFFCA
:10C68000FFFFFFFFFFFFFFFFFFFFFFFFFFFFFFFFBA
:10C69000FFFFFFFFFFFFFFFFFFFFFFFFFFFFFFFFAA
:10C6A000FFFFFFFFFFFFFFFFFFFFFFFFFFFFFFFF9A
:10C6B000FFFFFFFFFFFFFFFFFFFFFFFFFFFFFFFF8A
:10C6C000FFFFFFFFFFFFFFFFFFFFFFFFFFFFFFFF7A
:10C6D000FFFFFFFFFFFFFFFFFFFFFFFFFFFFFFFF6A
:10C6E000FFFFFFFFFFFFFFFFFFFFFFFFFFFFFFFF5A
:10C6F000FFFFFFFFFFFFFFFFFFFFFFFFFFFFFFFF4A
:10C70000FFFFFFFFFFFFFFFFFFFFFFFFFFFFFFFF39
:10C71000FFFFFFFFFFFFFFFFFFFFFFFFFFFFFFFF29
:10C72000FFFFFFFFFFFFFFFFFFFFFFFFFFFFFFFF19
:10C73000FFFFFFFFFFFFFFFFFFFFFFFFFFFFFFFF09
:10C74000FFFFFFFFFFFFFFFFFFFFFFFFFFFFFFFFF9
:10C75000FFFFFFFFFFFFFFFFFFFFFFFFFFFFFFFFE9
:10C76000FFFFFFFFFFFFFFFFFFFFFFFFFFFFFFFFD9
:10C77000FFFFFFFFFFFFFFFFFFFFFFFFFFFFFFFFC9
:10C78000FFFFFFFFFFFFFFFFFFFFFFFFFFFFFFFFB9
:10C79000FFFFFFFFFFFFFFFFFFFFFFFFFFFFFFFFA9
:10C7A000FFFFFFFFFFFFFFFFFFFFFFFFFFFFFFFF99
:10C7B000FFFFFFFFFFFFFFFFFFFFFFFFFFFFFFFF89
:10C7C000FFFFFFFFFFFFFFFFFFFFFFFFFFFFFFFF79
:10C7D000FFFFFFFFFFFFFFFFFFFFFFFFFFFFFFFF69
:10C7E000FFFFFFFFFFFFFFFFFFFFFFFFFFFFFFFF59
:10C7F000FFFFFFFFFFFFFFFFFFFFFFFFFFFFFFFF49
:10C80000FFFFFFFFFFFFFFFFFFFFFFFFFFFFFFFF38
:10C81000FFFFFFFFFFFFFFFFFFFFFFFFFFFFFFFF28
:10C82000FFFFFFFFFFFFFFFFFFFFFFFFFFFFFFFF18
:10C83000FFFFFFFFFFFFFFFFFFFFFFFFFFFFFFFF08
:10C84000FFFFFFFFFFFFFFFFFFFFFFFFFFFFFFFFF8
:10C85000FFFFFFFFFFFFFFFFFFFFFFFFFFFFFFFFE8
:10C86000FFFFFFFFFFFFFFFFFFFFFFFFFFFFFFFFD8
:10C87000FFFFFFFFFFFFFFFFFFFFFFFFFFFFFFFFC8
:10C88000FFFFFFFFFFFFFFFFFFFFFFFFFFFFFFFFB8
:10C89000FFFFFFFFFFFFFFFFFFFFFFFFFFFFFFFFA8
:10C8A000FFFFFFFFFFFFFFFFFFFFFFFFFFFFFFFF98
:10C8B000FFFFFFFFFFFFFFFFFFFFFFFFFFFFFFFF88
:10C8C000FFFFFFFFFFFFFFFFFFFFFFFFFFFFFFFF78
:10C8D000FFFFFFFFFFFFFFFFFFFFFFFFFFFFFFFF68
:10C8E000FFFFFFFFFFFFFFFFFFFFFFFFFFFFFFFF58
:10C8F000FFFFFFFFFFFFFFFFFFFFFFFFFFFFFFFF48
:10C90000FFFFFFFFFFFFFFFFFFFFFFFFFFFFFFFF37
:10C91000FFFFFFFFFFFFFFFFFFFFFFFFFFFFFFFF27
:10C92000FFFFFFFFFFFFFFFFFFFFFFFFFFFFFFFF17
:10C93000FFFFFFFFFFFFFFFFFFFFFFFFFFFFFFFF07
:10C94000FFFFFFFFFFFFFFFFFFFFFFFFFFFFFFFFF7
:10C95000FFFFFFFFFFFFFFFFFFFFFFFFFFFFFFFFE7
:10C96000FFFFFFFFFFFFFFFFFFFFFFFFFFFFFFFFD7
:10C97000FFFFFFFFFFFFFFFFFFFFFFFFFFFFFFFFC7
:10C98000FFFFFFFFFFFFFFFFFFFFFFFFFFFFFFFFB7
:10C99000FFFFFFFFFFFFFFFFFFFFFFFFFFFFFFFFA7
:10C9A000FFFFFFFFFFFFFFFFFFFFFFFFFFFFFFFF97
:10C9B000FFFFFFFFFFFFFFFFFFFFFFFFFFFFFFFF87
:10C9C000FFFFFFFFFFFFFFFFFFFFFFFFFFFFFFFF77
:10C9D000FFFFFFFFFFFFFFFFFFFFFFFFFFFFFFFF67
:10C9E000FFFFFFFFFFFFFFFFFFFFFFFFFFFFFFFF57
:10C9F000FFFFFFFFFFFFFFFFFFFFFFFFFFFFFFFF47
:10CA0000FFFFFFFFFFFFFFFFFFFFFFFFFFFFFFFF36
:10CA1000FFFFFFFFFFFFFFFFFFFFFFFFFFFFFFFF26
:10CA2000FFFFFFFFFFFFFFFFFFFFFFFFFFFFFFFF16
:10CA3000FFFFFFFFFFFFFFFFFFFFFFFFFFFFFFFF06
:10CA4000FFFFFFFFFFFFFFFFFFFFFFFFFFFFFFFFF6
:10CA5000FFFFFFFFFFFFFFFFFFFFFFFFFFFFFFFFE6
:10CA6000FFFFFFFFFFFFFFFFFFFFFFFFFFFFFFFFD6
:10CA7000FFFFFFFFFFFFFFFFFFFFFFFFFFFFFFFFC6
:10CA8000FFFFFFFFFFFFFFFFFFFFFFFFFFFFFFFFB6
:10CA9000FFFFFFFFFFFFFFFFFFFFFFFFFFFFFFFFA6
:10CAA000FFFFFFFFFFFFFFFFFFFFFFFFFFFFFFFF96
:10CAB000FFFFFFFFFFFFFFFFFFFFFFFFFFFFFFFF86
:10CAC000FFFFFFFFFFFFFFFFFFFFFFFFFFFFFFFF76
:10CAD000FFFFFFFFFFFFFFFFFFFFFFFFFFFFFFFF66
:10CAE000FFFFFFFFFFFFFFFFFFFFFFFFFFFFFFFF56
:10CAF000FFFFFFFFFFFFFFFFFFFFFFFFFFFFFFFF46
:10CB0000FFFFFFFFFFFFFFFFFFFFFFFFFFFFFFFF35
:10CB1000FFFFFFFFFFFFFFFFFFFFFFFFFFFFFFFF25
:10CB2000FFFFFFFFFFFFFFFFFFFFFFFFFFFFFFFF15
:10CB3000FFFFFFFFFFFFFFFFFFFFFFFFFFFFFFFF05
:10CB4000FFFFFFFFFFFFFFFFFFFFFFFFFFFFFFFFF5
:10CB5000FFFFFFFFFFFFFFFFFFFFFFFFFFFFFFFFE5
:10CB6000FFFFFFFFFFFFFFFFFFFFFFFFFFFFFFFFD5
:10CB7000FFFFFFFFFFFFFFFFFFFFFFFFFFFFFFFFC5
:10CB8000FFFFFFFFFFFFFFFFFFFFFFFFFFFFFFFFB5
:10CB9000FFFFFFFFFFFFFFFFFFFFFFFFFFFFFFFFA5
:10CBA000FFFFFFFFFFFFFFFFFFFFFFFFFFFFFFFF95
:10CBB000FFFFFFFFFFFFFFFFFFFFFFFFFFFFFFFF85
:10CBC000FFFFFFFFFFFFFFFFFFFFFFFFFFFFFFFF75
:10CBD000FFFFFFFFFFFFFFFFFFFFFFFFFFFFFFFF65
:10CBE000FFFFFFFFFFFFFFFFFFFFFFFFFFFFFFFF55
:10CBF000FFFFFFFFFFFFFFFFFFFFFFFFFFFFFFFF45
:10CC0000FFFFFFFFFFFFFFFFFFFFFFFFFFFFFFFF34
:10CC1000FFFFFFFFFFFFFFFFFFFFFFFFFFFFFFFF24
:10CC2000FFFFFFFFFFFFFFFFFFFFFFFFFFFFFFFF14
:10CC3000FFFFFFFFFFFFFFFFFFFFFFFFFFFFFFFF04
:10CC4000FFFFFFFFFFFFFFFFFFFFFFFFFFFFFFFFF4
:10CC5000FFFFFFFFFFFFFFFFFFFFFFFFFFFFFFFFE4
:10CC6000FFFFFFFFFFFFFFFFFFFFFFFFFFFFFFFFD4
:10CC7000FFFFFFFFFFFFFFFFFFFFFFFFFFFFFFFFC4
:10CC8000FFFFFFFFFFFFFFFFFFFFFFFFFFFFFFFFB4
:10CC9000FFFFFFFFFFFFFFFFFFFFFFFFFFFFFFFFA4
:10CCA000FFFFFFFFFFFFFFFFFFFFFFFFFFFFFFFF94
:10CCB000FFFFFFFFFFFFFFFFFFFFFFFFFFFFFFFF84
:10CCC000FFFFFFFFFFFFFFFFFFFFFFFFFFFFFFFF74
:10CCD000FFFFFFFFFFFFFFFFFFFFFFFFFFFFFFFF64
:10CCE000FFFFFFFFFFFFFFFFFFFFFFFFFFFFFFFF54
:10CCF000FFFFFFFFFFFFFFFFFFFFFFFFFFFFFFFF44
:10CD0000FFFFFFFFFFFFFFFFFFFFFFFFFFFFFFFF33
:10CD1000FFFFFFFFFFFFFFFFFFFFFFFFFFFFFFFF23
:10CD2000FFFFFFFFFFFFFFFFFFFFFFFFFFFFFFFF13
:10CD3000FFFFFFFFFFFFFFFFFFFFFFFFFFFFFFFF03
:10CD4000FFFFFFFFFFFFFFFFFFFFFFFFFFFFFFFFF3
:10CD5000FFFFFFFFFFFFFFFFFFFFFFFFFFFFFFFFE3
:10CD6000FFFFFFFFFFFFFFFFFFFFFFFFFFFFFFFFD3
:10CD7000FFFFFFFFFFFFFFFFFFFFFFFFFFFFFFFFC3
:10CD8000FFFFFFFFFFFFFFFFFFFFFFFFFFFFFFFFB3
:10CD9000FFFFFFFFFFFFFFFFFFFFFFFFFFFFFFFFA3
:10CDA000FFFFFFFFFFFFFFFFFFFFFFFFFFFFFFFF93
:10CDB000FFFFFFFFFFFFFFFFFFFFFFFFFFFFFFFF83
:10CDC000FFFFFFFFFFFFFFFFFFFFFFFFFFFFFFFF73
:10CDD000FFFFFFFFFFFFFFFFFFFFFFFFFFFFFFFF63
:10CDE000FFFFFFFFFFFFFFFFFFFFFFFFFFFFFFFF53
:10CDF000FFFFFFFFFFFFFFFFFFFFFFFFFFFFFFFF43
:10CE0000FFFFFFFFFFFFFFFFFFFFFFFFFFFFFFFF32
:10CE1000FFFFFFFFFFFFFFFFFFFFFFFFFFFFFFFF22
:10CE2000FFFFFFFFFFFFFFFFFFFFFFFFFFFFFFFF12
:10CE3000FFFFFFFFFFFFFFFFFFFFFFFFFFFFFFFF02
:10CE4000FFFFFFFFFFFFFFFFFFFFFFFFFFFFFFFFF2
:10CE5000FFFFFFFFFFFFFFFFFFFFFFFFFFFFFFFFE2
:10CE6000FFFFFFFFFFFFFFFFFFFFFFFFFFFFFFFFD2
:10CE7000FFFFFFFFFFFFFFFFFFFFFFFFFFFFFFFFC2
:10CE8000FFFFFFFFFFFFFFFFFFFFFFFFFFFFFFFFB2
:10CE9000FFFFFFFFFFFFFFFFFFFFFFFFFFFFFFFFA2
:10CEA000FFFFFFFFFFFFFFFFFFFFFFFFFFFFFFFF92
:10CEB000FFFFFFFFFFFFFFFFFFFFFFFFFFFFFFFF82
:10CEC000FFFFFFFFFFFFFFFFFFFFFFFFFFFFFFFF72
:10CED000FFFFFFFFFFFFFFFFFFFFFFFFFFFFFFFF62
:10CEE000FFFFFFFFFFFFFFFFFFFFFFFFFFFFFFFF52
:10CEF000FFFFFFFFFFFFFFFFFFFFFFFFFFFFFFFF42
:10CF0000FFFFFFFFFFFFFFFFFFFFFFFFFFFFFFFF31
:10CF1000FFFFFFFFFFFFFFFFFFFFFFFFFFFFFFFF21
:10CF2000FFFFFFFFFFFFFFFFFFFFFFFFFFFFFFFF11
:10CF3000FFFFFFFFFFFFFFFFFFFFFFFFFFFFFFFF01
:10CF4000FFFFFFFFFFFFFFFFFFFFFFFFFFFFFFFFF1
:10CF5000FFFFFFFFFFFFFFFFFFFFFFFFFFFFFFFFE1
:10CF6000FFFFFFFFFFFFFFFFFFFFFFFFFFFFFFFFD1
:10CF7000FFFFFFFFFFFFFFFFFFFFFFFFFFFFFFFFC1
:10CF8000FFFFFFFFFFFFFFFFFFFFFFFFFFFFFFFFB1
:10CF9000FFFFFFFFFFFFFFFFFFFFFFFFFFFFFFFFA1
:10CFA000FFFFFFFFFFFFFFFFFFFFFFFFFFFFFFFF91
:10CFB000FFFFFFFFFFFFFFFFFFFFFFFFFFFFFFFF81
:10CFC000FFFFFFFFFFFFFFFFFFFFFFFFFFFFFFFF71
:10CFD000FFFFFFFFFFFFFFFFFFFFFFFFFFFFFFFF61
:10CFE000FFFFFFFFFFFFFFFFFFFFFFFFFFFFFFFF51
:10CFF000FFFFFFFFFFFFFFFFFFFFFFFFFFFFFFFF41
:10D00000FFFFFFFFFFFFFFFFFFFFFFFFFFFFFFFF30
:10D01000FFFFFFFFFFFFFFFFFFFFFFFFFFFFFFFF20
:10D02000FFFFFFFFFFFFFFFFFFFFFFFFFFFFFFFF10
:10D03000FFFFFFFFFFFFFFFFFFFFFFFFFFFFFFFF00
:10D04000FFFFFFFFFFFFFFFFFFFFFFFFFFFFFFFFF0
:10D05000FFFFFFFFFFFFFFFFFFFFFFFFFFFFFFFFE0
:10D06000FFFFFFFFFFFFFFFFFFFFFFFFFFFFFFFFD0
:10D07000FFFFFFFFFFFFFFFFFFFFFFFFFFFFFFFFC0
:10D08000FFFFFFFFFFFFFFFFFFFFFFFFFFFFFFFFB0
:10D09000FFFFFFFFFFFFFFFFFFFFFFFFFFFFFFFFA0
:10D0A000FFFFFFFFFFFFFFFFFFFFFFFFFFFFFFFF90
:10D0B000FFFFFFFFFFFFFFFFFFFFFFFFFFFFFFFF80
:10D0C000FFFFFFFFFFFFFFFFFFFFFFFFFFFFFFFF70
:10D0D000FFFFFFFFFFFFFFFFFFFFFFFFFFFFFFFF60
:10D0E000FFFFFFFFFFFFFFFFFFFFFFFFFFFFFFFF50
:10D0F000FFFFFFFFFFFFFFFFFFFFFFFFFFFFFFFF40
:10D10000FFFFFFFFFFFFFFFFFFFFFFFFFFFFFFFF2F
:10D11000FFFFFFFFFFFFFFFFFFFFFFFFFFFFFFFF1F
:10D12000FFFFFFFFFFFFFFFFFFFFFFFFFFFFFFFF0F
:10D13000FFFFFFFFFFFFFFFFFFFFFFFFFFFFFFFFFF
:10D14000FFFFFFFFFFFFFFFFFFFFFFFFFFFFFFFFEF
:10D15000FFFFFFFFFFFFFFFFFFFFFFFFFFFFFFFFDF
:10D16000FFFFFFFFFFFFFFFFFFFFFFFFFFFFFFFFCF
:10D17000FFFFFFFFFFFFFFFFFFFFFFFFFFFFFFFFBF
:10D18000FFFFFFFFFFFFFFFFFFFFFFFFFFFFFFFFAF
:10D19000FFFFFFFFFFFFFFFFFFFFFFFFFFFFFFFF9F
:10D1A000FFFFFFFFFFFFFFFFFFFFFFFFFFFFFFFF8F
:10D1B000FFFFFFFFFFFFFFFFFFFFFFFFFFFFFFFF7F
:10D1C000FFFFFFFFFFFFFFFFFFFFFFFFFFFFFFFF6F
:10D1D000FFFFFFFFFFFFFFFFFFFFFFFFFFFFFFFF5F
:10D1E000FFFFFFFFFFFFFFFFFFFFFFFFFFFFFFFF4F
:10D1F000FFFFFFFFFFFFFFFFFFFFFFFFFFFFFFFF3F
:10D20000FFFFFFFFFFFFFFFFFFFFFFFFFFFFFFFF2E
:10D21000FFFFFFFFFFFFFFFFFFFFFFFFFFFFFFFF1E
:10D22000FFFFFFFFFFFFFFFFFFFFFFFFFFFFFFFF0E
:10D23000FFFFFFFFFFFFFFFFFFFFFFFFFFFFFFFFFE
:10D24000FFFFFFFFFFFFFFFFFFFFFFFFFFFFFFFFEE
:10D25000FFFFFFFFFFFFFFFFFFFFFFFFFFFFFFFFDE
:10D26000FFFFFFFFFFFFFFFFFFFFFFFFFFFFFFFFCE
:10D27000FFFFFFFFFFFFFFFFFFFFFFFFFFFFFFFFBE
:10D28000FFFFFFFFFFFFFFFFFFFFFFFFFFFFFFFFAE
:10D29000FFFFFFFFFFFFFFFFFFFFFFFFFFFFFFFF9E
:10D2A000FFFFFFFFFFFFFFFFFFFFFFFFFFFFFFFF8E
:10D2B000FFFFFFFFFFFFFFFFFFFFFFFFFFFFFFFF7E
:10D2C000FFFFFFFFFFFFFFFFFFFFFFFFFFFFFFFF6E
:10D2D000FFFFFFFFFFFFFFFFFFFFFFFFFFFFFFFF5E
:10D2E000FFFFFFFFFFFFFFFFFFFFFFFFFFFFFFFF4E
:10D2F000FFFFFFFFFFFFFFFFFFFFFFFFFFFFFFFF3E
:10D30000FFFFFFFFFFFFFFFFFFFFFFFFFFFFFFFF2D
:10D31000FFFFFFFFFFFFFFFFFFFFFFFFFFFFFFFF1D
:10D32000FFFFFFFFFFFFFFFFFFFFFFFFFFFFFFFF0D
:10D33000FFFFFFFFFFFFFFFFFFFFFFFFFFFFFFFFFD
:10D34000FFFFFFFFFFFFFFFFFFFFFFFFFFFFFFFFED
:10D35000FFFFFFFFFFFFFFFFFFFFFFFFFFFFFFFFDD
:10D36000FFFFFFFFFFFFFFFFFFFFFFFFFFFFFFFFCD
:10D37000FFFFFFFFFFFFFFFFFFFFFFFFFFFFFFFFBD
:10D38000FFFFFFFFFFFFFFFFFFFFFFFFFFFFFFFFAD
:10D39000FFFFFFFFFFFFFFFFFFFFFFFFFFFFFFFF9D
:10D3A000FFFFFFFFFFFFFFFFFFFFFFFFFFFFFFFF8D
:10D3B000FFFFFFFFFFFFFFFFFFFFFFFFFFFFFFFF7D
:10D3C000FFFFFFFFFFFFFFFFFFFFFFFFFFFFFFFF6D
:10D3D000FFFFFFFFFFFFFFFFFFFFFFFFFFFFFFFF5D
:10D3E000FFFFFFFFFFFFFFFFFFFFFFFFFFFFFFFF4D
:10D3F000FFFFFFFFFFFFFFFFFFFFFFFFFFFFFFFF3D
:10D40000FFFFFFFFFFFFFFFFFFFFFFFFFFFFFFFF2C
:10D41000FFFFFFFFFFFFFFFFFFFFFFFFFFFFFFFF1C
:10D42000FFFFFFFFFFFFFFFFFFFFFFFFFFFFFFFF0C
:10D43000FFFFFFFFFFFFFFFFFFFFFFFFFFFFFFFFFC
:10D44000FFFFFFFFFFFFFFFFFFFFFFFFFFFFFFFFEC
:10D45000FFFFFFFFFFFFFFFFFFFFFFFFFFFFFFFFDC
:10D46000FFFFFFFFFFFFFFFFFFFFFFFFFFFFFFFFCC
:10D47000FFFFFFFFFFFFFFFFFFFFFFFFFFFFFFFFBC
:10D48000FFFFFFFFFFFFFFFFFFFFFFFFFFFFFFFFAC
:10D49000FFFFFFFFFFFFFFFFFFFFFFFFFFFFFFFF9C
:10D4A000FFFFFFFFFFFFFFFFFFFFFFFFFFFFFFFF8C
:10D4B000FFFFFFFFFFFFFFFFFFFFFFFFFFFFFFFF7C
:10D4C000FFFFFFFFFFFFFFFFFFFFFFFFFFFFFFFF6C
:10D4D000FFFFFFFFFFFFFFFFFFFFFFFFFFFFFFFF5C
:10D4E000FFFFFFFFFFFFFFFFFFFFFFFFFFFFFFFF4C
:10D4F000FFFFFFFFFFFFFFFFFFFFFFFFFFFFFFFF3C
:10D50000FFFFFFFFFFFFFFFFFFFFFFFFFFFFFFFF2B
:10D51000FFFFFFFFFFFFFFFFFFFFFFFFFFFFFFFF1B
:10D52000FFFFFFFFFFFFFFFFFFFFFFFFFFFFFFFF0B
:10D53000FFFFFFFFFFFFFFFFFFFFFFFFFFFFFFFFFB
:10D54000FFFFFFFFFFFFFFFFFFFFFFFFFFFFFFFFEB
:10D55000FFFFFFFFFFFFFFFFFFFFFFFFFFFFFFFFDB
:10D56000FFFFFFFFFFFFFFFFFFFFFFFFFFFFFFFFCB
:10D57000FFFFFFFFFFFFFFFFFFFFFFFFFFFFFFFFBB
:10D58000FFFFFFFFFFFFFFFFFFFFFFFFFFFFFFFFAB
:10D59000FFFFFFFFFFFFFFFFFFFFFFFFFFFFFFFF9B
:10D5A000FFFFFFFFFFFFFFFFFFFFFFFFFFFFFFFF8B
:10D5B000FFFFFFFFFFFFFFFFFFFFFFFFFFFFFFFF7B
:10D5C000FFFFFFFFFFFFFFFFFFFFFFFFFFFFFFFF6B
:10D5D000FFFFFFFFFFFFFFFFFFFFFFFFFFFFFFFF5B
:10D5E000FFFFFFFFFFFFFFFFFFFFFFFFFFFFFFFF4B
:10D5F000FFFFFFFFFFFFFFFFFFFFFFFFFFFFFFFF3B
:10D60000FFFFFFFFFFFFFFFFFFFFFFFFFFFFFFFF2A
:10D61000FFFFFFFFFFFFFFFFFFFFFFFFFFFFFFFF1A
:10D62000FFFFFFFFFFFFFFFFFFFFFFFFFFFFFFFF0A
:10D63000FFFFFFFFFFFFFFFFFFFFFFFFFFFFFFFFFA
:10D64000FFFFFFFFFFFFFFFFFFFFFFFFFFFFFFFFEA
:10D65000FFFFFFFFFFFFFFFFFFFFFFFFFFFFFFFFDA
:10D66000FFFFFFFFFFFFFFFFFFFFFFFFFFFFFFFFCA
:10D67000FFFFFFFFFFFFFFFFFFFFFFFFFFFFFFFFBA
:10D68000FFFFFFFFFFFFFFFFFFFFFFFFFFFFFFFFAA
:10D69000FFFFFFFFFFFFFFFFFFFFFFFFFFFFFFFF9A
:10D6A000FFFFFFFFFFFFFFFFFFFFFFFFFFFFFFFF8A
:10D6B000FFFFFFFFFFFFFFFFFFFFFFFFFFFFFFFF7A
:10D6C000FFFFFFFFFFFFFFFFFFFFFFFFFFFFFFFF6A
:10D6D000FFFFFFFFFFFFFFFFFFFFFFFFFFFFFFFF5A
:10D6E000FFFFFFFFFFFFFFFFFFFFFFFFFFFFFFFF4A
:10D6F000FFFFFFFFFFFFFFFFFFFFFFFFFFFFFFFF3A
:10D70000FFFFFFFFFFFFFFFFFFFFFFFFFFFFFFFF29
:10D71000FFFFFFFFFFFFFFFFFFFFFFFFFFFFFFFF19
:10D72000FFFFFFFFFFFFFFFFFFFFFFFFFFFFFFFF09
:10D73000FFFFFFFFFFFFFFFFFFFFFFFFFFFFFFFFF9
:10D74000FFFFFFFFFFFFFFFFFFFFFFFFFFFFFFFFE9
:10D75000FFFFFFFFFFFFFFFFFFFFFFFFFFFFFFFFD9
:10D76000FFFFFFFFFFFFFFFFFFFFFFFFFFFFFFFFC9
:10D77000FFFFFFFFFFFFFFFFFFFFFFFFFFFFFFFFB9
:10D78000FFFFFFFFFFFFFFFFFFFFFFFFFFFFFFFFA9
:10D79000FFFFFFFFFFFFFFFFFFFFFFFFFFFFFFFF99
:10D7A000FFFFFFFFFFFFFFFFFFFFFFFFFFFFFFFF89
:10D7B000FFFFFFFFFFFFFFFFFFFFFFFFFFFFFFFF79
:10D7C000FFFFFFFFFFFFFFFFFFFFFFFFFFFFFFFF69
:10D7D000FFFFFFFFFFFFFFFFFFFFFFFFFFFFFFFF59
:10D7E000FFFFFFFFFFFFFFFFFFFFFFFFFFFFFFFF49
:10D7F000FFFFFFFFFFFFFFFFFFFFFFFFFFFFFFFF39
:10D80000FFFFFFFFFFFFFFFFFFFFFFFFFFFFFFFF28
:10D81000FFFFFFFFFFFFFFFFFFFFFFFFFFFFFFFF18
:10D82000FFFFFFFFFFFFFFFFFFFFFFFFFFFFFFFF08
:10D83000FFFFFFFFFFFFFFFFFFFFFFFFFFFFFFFFF8
:10D84000FFFFFFFFFFFFFFFFFFFFFFFFFFFFFFFFE8
:10D85000FFFFFFFFFFFFFFFFFFFFFFFFFFFFFFFFD8
:10D86000FFFFFFFFFFFFFFFFFFFFFFFFFFFFFFFFC8
:10D87000FFFFFFFFFFFFFFFFFFFFFFFFFFFFFFFFB8
:10D88000FFFFFFFFFFFFFFFFFFFFFFFFFFFFFFFFA8
:10D89000FFFFFFFFFFFFFFFFFFFFFFFFFFFFFFFF98
:10D8A000FFFFFFFFFFFFFFFFFFFFFFFFFFFFFFFF88
:10D8B000FFFFFFFFFFFFFFFFFFFFFFFFFFFFFFFF78
:10D8C000FFFFFFFFFFFFFFFFFFFFFFFFFFFFFFFF68
:10D8D000FFFFFFFFFFFFFFFFFFFFFFFFFFFFFFFF58
:10D8E000FFFFFFFFFFFFFFFFFFFFFFFFFFFFFFFF48
:10D8F000FFFFFFFFFFFFFFFFFFFFFFFFFFFFFFFF38
:10D90000FFFFFFFFFFFFFFFFFFFFFFFFFFFFFFFF27
:10D91000FFFFFFFFFFFFFFFFFFFFFFFFFFFFFFFF17
:10D92000FFFFFFFFFFFFFFFFFFFFFFFFFFFFFFFF07
:10D93000FFFFFFFFFFFFFFFFFFFFFFFFFFFFFFFFF7
:10D94000FFFFFFFFFFFFFFFFFFFFFFFFFFFFFFFFE7
:10D95000FFFFFFFFFFFFFFFFFFFFFFFFFFFFFFFFD7
:10D96000FFFFFFFFFFFFFFFFFFFFFFFFFFFFFFFFC7
:10D97000FFFFFFFFFFFFFFFFFFFFFFFFFFFFFFFFB7
:10D98000FFFFFFFFFFFFFFFFFFFFFFFFFFFFFFFFA7
:10D99000FFFFFFFFFFFFFFFFFFFFFFFFFFFFFFFF97
:10D9A000FFFFFFFFFFFFFFFFFFFFFFFFFFFFFFFF87
:10D9B000FFFFFFFFFFFFFFFFFFFFFFFFFFFFFFFF77
:10D9C000FFFFFFFFFFFFFFFFFFFFFFFFFFFFFFFF67
:10D9D000FFFFFFFFFFFFFFFFFFFFFFFFFFFFFFFF57
:10D9E000FFFFFFFFFFFFFFFFFFFFFFFFFFFFFFFF47
:10D9F000FFFFFFFFFFFFFFFFFFFFFFFFFFFFFFFF37
:10DA0000FFFFFFFFFFFFFFFFFFFFFFFFFFFFFFFF26
:10DA1000FFFFFFFFFFFFFFFFFFFFFFFFFFFFFFFF16
:10DA2000FFFFFFFFFFFFFFFFFFFFFFFFFFFFFFFF06
:10DA3000FFFFFFFFFFFFFFFFFFFFFFFFFFFFFFFFF6
:10DA4000FFFFFFFFFFFFFFFFFFFFFFFFFFFFFFFFE6
:10DA5000FFFFFFFFFFFFFFFFFFFFFFFFFFFFFFFFD6
:10DA6000FFFFFFFFFFFFFFFFFFFFFFFFFFFFFFFFC6
:10DA7000FFFFFFFFFFFFFFFFFFFFFFFFFFFFFFFFB6
:10DA8000FFFFFFFFFFFFFFFFFFFFFFFFFFFFFFFFA6
:10DA9000FFFFFFFFFFFFFFFFFFFFFFFFFFFFFFFF96
:10DAA000FFFFFFFFFFFFFFFFFFFFFFFFFFFFFFFF86
:10DAB000FFFFFFFFFFFFFFFFFFFFFFFFFFFFFFFF76
:10DAC000FFFFFFFFFFFFFFFFFFFFFFFFFFFFFFFF66
:10DAD000FFFFFFFFFFFFFFFFFFFFFFFFFFFFFFFF56
:10DAE000FFFFFFFFFFFFFFFFFFFFFFFFFFFFFFFF46
:10DAF000FFFFFFFFFFFFFFFFFFFFFFFFFFFFFFFF36
:10DB0000FFFFFFFFFFFFFFFFFFFFFFFFFFFFFFFF25
:10DB1000FFFFFFFFFFFFFFFFFFFFFFFFFFFFFFFF15
:10DB2000FFFFFFFFFFFFFFFFFFFFFFFFFFFFFFFF05
:10DB3000FFFFFFFFFFFFFFFFFFFFFFFFFFFFFFFFF5
:10DB4000FFFFFFFFFFFFFFFFFFFFFFFFFFFFFFFFE5
:10DB5000FFFFFFFFFFFFFFFFFFFFFFFFFFFFFFFFD5
:10DB6000FFFFFFFFFFFFFFFFFFFFFFFFFFFFFFFFC5
:10DB7000FFFFFFFFFFFFFFFFFFFFFFFFFFFFFFFFB5
:10DB8000FFFFFFFFFFFFFFFFFFFFFFFFFFFFFFFFA5
:10DB9000FFFFFFFFFFFFFFFFFFFFFFFFFFFFFFFF95
:10DBA000FFFFFFFFFFFFFFFFFFFFFFFFFFFFFFFF85
:10DBB000FFFFFFFFFFFFFFFFFFFFFFFFFFFFFFFF75
:10DBC000FFFFFFFFFFFFFFFFFFFFFFFFFFFFFFFF65
:10DBD000FFFFFFFFFFFFFFFFFFFFFFFFFFFFFFFF55
:10DBE000FFFFFFFFFFFFFFFFFFFFFFFFFFFFFFFF45
:10DBF000FFFFFFFFFFFFFFFFFFFFFFFFFFFFFFFF35
:10DC0000FFFFFFFFFFFFFFFFFFFFFFFFFFFFFFFF24
:10DC1000FFFFFFFFFFFFFFFFFFFFFFFFFFFFFFFF14
:10DC2000FFFFFFFFFFFFFFFFFFFFFFFFFFFFFFFF04
:10DC3000FFFFFFFFFFFFFFFFFFFFFFFFFFFFFFFFF4
:10DC4000FFFFFFFFFFFFFFFFFFFFFFFFFFFFFFFFE4
:10DC5000FFFFFFFFFFFFFFFFFFFFFFFFFFFFFFFFD4
:10DC6000FFFFFFFFFFFFFFFFFFFFFFFFFFFFFFFFC4
:10DC7000FFFFFFFFFFFFFFFFFFFFFFFFFFFFFFFFB4
:10DC8000FFFFFFFFFFFFFFFFFFFFFFFFFFFFFFFFA4
:10DC9000FFFFFFFFFFFFFFFFFFFFFFFFFFFFFFFF94
:10DCA000FFFFFFFFFFFFFFFFFFFFFFFFFFFFFFFF84
:10DCB000FFFFFFFFFFFFFFFFFFFFFFFFFFFFFFFF74
:10DCC000FFFFFFFFFFFFFFFFFFFFFFFFFFFFFFFF64
:10DCD000FFFFFFFFFFFFFFFFFFFFFFFFFFFFFFFF54
:10DCE000FFFFFFFFFFFFFFFFFFFFFFFFFFFFFFFF44
:10DCF000FFFFFFFFFFFFFFFFFFFFFFFFFFFFFFFF34
:10DD0000FFFFFFFFFFFFFFFFFFFFFFFFFFFFFFFF23
:10DD1000FFFFFFFFFFFFFFFFFFFFFFFFFFFFFFFF13
:10DD2000FFFFFFFFFFFFFFFFFFFFFFFFFFFFFFFF03
:10DD3000FFFFFFFFFFFFFFFFFFFFFFFFFFFFFFFFF3
:10DD4000FFFFFFFFFFFFFFFFFFFFFFFFFFFFFFFFE3
:10DD5000FFFFFFFFFFFFFFFFFFFFFFFFFFFFFFFFD3
:10DD6000FFFFFFFFFFFFFFFFFFFFFFFFFFFFFFFFC3
:10DD7000FFFFFFFFFFFFFFFFFFFFFFFFFFFFFFFFB3
:10DD8000FFFFFFFFFFFFFFFFFFFFFFFFFFFFFFFFA3
:10DD9000FFFFFFFFFFFFFFFFFFFFFFFFFFFFFFFF93
:10DDA000FFFFFFFFFFFFFFFFFFFFFFFFFFFFFFFF83
:10DDB000FFFFFFFFFFFFFFFFFFFFFFFFFFFFFFFF73
:10DDC000FFFFFFFFFFFFFFFFFFFFFFFFFFFFFFFF63
:10DDD000FFFFFFFFFFFFFFFFFFFFFFFFFFFFFFFF53
:10DDE000FFFFFFFFFFFFFFFFFFFFFFFFFFFFFFFF43
:10DDF000FFFFFFFFFFFFFFFFFFFFFFFFFFFFFFFF33
:10DE0000FFFFFFFFFFFFFFFFFFFFFFFFFFFFFFFF22
:10DE1000FFFFFFFFFFFFFFFFFFFFFFFFFFFFFFFF12
:10DE2000FFFFFFFFFFFFFFFFFFFFFFFFFFFFFFFF02
:10DE3000FFFFFFFFFFFFFFFFFFFFFFFFFFFFFFFFF2
:10DE4000FFFFFFFFFFFFFFFFFFFFFFFFFFFFFFFFE2
:10DE5000FFFFFFFFFFFFFFFFFFFFFFFFFFFFFFFFD2
:10DE6000FFFFFFFFFFFFFFFFFFFFFFFFFFFFFFFFC2
:10DE7000FFFFFFFFFFFFFFFFFFFFFFFFFFFFFFFFB2
:10DE8000FFFFFFFFFFFFFFFFFFFFFFFFFFFFFFFFA2
:10DE9000FFFFFFFFFFFFFFFFFFFFFFFFFFFFFFFF92
:10DEA000FFFFFFFFFFFFFFFFFFFFFFFFFFFFFFFF82
:10DEB000FFFFFFFFFFFFFFFFFFFFFFFFFFFFFFFF72
:10DEC000FFFFFFFFFFFFFFFFFFFFFFFFFFFFFFFF62
:10DED000FFFFFFFFFFFFFFFFFFFFFFFFFFFFFFFF52
:10DEE000FFFFFFFFFFFFFFFFFFFFFFFFFFFFFFFF42
:10DEF000FFFFFFFFFFFFFFFFFFFFFFFFFFFFFFFF32
:10DF0000FFFFFFFFFFFFFFFFFFFFFFFFFFFFFFFF21
:10DF1000FFFFFFFFFFFFFFFFFFFFFFFFFFFFFFFF11
:10DF2000FFFFFFFFFFFFFFFFFFFFFFFFFFFFFFFF01
:10DF3000FFFFFFFFFFFFFFFFFFFFFFFFFFFFFFFFF1
:10DF4000FFFFFFFFFFFFFFFFFFFFFFFFFFFFFFFFE1
:10DF5000FFFFFFFFFFFFFFFFFFFFFFFFFFFFFFFFD1
:10DF6000FFFFFFFFFFFFFFFFFFFFFFFFFFFFFFFFC1
:10DF7000FFFFFFFFFFFFFFFFFFFFFFFFFFFFFFFFB1
:10DF8000FFFFFFFFFFFFFFFFFFFFFFFFFFFFFFFFA1
:10DF9000FFFFFFFFFFFFFFFFFFFFFFFFFFFFFFFF91
:10DFA000FFFFFFFFFFFFFFFFFFFFFFFFFFFFFFFF81
:10DFB000FFFFFFFFFFFFFFFFFFFFFFFFFFFFFFFF71
:10DFC000FFFFFFFFFFFFFFFFFFFFFFFFFFFFFFFF61
:10DFD000FFFFFFFFFFFFFFFFFFFFFFFFFFFFFFFF51
:10DFE000FFFFFFFFFFFFFFFFFFFFFFFFFFFFFFFF41
:10DFF000FFFFFFFFFFFFFFFFFFFFFFFFFFFFFFFF31
:10E00000FFFFFFFFFFFFFFFFFFFFFFFFFFFFFFFF20
:10E01000FFFFFFFFFFFFFFFFFFFFFFFFFFFFFFFF10
:10E02000FFFFFFFFFFFFFFFFFFFFFFFFFFFFFFFF00
:10E03000FFFFFFFFFFFFFFFFFFFFFFFFFFFFFFFFF0
:10E04000FFFFFFFFFFFFFFFFFFFFFFFFFFFFFFFFE0
:10E05000FFFFFFFFFFFFFFFFFFFFFFFFFFFFFFFFD0
:10E06000FFFFFFFFFFFFFFFFFFFFFFFFFFFFFFFFC0
:10E07000FFFFFFFFFFFFFFFFFFFFFFFFFFFFFFFFB0
:10E08000FFFFFFFFFFFFFFFFFFFFFFFFFFFFFFFFA0
:10E09000FFFFFFFFFFFFFFFFFFFFFFFFFFFFFFFF90
:10E0A000FFFFFFFFFFFFFFFFFFFFFFFFFFFFFFFF80
:10E0B000FFFFFFFFFFFFFFFFFFFFFFFFFFFFFFFF70
:10E0C000FFFFFFFFFFFFFFFFFFFFFFFFFFFFFFFF60
:10E0D000FFFFFFFFFFFFFFFFFFFFFFFFFFFFFFFF50
:10E0E000FFFFFFFFFFFFFFFFFFFFFFFFFFFFFFFF40
:10E0F000FFFFFFFFFFFFFFFFFFFFFFFFFFFFFFFF30
:10E10000FFFFFFFFFFFFFFFFFFFFFFFFFFFFFFFF1F
:10E11000FFFFFFFFFFFFFFFFFFFFFFFFFFFFFFFF0F
:10E12000FFFFFFFFFFFFFFFFFFFFFFFFFFFFFFFFFF
:10E13000FFFFFFFFFFFFFFFFFFFFFFFFFFFFFFFFEF
:10E14000FFFFFFFFFFFFFFFFFFFFFFFFFFFFFFFFDF
:10E15000FFFFFFFFFFFFFFFFFFFFFFFFFFFFFFFFCF
:10E16000FFFFFFFFFFFFFFFFFFFFFFFFFFFFFFFFBF
:10E17000FFFFFFFFFFFFFFFFFFFFFFFFFFFFFFFFAF
:10E18000FFFFFFFFFFFFFFFFFFFFFFFFFFFFFFFF9F
:10E19000FFFFFFFFFFFFFFFFFFFFFFFFFFFFFFFF8F
:10E1A000FFFFFFFFFFFFFFFFFFFFFFFFFFFFFFFF7F
:10E1B000FFFFFFFFFFFFFFFFFFFFFFFFFFFFFFFF6F
:10E1C000FFFFFFFFFFFFFFFFFFFFFFFFFFFFFFFF5F
:10E1D000FFFFFFFFFFFFFFFFFFFFFFFFFFFFFFFF4F
:10E1E000FFFFFFFFFFFFFFFFFFFFFFFFFFFFFFFF3F
:10E1F000FFFFFFFFFFFFFFFFFFFFFFFFFFFFFFFF2F
:10E20000FFFFFFFFFFFFFFFFFFFFFFFFFFFFFFFF1E
:10E21000FFFFFFFFFFFFFFFFFFFFFFFFFFFFFFFF0E
:10E22000FFFFFFFFFFFFFFFFFFFFFFFFFFFFFFFFFE
:10E23000FFFFFFFFFFFFFFFFFFFFFFFFFFFFFFFFEE
:10E24000FFFFFFFFFFFFFFFFFFFFFFFFFFFFFFFFDE
:10E25000FFFFFFFFFFFFFFFFFFFFFFFFFFFFFFFFCE
:10E26000FFFFFFFFFFFFFFFFFFFFFFFFFFFFFFFFBE
:10E27000FFFFFFFFFFFFFFFFFFFFFFFFFFFFFFFFAE
:10E28000FFFFFFFFFFFFFFFFFFFFFFFFFFFFFFFF9E
:10E29000FFFFFFFFFFFFFFFFFFFFFFFFFFFFFFFF8E
:10E2A000FFFFFFFFFFFFFFFFFFFFFFFFFFFFFFFF7E
:10E2B000FFFFFFFFFFFFFFFFFFFFFFFFFFFFFFFF6E
:10E2C000FFFFFFFFFFFFFFFFFFFFFFFFFFFFFFFF5E
:10E2D000FFFFFFFFFFFFFFFFFFFFFFFFFFFFFFFF4E
:10E2E000FFFFFFFFFFFFFFFFFFFFFFFFFFFFFFFF3E
:10E2F000FFFFFFFFFFFFFFFFFFFFFFFFFFFFFFFF2E
:10E30000FFFFFFFFFFFFFFFFFFFFFFFFFFFFFFFF1D
:10E31000FFFFFFFFFFFFFFFFFFFFFFFFFFFFFFFF0D
:10E32000FFFFFFFFFFFFFFFFFFFFFFFFFFFFFFFFFD
:10E33000FFFFFFFFFFFFFFFFFFFFFFFFFFFFFFFFED
:10E34000FFFFFFFFFFFFFFFFFFFFFFFFFFFFFFFFDD
:10E35000FFFFFFFFFFFFFFFFFFFFFFFFFFFFFFFFCD
:10E36000FFFFFFFFFFFFFFFFFFFFFFFFFFFFFFFFBD
:10E37000FFFFFFFFFFFFFFFFFFFFFFFFFFFFFFFFAD
:10E38000FFFFFFFFFFFFFFFFFFFFFFFFFFFFFFFF9D
:10E39000FFFFFFFFFFFFFFFFFFFFFFFFFFFFFFFF8D
:10E3A000FFFFFFFFFFFFFFFFFFFFFFFFFFFFFFFF7D
:10E3B000FFFFFFFFFFFFFFFFFFFFFFFFFFFFFFFF6D
:10E3C000FFFFFFFFFFFFFFFFFFFFFFFFFFFFFFFF5D
:10E3D000FFFFFFFFFFFFFFFFFFFFFFFFFFFFFFFF4D
:10E3E000FFFFFFFFFFFFFFFFFFFFFFFFFFFFFFFF3D
:10E3F000FFFFFFFFFFFFFFFFFFFFFFFFFFFFFFFF2D
:10E40000FFFFFFFFFFFFFFFFFFFFFFFFFFFFFFFF1C
:10E41000FFFFFFFFFFFFFFFFFFFFFFFFFFFFFFFF0C
:10E42000FFFFFFFFFFFFFFFFFFFFFFFFFFFFFFFFFC
:10E43000FFFFFFFFFFFFFFFFFFFFFFFFFFFFFFFFEC
:10E44000FFFFFFFFFFFFFFFFFFFFFFFFFFFFFFFFDC
:10E45000FFFFFFFFFFFFFFFFFFFFFFFFFFFFFFFFCC
:10E46000FFFFFFFFFFFFFFFFFFFFFFFFFFFFFFFFBC
:10E47000FFFFFFFFFFFFFFFFFFFFFFFFFFFFFFFFAC
:10E48000FFFFFFFFFFFFFFFFFFFFFFFFFFFFFFFF9C
:10E49000FFFFFFFFFFFFFFFFFFFFFFFFFFFFFFFF8C
:10E4A000FFFFFFFFFFFFFFFFFFFFFFFFFFFFFFFF7C
:10E4B000FFFFFFFFFFFFFFFFFFFFFFFFFFFFFFFF6C
:10E4C000FFFFFFFFFFFFFFFFFFFFFFFFFFFFFFFF5C
:10E4D000FFFFFFFFFFFFFFFFFFFFFFFFFFFFFFFF4C
:10E4E000FFFFFFFFFFFFFFFFFFFFFFFFFFFFFFFF3C
:10E4F000FFFFFFFFFFFFFFFFFFFFFFFFFFFFFFFF2C
:10E50000FFFFFFFFFFFFFFFFFFFFFFFFFFFFFFFF1B
:10E51000FFFFFFFFFFFFFFFFFFFFFFFFFFFFFFFF0B
:10E52000FFFFFFFFFFFFFFFFFFFFFFFFFFFFFFFFFB
:10E53000FFFFFFFFFFFFFFFFFFFFFFFFFFFFFFFFEB
:10E54000FFFFFFFFFFFFFFFFFFFFFFFFFFFFFFFFDB
:10E55000FFFFFFFFFFFFFFFFFFFFFFFFFFFFFFFFCB
:10E56000FFFFFFFFFFFFFFFFFFFFFFFFFFFFFFFFBB
:10E57000FFFFFFFFFFFFFFFFFFFFFFFFFFFFFFFFAB
:10E58000FFFFFFFFFFFFFFFFFFFFFFFFFFFFFFFF9B
:10E59000FFFFFFFFFFFFFFFFFFFFFFFFFFFFFFFF8B
:10E5A000FFFFFFFFFFFFFFFFFFFFFFFFFFFFFFFF7B
:10E5B000FFFFFFFFFFFFFFFFFFFFFFFFFFFFFFFF6B
:10E5C000FFFFFFFFFFFFFFFFFFFFFFFFFFFFFFFF5B
:10E5D000FFFFFFFFFFFFFFFFFFFFFFFFFFFFFFFF4B
:10E5E000FFFFFFFFFFFFFFFFFFFFFFFFFFFFFFFF3B
:10E5F000FFFFFFFFFFFFFFFFFFFFFFFFFFFFFFFF2B
:10E60000FFFFFFFFFFFFFFFFFFFFFFFFFFFFFFFF1A
:10E61000FFFFFFFFFFFFFFFFFFFFFFFFFFFFFFFF0A
:10E62000FFFFFFFFFFFFFFFFFFFFFFFFFFFFFFFFFA
:10E63000FFFFFFFFFFFFFFFFFFFFFFFFFFFFFFFFEA
:10E64000FFFFFFFFFFFFFFFFFFFFFFFFFFFFFFFFDA
:10E65000FFFFFFFFFFFFFFFFFFFFFFFFFFFFFFFFCA
:10E66000FFFFFFFFFFFFFFFFFFFFFFFFFFFFFFFFBA
:10E67000FFFFFFFFFFFFFFFFFFFFFFFFFFFFFFFFAA
:10E68000FFFFFFFFFFFFFFFFFFFFFFFFFFFFFFFF9A
:10E69000FFFFFFFFFFFFFFFFFFFFFFFFFFFFFFFF8A
:10E6A000FFFFFFFFFFFFFFFFFFFFFFFFFFFFFFFF7A
:10E6B000FFFFFFFFFFFFFFFFFFFFFFFFFFFFFFFF6A
:10E6C000FFFFFFFFFFFFFFFFFFFFFFFFFFFFFFFF5A
:10E6D000FFFFFFFFFFFFFFFFFFFFFFFFFFFFFFFF4A
:10E6E000FFFFFFFFFFFFFFFFFFFFFFFFFFFFFFFF3A
:10E6F000FFFFFFFFFFFFFFFFFFFFFFFFFFFFFFFF2A
:10E70000FFFFFFFFFFFFFFFFFFFFFFFFFFFFFFFF19
:10E71000FFFFFFFFFFFFFFFFFFFFFFFFFFFFFFFF09
:10E72000FFFFFFFFFFFFFFFFFFFFFFFFFFFFFFFFF9
:10E73000FFFFFFFFFFFFFFFFFFFFFFFFFFFFFFFFE9
:10E74000FFFFFFFFFFFFFFFFFFFFFFFFFFFFFFFFD9
:10E75000FFFFFFFFFFFFFFFFFFFFFFFFFFFFFFFFC9
:10E76000FFFFFFFFFFFFFFFFFFFFFFFFFFFFFFFFB9
:10E77000FFFFFFFFFFFFFFFFFFFFFFFFFFFFFFFFA9
:10E78000FFFFFFFFFFFFFFFFFFFFFFFFFFFFFFFF99
:10E79000FFFFFFFFFFFFFFFFFFFFFFFFFFFFFFFF89
:10E7A000FFFFFFFFFFFFFFFFFFFFFFFFFFFFFFFF79
:10E7B000FFFFFFFFFFFFFFFFFFFFFFFFFFFFFFFF69
:10E7C000FFFFFFFFFFFFFFFFFFFFFFFFFFFFFFFF59
:10E7D000FFFFFFFFFFFFFFFFFFFFFFFFFFFFFFFF49
:10E7E000FFFFFFFFFFFFFFFFFFFFFFFFFFFFFFFF39
:10E7F000FFFFFFFFFFFFFFFFFFFFFFFFFFFFFFFF29
:10E80000FFFFFFFFFFFFFFFFFFFFFFFFFFFFFFFF18
:10E81000FFFFFFFFFFFFFFFFFFFFFFFFFFFFFFFF08
:10E82000FFFFFFFFFFFFFFFFFFFFFFFFFFFFFFFFF8
:10E83000FFFFFFFFFFFFFFFFFFFFFFFFFFFFFFFFE8
:10E84000FFFFFFFFFFFFFFFFFFFFFFFFFFFFFFFFD8
:10E85000FFFFFFFFFFFFFFFFFFFFFFFFFFFFFFFFC8
:10E86000FFFFFFFFFFFFFFFFFFFFFFFFFFFFFFFFB8
:10E87000FFFFFFFFFFFFFFFFFFFFFFFFFFFFFFFFA8
:10E88000FFFFFFFFFFFFFFFFFFFFFFFFFFFFFFFF98
:10E89000FFFFFFFFFFFFFFFFFFFFFFFFFFFFFFFF88
:10E8A000FFFFFFFFFFFFFFFFFFFFFFFFFFFFFFFF78
:10E8B000FFFFFFFFFFFFFFFFFFFFFFFFFFFFFFFF68
:10E8C000FFFFFFFFFFFFFFFFFFFFFFFFFFFFFFFF58
:10E8D000FFFFFFFFFFFFFFFFFFFFFFFFFFFFFFFF48
:10E8E000FFFFFFFFFFFFFFFFFFFFFFFFFFFFFFFF38
:10E8F000FFFFFFFFFFFFFFFFFFFFFFFFFFFFFFFF28
:10E90000FFFFFFFFFFFFFFFFFFFFFFFFFFFFFFFF17
:10E91000FFFFFFFFFFFFFFFFFFFFFFFFFFFFFFFF07
:10E92000FFFFFFFFFFFFFFFFFFFFFFFFFFFFFFFFF7
:10E93000FFFFFFFFFFFFFFFFFFFFFFFFFFFFFFFFE7
:10E94000FFFFFFFFFFFFFFFFFFFFFFFFFFFFFFFFD7
:10E95000FFFFFFFFFFFFFFFFFFFFFFFFFFFFFFFFC7
:10E96000FFFFFFFFFFFFFFFFFFFFFFFFFFFFFFFFB7
:10E97000FFFFFFFFFFFFFFFFFFFFFFFFFFFFFFFFA7
:10E98000FFFFFFFFFFFFFFFFFFFFFFFFFFFFFFFF97
:10E99000FFFFFFFFFFFFFFFFFFFFFFFFFFFFFFFF87
:10E9A000FFFFFFFFFFFFFFFFFFFFFFFFFFFFFFFF77
:10E9B000FFFFFFFFFFFFFFFFFFFFFFFFFFFFFFFF67
:10E9C000FFFFFFFFFFFFFFFFFFFFFFFFFFFFFFFF57
:10E9D000FFFFFFFFFFFFFFFFFFFFFFFFFFFFFFFF47
:10E9E000FFFFFFFFFFFFFFFFFFFFFFFFFFFFFFFF37
:10E9F000FFFFFFFFFFFFFFFFFFFFFFFFFFFFFFFF27
:10EA0000FFFFFFFFFFFFFFFFFFFFFFFFFFFFFFFF16
:10EA1000FFFFFFFFFFFFFFFFFFFFFFFFFFFFFFFF06
:10EA2000FFFFFFFFFFFFFFFFFFFFFFFFFFFFFFFFF6
:10EA3000FFFFFFFFFFFFFFFFFFFFFFFFFFFFFFFFE6
:10EA4000FFFFFFFFFFFFFFFFFFFFFFFFFFFFFFFFD6
:10EA5000FFFFFFFFFFFFFFFFFFFFFFFFFFFFFFFFC6
:10EA6000FFFFFFFFFFFFFFFFFFFFFFFFFFFFFFFFB6
:10EA7000FFFFFFFFFFFFFFFFFFFFFFFFFFFFFFFFA6
:10EA8000FFFFFFFFFFFFFFFFFFFFFFFFFFFFFFFF96
:10EA9000FFFFFFFFFFFFFFFFFFFFFFFFFFFFFFFF86
:10EAA000FFFFFFFFFFFFFFFFFFFFFFFFFFFFFFFF76
:10EAB000FFFFFFFFFFFFFFFFFFFFFFFFFFFFFFFF66
:10EAC000FFFFFFFFFFFFFFFFFFFFFFFFFFFFFFFF56
:10EAD000FFFFFFFFFFFFFFFFFFFFFFFFFFFFFFFF46
:10EAE000FFFFFFFFFFFFFFFFFFFFFFFFFFFFFFFF36
:10EAF000FFFFFFFFFFFFFFFFFFFFFFFFFFFFFFFF26
:10EB0000FFFFFFFFFFFFFFFFFFFFFFFFFFFFFFFF15
:10EB1000FFFFFFFFFFFFFFFFFFFFFFFFFFFFFFFF05
:10EB2000FFFFFFFFFFFFFFFFFFFFFFFFFFFFFFFFF5
:10EB3000FFFFFFFFFFFFFFFFFFFFFFFFFFFFFFFFE5
:10EB4000FFFFFFFFFFFFFFFFFFFFFFFFFFFFFFFFD5
:10EB5000FFFFFFFFFFFFFFFFFFFFFFFFFFFFFFFFC5
:10EB6000FFFFFFFFFFFFFFFFFFFFFFFFFFFFFFFFB5
:10EB7000FFFFFFFFFFFFFFFFFFFFFFFFFFFFFFFFA5
:10EB8000FFFFFFFFFFFFFFFFFFFFFFFFFFFFFFFF95
:10EB9000FFFFFFFFFFFFFFFFFFFFFFFFFFFFFFFF85
:10EBA000FFFFFFFFFFFFFFFFFFFFFFFFFFFFFFFF75
:10EBB000FFFFFFFFFFFFFFFFFFFFFFFFFFFFFFFF65
:10EBC000FFFFFFFFFFFFFFFFFFFFFFFFFFFFFFFF55
:10EBD000FFFFFFFFFFFFFFFFFFFFFFFFFFFFFFFF45
:10EBE000FFFFFFFFFFFFFFFFFFFFFFFFFFFFFFFF35
:10EBF000FFFFFFFFFFFFFFFFFFFFFFFFFFFFFFFF25
:10EC0000FFFFFFFFFFFFFFFFFFFFFFFFFFFFFFFF14
:10EC1000FFFFFFFFFFFFFFFFFFFFFFFFFFFFFFFF04
:10EC2000FFFFFFFFFFFFFFFFFFFFFFFFFFFFFFFFF4
:10EC3000FFFFFFFFFFFFFFFFFFFFFFFFFFFFFFFFE4
:10EC4000FFFFFFFFFFFFFFFFFFFFFFFFFFFFFFFFD4
:10EC5000FFFFFFFFFFFFFFFFFFFFFFFFFFFFFFFFC4
:10EC6000FFFFFFFFFFFFFFFFFFFFFFFFFFFFFFFFB4
:10EC7000FFFFFFFFFFFFFFFFFFFFFFFFFFFFFFFFA4
:10EC8000FFFFFFFFFFFFFFFFFFFFFFFFFFFFFFFF94
:10EC9000FFFFFFFFFFFFFFFFFFFFFFFFFFFFFFFF84
:10ECA000FFFFFFFFFFFFFFFFFFFFFFFFFFFFFFFF74
:10ECB000FFFFFFFFFFFFFFFFFFFFFFFFFFFFFFFF64
:10ECC000FFFFFFFFFFFFFFFFFFFFFFFFFFFFFFFF54
:10ECD000FFFFFFFFFFFFFFFFFFFFFFFFFFFFFFFF44
:10ECE000FFFFFFFFFFFFFFFFFFFFFFFFFFFFFFFF34
:10ECF000FFFFFFFFFFFFFFFFFFFFFFFFFFFFFFFF24
:10ED0000FFFFFFFFFFFFFFFFFFFFFFFFFFFFFFFF13
:10ED1000FFFFFFFFFFFFFFFFFFFFFFFFFFFFFFFF03
:10ED2000FFFFFFFFFFFFFFFFFFFFFFFFFFFFFFFFF3
:10ED3000FFFFFFFFFFFFFFFFFFFFFFFFFFFFFFFFE3
:10ED4000FFFFFFFFFFFFFFFFFFFFFFFFFFFFFFFFD3
:10ED5000FFFFFFFFFFFFFFFFFFFFFFFFFFFFFFFFC3
:10ED6000FFFFFFFFFFFFFFFFFFFFFFFFFFFFFFFFB3
:10ED7000FFFFFFFFFFFFFFFFFFFFFFFFFFFFFFFFA3
:10ED8000FFFFFFFFFFFFFFFFFFFFFFFFFFFFFFFF93
:10ED9000FFFFFFFFFFFFFFFFFFFFFFFFFFFFFFFF83
:10EDA000FFFFFFFFFFFFFFFFFFFFFFFFFFFFFFFF73
:10EDB000FFFFFFFFFFFFFFFFFFFFFFFFFFFFFFFF63
:10EDC000FFFFFFFFFFFFFFFFFFFFFFFFFFFFFFFF53
:10EDD000FFFFFFFFFFFFFFFFFFFFFFFFFFFFFFFF43
:10EDE000FFFFFFFFFFFFFFFFFFFFFFFFFFFFFFFF33
:10EDF000FFFFFFFFFFFFFFFFFFFFFFFFFFFFFFFF23
:10EE0000FFFFFFFFFFFFFFFFFFFFFFFFFFFFFFFF12
:10EE1000FFFFFFFFFFFFFFFFFFFFFFFFFFFFFFFF02
:10EE2000FFFFFFFFFFFFFFFFFFFFFFFFFFFFFFFFF2
:10EE3000FFFFFFFFFFFFFFFFFFFFFFFFFFFFFFFFE2
:10EE4000FFFFFFFFFFFFFFFFFFFFFFFFFFFFFFFFD2
:10EE5000FFFFFFFFFFFFFFFFFFFFFFFFFFFFFFFFC2
:10EE6000FFFFFFFFFFFFFFFFFFFFFFFFFFFFFFFFB2
:10EE7000FFFFFFFFFFFFFFFFFFFFFFFFFFFFFFFFA2
:10EE8000FFFFFFFFFFFFFFFFFFFFFFFFFFFFFFFF92
:10EE9000FFFFFFFFFFFFFFFFFFFFFFFFFFFFFFFF82
:10EEA000FFFFFFFFFFFFFFFFFFFFFFFFFFFFFFFF72
:10EEB000FFFFFFFFFFFFFFFFFFFFFFFFFFFFFFFF62
:10EEC000FFFFFFFFFFFFFFFFFFFFFFFFFFFFFFFF52
:10EED000FFFFFFFFFFFFFFFFFFFFFFFFFFFFFFFF42
:10EEE000FFFFFFFFFFFFFFFFFFFFFFFFFFFFFFFF32
:10EEF000FFFFFFFFFFFFFFFFFFFFFFFFFFFFFFFF22
:10EF0000FFFFFFFFFFFFFFFFFFFFFFFFFFFFFFFF11
:10EF1000FFFFFFFFFFFFFFFFFFFFFFFFFFFFFFFF01
:10EF2000FFFFFFFFFFFFFFFFFFFFFFFFFFFFFFFFF1
:10EF3000FFFFFFFFFFFFFFFFFFFFFFFFFFFFFFFFE1
:10EF4000FFFFFFFFFFFFFFFFFFFFFFFFFFFFFFFFD1
:10EF5000FFFFFFFFFFFFFFFFFFFFFFFFFFFFFFFFC1
:10EF6000FFFFFFFFFFFFFFFFFFFFFFFFFFFFFFFFB1
:10EF7000FFFFFFFFFFFFFFFFFFFFFFFFFFFFFFFFA1
:10EF8000FFFFFFFFFFFFFFFFFFFFFFFFFFFFFFFF91
:10EF9000FFFFFFFFFFFFFFFFFFFFFFFFFFFFFFFF81
:10EFA000FFFFFFFFFFFFFFFFFFFFFFFFFFFFFFFF71
:10EFB000FFFFFFFFFFFFFFFFFFFFFFFFFFFFFFFF61
:10EFC000FFFFFFFFFFFFFFFFFFFFFFFFFFFFFFFF51
:10EFD000FFFFFFFFFFFFFFFFFFFFFFFFFFFFFFFF41
:10EFE000FFFFFFFFFFFFFFFFFFFFFFFFFFFFFFFF31
:10EFF000FFFFFFFFFFFFFFFFFFFFFFFFFFFFFFFF21
:10F00000FFFFFFFFFFFFFFFFFFFFFFFFFFFFFFFF10
:10F01000FFFFFFFFFFFFFFFFFFFFFFFFFFFFFFFF00
:10F02000FFFFFFFFFFFFFFFFFFFFFFFFFFFFFFFFF0
:10F03000FFFFFFFFFFFFFFFFFFFFFFFFFFFFFFFFE0
:10F04000FFFFFFFFFFFFFFFFFFFFFFFFFFFFFFFFD0
:10F05000FFFFFFFFFFFFFFFFFFFFFFFFFFFFFFFFC0
:10F06000FFFFFFFFFFFFFFFFFFFFFFFFFFFFFFFFB0
:10F07000FFFFFFFFFFFFFFFFFFFFFFFFFFFFFFFFA0
:10F08000FFFFFFFFFFFFFFFFFFFFFFFFFFFFFFFF90
:10F09000FFFFFFFFFFFFFFFFFFFFFFFFFFFFFFFF80
:10F0A000FFFFFFFFFFFFFFFFFFFFFFFFFFFFFFFF70
:10F0B000FFFFFFFFFFFFFFFFFFFFFFFFFFFFFFFF60
:10F0C000FFFFFFFFFFFFFFFFFFFFFFFFFFFFFFFF50
:10F0D000FFFFFFFFFFFFFFFFFFFFFFFFFFFFFFFF40
:10F0E000FFFFFFFFFFFFFFFFFFFFFFFFFFFFFFFF30
:10F0F000FFFFFFFFFFFFFFFFFFFFFFFFFFFFFFFF20
:10F10000FFFFFFFFFFFFFFFFFFFFFFFFFFFFFFFF0F
:10F11000FFFFFFFFFFFFFFFFFFFFFFFFFFFFFFFFFF
:10F12000FFFFFFFFFFFFFFFFFFFFFFFFFFFFFFFFEF
:10F13000FFFFFFFFFFFFFFFFFFFFFFFFFFFFFFFFDF
:10F14000FFFFFFFFFFFFFFFFFFFFFFFFFFFFFFFFCF
:10F15000FFFFFFFFFFFFFFFFFFFFFFFFFFFFFFFFBF
:10F16000FFFFFFFFFFFFFFFFFFFFFFFFFFFFFFFFAF
:10F17000FFFFFFFFFFFFFFFFFFFFFFFFFFFFFFFF9F
:10F18000FFFFFFFFFFFFFFFFFFFFFFFFFFFFFFFF8F
:10F19000FFFFFFFFFFFFFFFFFFFFFFFFFFFFFFFF7F
:10F1A000FFFFFFFFFFFFFFFFFFFFFFFFFFFFFFFF6F
:10F1B000FFFFFFFFFFFFFFFFFFFFFFFFFFFFFFFF5F
:10F1C000FFFFFFFFFFFFFFFFFFFFFFFFFFFFFFFF4F
:10F1D000FFFFFFFFFFFFFFFFFFFFFFFFFFFFFFFF3F
:10F1E000FFFFFFFFFFFFFFFFFFFFFFFFFFFFFFFF2F
:10F1F000FFFFFFFFFFFFFFFFFFFFFFFFFFFFFFFF1F
:10F20000FFFFFFFFFFFFFFFFFFFFFFFFFFFFFFFF0E
:10F21000FFFFFFFFFFFFFFFFFFFFFFFFFFFFFFFFFE
:10F22000FFFFFFFFFFFFFFFFFFFFFFFFFFFFFFFFEE
:10F23000FFFFFFFFFFFFFFFFFFFFFFFFFFFFFFFFDE
:10F24000FFFFFFFFFFFFFFFFFFFFFFFFFFFFFFFFCE
:10F25000FFFFFFFFFFFFFFFFFFFFFFFFFFFFFFFFBE
:10F26000FFFFFFFFFFFFFFFFFFFFFFFFFFFFFFFFAE
:10F27000FFFFFFFFFFFFFFFFFFFFFFFFFFFFFFFF9E
:10F28000FFFFFFFFFFFFFFFFFFFFFFFFFFFFFFFF8E
:10F29000FFFFFFFFFFFFFFFFFFFFFFFFFFFFFFFF7E
:10F2A000FFFFFFFFFFFFFFFFFFFFFFFFFFFFFFFF6E
:10F2B000FFFFFFFFFFFFFFFFFFFFFFFFFFFFFFFF5E
:10F2C000FFFFFFFFFFFFFFFFFFFFFFFFFFFFFFFF4E
:10F2D000FFFFFFFFFFFFFFFFFFFFFFFFFFFFFFFF3E
:10F2E000FFFFFFFFFFFFFFFFFFFFFFFFFFFFFFFF2E
:10F2F000FFFFFFFFFFFFFFFFFFFFFFFFFFFFFFFF1E
:10F30000FFFFFFFFFFFFFFFFFFFFFFFFFFFFFFFF0D
:10F31000FFFFFFFFFFFFFFFFFFFFFFFFFFFFFFFFFD
:10F32000FFFFFFFFFFFFFFFFFFFFFFFFFFFFFFFFED
:10F33000FFFFFFFFFFFFFFFFFFFFFFFFFFFFFFFFDD
:10F34000FFFFFFFFFFFFFFFFFFFFFFFFFFFFFFFFCD
:10F35000FFFFFFFFFFFFFFFFFFFFFFFFFFFFFFFFBD
:10F36000FFFFFFFFFFFFFFFFFFFFFFFFFFFFFFFFAD
:10F37000FFFFFFFFFFFFFFFFFFFFFFFFFFFFFFFF9D
:10F38000FFFFFFFFFFFFFFFFFFFFFFFFFFFFFFFF8D
:10F39000FFFFFFFFFFFFFFFFFFFFFFFFFFFFFFFF7D
:10F3A000FFFFFFFFFFFFFFFFFFFFFFFFFFFFFFFF6D
:10F3B000FFFFFFFFFFFFFFFFFFFFFFFFFFFFFFFF5D
:10F3C000FFFFFFFFFFFFFFFFFFFFFFFFFFFFFFFF4D
:10F3D000FFFFFFFFFFFFFFFFFFFFFFFFFFFFFFFF3D
:10F3E000FFFFFFFFFFFFFFFFFFFFFFFFFFFFFFFF2D
:10F3F000FFFFFFFFFFFFFFFFFFFFFFFFFFFFFFFF1D
:10F40000FFFFFFFFFFFFFFFFFFFFFFFFFFFFFFFF0C
:10F41000FFFFFFFFFFFFFFFFFFFFFFFFFFFFFFFFFC
:10F42000FFFFFFFFFFFFFFFFFFFFFFFFFFFFFFFFEC
:10F43000FFFFFFFFFFFFFFFFFFFFFFFFFFFFFFFFDC
:10F44000FFFFFFFFFFFFFFFFFFFFFFFFFFFFFFFFCC
:10F45000FFFFFFFFFFFFFFFFFFFFFFFFFFFFFFFFBC
:10F46000FFFFFFFFFFFFFFFFFFFFFFFFFFFFFFFFAC
:10F47000FFFFFFFFFFFFFFFFFFFFFFFFFFFFFFFF9C
:10F48000FFFFFFFFFFFFFFFFFFFFFFFFFFFFFFFF8C
:10F49000FFFFFFFFFFFFFFFFFFFFFFFFFFFFFFFF7C
:10F4A000FFFFFFFFFFFFFFFFFFFFFFFFFFFFFFFF6C
:10F4B000FFFFFFFFFFFFFFFFFFFFFFFFFFFFFFFF5C
:10F4C000FFFFFFFFFFFFFFFFFFFFFFFFFFFFFFFF4C
:10F4D000FFFFFFFFFFFFFFFFFFFFFFFFFFFFFFFF3C
:10F4E000FFFFFFFFFFFFFFFFFFFFFFFFFFFFFFFF2C
:10F4F000FFFFFFFFFFFFFFFFFFFFFFFFFFFFFFFF1C
:10F50000FFFFFFFFFFFFFFFFFFFFFFFFFFFFFFFF0B
:10F51000FFFFFFFFFFFFFFFFFFFFFFFFFFFFFFFFFB
:10F52000FFFFFFFFFFFFFFFFFFFFFFFFFFFFFFFFEB
:10F53000FFFFFFFFFFFFFFFFFFFFFFFFFFFFFFFFDB
:10F54000FFFFFFFFFFFFFFFFFFFFFFFFFFFFFFFFCB
:10F55000FFFFFFFFFFFFFFFFFFFFFFFFFFFFFFFFBB
:10F56000FFFFFFFFFFFFFFFFFFFFFFFFFFFFFFFFAB
:10F57000FFFFFFFFFFFFFFFFFFFFFFFFFFFFFFFF9B
:10F58000FFFFFFFFFFFFFFFFFFFFFFFFFFFFFFFF8B
:10F59000FFFFFFFFFFFFFFFFFFFFFFFFFFFFFFFF7B
:10F5A000FFFFFFFFFFFFFFFFFFFFFFFFFFFFFFFF6B
:10F5B000FFFFFFFFFFFFFFFFFFFFFFFFFFFFFFFF5B
:10F5C000FFFFFFFFFFFFFFFFFFFFFFFFFFFFFFFF4B
:10F5D000FFFFFFFFFFFFFFFFFFFFFFFFFFFFFFFF3B
:10F5E000FFFFFFFFFFFFFFFFFFFFFFFFFFFFFFFF2B
:10F5F000FFFFFFFFFFFFFFFFFFFFFFFFFFFFFFFF1B
:10F60000FFFFFFFFFFFFFFFFFFFFFFFFFFFFFFFF0A
:10F61000FFFFFFFFFFFFFFFFFFFFFFFFFFFFFFFFFA
:10F62000FFFFFFFFFFFFFFFFFFFFFFFFFFFFFFFFEA
:10F63000FFFFFFFFFFFFFFFFFFFFFFFFFFFFFFFFDA
:10F64000FFFFFFFFFFFFFFFFFFFFFFFFFFFFFFFFCA
:10F65000FFFFFFFFFFFFFFFFFFFFFFFFFFFFFFFFBA
:10F66000FFFFFFFFFFFFFFFFFFFFFFFFFFFFFFFFAA
:10F67000FFFFFFFFFFFFFFFFFFFFFFFFFFFFFFFF9A
:10F68000FFFFFFFFFFFFFFFFFFFFFFFFFFFFFFFF8A
:10F69000FFFFFFFFFFFFFFFFFFFFFFFFFFFFFFFF7A
:10F6A000FFFFFFFFFFFFFFFFFFFFFFFFFFFFFFFF6A
:10F6B000FFFFFFFFFFFFFFFFFFFFFFFFFFFFFFFF5A
:10F6C000FFFFFFFFFFFFFFFFFFFFFFFFFFFFFFFF4A
:10F6D000FFFFFFFFFFFFFFFFFFFFFFFFFFFFFFFF3A
:10F6E000FFFFFFFFFFFFFFFFFFFFFFFFFFFFFFFF2A
:10F6F000FFFFFFFFFFFFFFFFFFFFFFFFFFFFFFFF1A
:10F70000FFFFFFFFFFFFFFFFFFFFFFFFFFFFFFFF09
:10F71000FFFFFFFFFFFFFFFFFFFFFFFFFFFFFFFFF9
:10F72000FFFFFFFFFFFFFFFFFFFFFFFFFFFFFFFFE9
:10F73000FFFFFFFFFFFFFFFFFFFFFFFFFFFFFFFFD9
:10F74000FFFFFFFFFFFFFFFFFFFFFFFFFFFFFFFFC9
:10F75000FFFFFFFFFFFFFFFFFFFFFFFFFFFFFFFFB9
:10F76000FFFFFFFFFFFFFFFFFFFFFFFFFFFFFFFFA9
:10F77000FFFFFFFFFFFFFFFFFFFFFFFFFFFFFFFF99
:10F78000FFFFFFFFFFFFFFFFFFFFFFFFFFFFFFFF89
:10F79000FFFFFFFFFFFFFFFFFFFFFFFFFFFFFFFF79
:10F7A000FFFFFFFFFFFFFFFFFFFFFFFFFFFFFFFF69
:10F7B000FFFFFFFFFFFFFFFFFFFFFFFFFFFFFFFF59
:10F7C000FFFFFFFFFFFFFFFFFFFFFFFFFFFFFFFF49
:10F7D000FFFFFFFFFFFFFFFFFFFFFFFFFFFFFFFF39
:10F7E000FFFFFFFFFFFFFFFFFFFFFFFFFFFFFFFF29
:10F7F000FFFFFFFFFFFFFFFFFFFFFFFFFFFFFFFF19
:10F80000FFFFFFFFFFFFFFFFFFFFFFFFFFFFFFFF08
:10F81000FFFFFFFFFFFFFFFFFFFFFFFFFFFFFFFFF8
:10F82000FFFFFFFFFFFFFFFFFFFFFFFFFFFFFFFFE8
:10F83000FFFFFFFFFFFFFFFFFFFFFFFFFFFFFFFFD8
:10F84000FFFFFFFFFFFFFFFFFFFFFFFFFFFFFFFFC8
:10F85000FFFFFFFFFFFFFFFFFFFFFFFFFFFFFFFFB8
:10F86000FFFFFFFFFFFFFFFFFFFFFFFFFFFFFFFFA8
:10F87000FFFFFFFFFFFFFFFFFFFFFFFFFFFFFFFF98
:10F88000FFFFFFFFFFFFFFFFFFFFFFFFFFFFFFFF88
:10F89000FFFFFFFFFFFFFFFFFFFFFFFFFFFFFFFF78
:10F8A000FFFFFFFFFFFFFFFFFFFFFFFFFFFFFFFF68
:10F8B000FFFFFFFFFFFFFFFFFFFFFFFFFFFFFFFF58
:10F8C000FFFFFFFFFFFFFFFFFFFFFFFFFFFFFFFF48
:10F8D000FFFFFFFFFFFFFFFFFFFFFFFFFFFFFFFF38
:10F8E000FFFFFFFFFFFFFFFFFFFFFFFFFFFFFFFF28
:10F8F000FFFFFFFFFFFFFFFFFFFFFFFFFFFFFFFF18
:10F90000FFFFFFFFFFFFFFFFFFFFFFFFFFFFFFFF07
:10F91000FFFFFFFFFFFFFFFFFFFFFFFFFFFFFFFFF7
:10F92000FFFFFFFFFFFFFFFFFFFFFFFFFFFFFFFFE7
:10F93000FFFFFFFFFFFFFFFFFFFFFFFFFFFFFFFFD7
:10F94000FFFFFFFFFFFFFFFFFFFFFFFFFFFFFFFFC7
:10F95000FFFFFFFFFFFFFFFFFFFFFFFFFFFFFFFFB7
:10F96000FFFFFFFFFFFFFFFFFFFFFFFFFFFFFFFFA7
:10F97000FFFFFFFFFFFFFFFFFFFFFFFFFFFFFFFF97
:10F98000FFFFFFFFFFFFFFFFFFFFFFFFFFFFFFFF87
:10F99000FFFFFFFFFFFFFFFFFFFFFFFFFFFFFFFF77
:10F9A000FFFFFFFFFFFFFFFFFFFFFFFFFFFFFFFF67
:10F9B000FFFFFFFFFFFFFFFFFFFFFFFFFFFFFFFF57
:10F9C000FFFFFFFFFFFFFFFFFFFFFFFFFFFFFFFF47
:10F9D000FFFFFFFFFFFFFFFFFFFFFFFFFFFFFFFF37
:10F9E000FFFFFFFFFFFFFFFFFFFFFFFFFFFFFFFF27
:10F9F000FFFFFFFFFFFFFFFFFFFFFFFFFFFFFFFF17
:10FA0000FFFFFFFFFFFFFFFFFFFFFFFFFFFFFFFF06
:10FA1000FFFFFFFFFFFFFFFFFFFFFFFFFFFFFFFFF6
:10FA2000FFFFFFFFFFFFFFFFFFFFFFFFFFFFFFFFE6
:10FA3000FFFFFFFFFFFFFFFFFFFFFFFFFFFFFFFFD6
:10FA4000FFFFFFFFFFFFFFFFFFFFFFFFFFFFFFFFC6
:10FA5000FFFFFFFFFFFFFFFFFFFFFFFFFFFFFFFFB6
:10FA6000FFFFFFFFFFFFFFFFFFFFFFFFFFFFFFFFA6
:10FA7000FFFFFFFFFFFFFFFFFFFFFFFFFFFFFFFF96
:10FA8000FFFFFFFFFFFFFFFFFFFFFFFFFFFFFFFF86
:10FA9000FFFFFFFFFFFFFFFFFFFFFFFFFFFFFFFF76
:10FAA000FFFFFFFFFFFFFFFFFFFFFFFFFFFFFFFF66
:10FAB000FFFFFFFFFFFFFFFFFFFFFFFFFFFFFFFF56
:10FAC000FFFFFFFFFFFFFFFFFFFFFFFFFFFFFFFF46
:10FAD000FFFFFFFFFFFFFFFFFFFFFFFFFFFFFFFF36
:10FAE000FFFFFFFFFFFFFFFFFFFFFFFFFFFFFFFF26
:10FAF000FFFFFFFFFFFFFFFFFFFFFFFFFFFFFFFF16
:10FB0000FFFFFFFFFFFFFFFFFFFFFFFFFFFFFFFF05
:10FB1000FFFFFFFFFFFFFFFFFFFFFFFFFFFFFFFFF5
:10FB2000FFFFFFFFFFFFFFFFFFFFFFFFFFFFFFFFE5
:10FB3000FFFFFFFFFFFFFFFFFFFFFFFFFFFFFFFFD5
:10FB4000FFFFFFFFFFFFFFFFFFFFFFFFFFFFFFFFC5
:10FB5000FFFFFFFFFFFFFFFFFFFFFFFFFFFFFFFFB5
:10FB6000FFFFFFFFFFFFFFFFFFFFFFFFFFFFFFFFA5
:10FB7000FFFFFFFFFFFFFFFFFFFFFFFFFFFFFFFF95
:10FB8000FFFFFFFFFFFFFFFFFFFFFFFFFFFFFFFF85
:10FB9000FFFFFFFFFFFFFFFFFFFFFFFFFFFFFFFF75
:10FBA000FFFFFFFFFFFFFFFFFFFFFFFFFFFFFFFF65
:10FBB000FFFFFFFFFFFFFFFFFFFFFFFFFFFFFFFF55
:10FBC000FFFFFFFFFFFFFFFFFFFFFFFFFFFFFFFF45
:10FBD000FFFFFFFFFFFFFFFFFFFFFFFFFFFFFFFF35
:10FBE000FFFFFFFFFFFFFFFFFFFFFFFFFFFFFFFF25
:10FBF000FFFFFFFFFFFFFFFFFFFFFFFFFFFFFFFF15
:10FC0000FFFFFFFFFFFFFFFFFFFFFFFFFFFFFFFF04
:10FC1000FFFFFFFFFFFFFFFFFFFFFFFFFFFFFFFFF4
:10FC2000FFFFFFFFFFFFFFFFFFFFFFFFFFFFFFFFE4
:10FC3000FFFFFFFFFFFFFFFFFFFFFFFFFFFFFFFFD4
:10FC4000FFFFFFFFFFFFFFFFFFFFFFFFFFFFFFFFC4
:10FC5000FFFFFFFFFFFFFFFFFFFFFFFFFFFFFFFFB4
:10FC6000FFFFFFFFFFFFFFFFFFFFFFFFFFFFFFFFA4
:10FC7000FFFFFFFFFFFFFFFFFFFFFFFFFFFFFFFF94
:10FC8000FFFFFFFFFFFFFFFFFFFFFFFFFFFFFFFF84
:10FC9000FFFFFFFFFFFFFFFFFFFFFFFFFFFFFFFF74
:10FCA000FFFFFFFFFFFFFFFFFFFFFFFFFFFFFFFF64
:10FCB000FFFFFFFFFFFFFFFFFFFFFFFFFFFFFFFF54
:10FCC000FFFFFFFFFFFFFFFFFFFFFFFFFFFFFFFF44
:10FCD000FFFFFFFFFFFFFFFFFFFFFFFFFFFFFFFF34
:10FCE000FFFFFFFFFFFFFFFFFFFFFFFFFFFFFFFF24
:10FCF000FFFFFFFFFFFFFFFFFFFFFFFFFFFFFFFF14
:10FD0000FFFFFFFFFFFFFFFFFFFFFFFFFFFFFFFF03
:10FD1000FFFFFFFFFFFFFFFFFFFFFFFFFFFFFFFFF3
:10FD2000FFFFFFFFFFFFFFFFFFFFFFFFFFFFFFFFE3
:10FD3000FFFFFFFFFFFFFFFFFFFFFFFFFFFFFFFFD3
:10FD4000FFFFFFFFFFFFFFFFFFFFFFFFFFFFFFFFC3
:10FD5000FFFFFFFFFFFFFFFFFFFFFFFFFFFFFFFFB3
:10FD6000FFFFFFFFFFFFFFFFFFFFFFFFFFFFFFFFA3
:10FD7000FFFFFFFFFFFFFFFFFFFFFFFFFFFFFFFF93
:10FD8000FFFFFFFFFFFFFFFFFFFFFFFFFFFFFFFF83
:10FD9000FFFFFFFFFFFFFFFFFFFFFFFFFFFFFFFF73
:10FDA000FFFFFFFFFFFFFFFFFFFFFFFFFFFFFFFF63
:10FDB000FFFFFFFFFFFFFFFFFFFFFFFFFFFFFFFF53
:10FDC000FFFFFFFFFFFFFFFFFFFFFFFFFFFFFFFF43
:10FDD000FFFFFFFFFFFFFFFFFFFFFFFFFFFFFFFF33
:10FDE000FFFFFFFFFFFFFFFFFFFFFFFFFFFFFFFF23
:10FDF000FFFFFFFFFFFFFFFFFFFFFFFFFFFFFFFF13
:10FE0000FFFFFFFFFFFFFFFFFFFFFFFFFFFFFFFF02
:10FE1000FFFFFFFFFFFFFFFFFFFFFFFFFFFFFFFFF2
:10FE2000FFFFFFFFFFFFFFFFFFFFFFFFFFFFFFFFE2
:10FE3000FFFFFFFFFFFFFFFFFFFFFFFFFFFFFFFFD2
:10FE4000FFFFFFFFFFFFFFFFFFFFFFFFFFFFFFFFC2
:10FE5000FFFFFFFFFFFFFFFFFFFFFFFFFFFFFFFFB2
:10FE6000FFFFFFFFFFFFFFFFFFFFFFFFFFFFFFFFA2
:10FE7000FFFFFFFFFFFFFFFFFFFFFFFFFFFFFFFF92
:10FE8000FFFFFFFFFFFFFFFFFFFFFFFFFFFFFFFF82
:10FE9000FFFFFFFFFFFFFFFFFFFFFFFFFFFFFFFF72
:10FEA000FFFFFFFFFFFFFFFFFFFFFFFFFFFFFFFF62
:10FEB000FFFFFFFFFFFFFFFFFFFFFFFFFFFFFFFF52
:10FEC000FFFFFFFFFFFFFFFFFFFFFFFFFFFFFFFF42
:10FED000FFFFFFFFFFFFFFFFFFFFFFFFFFFFFFFF32
:10FEE000FFFFFFFFFFFFFFFFFFFFFFFFFFFFFFFF22
:10FEF000FFFFFFFFFFFFFFFFFFFFFFFFFFFFFFFF12
:10FF0000FFFFFFFFFFFFFFFFFFFFFFFFFFFFFFFF01
:10FF1000FFFFFFFFFFFFFFFFFFFFFFFFFFFFFFFFF1
:10FF2000FFFFFFFFFFFFFFFFFFFFFFFFFFFFFFFFE1
:10FF3000FFFFFFFFFFFFFFFFFFFFFFFFFFFFFFFFD1
:10FF4000FFFFFFFFFFFFFFFFFFFFFFFFFFFFFFFFC1
:10FF5000FFFFFFFFFFFFFFFFFFFFFFFFFFFFFFFFB1
:10FF6000FFFFFFFFFFFFFFFFFFFFFFFFFFFFFFFFA1
:10FF7000FFFFFFFFFFFFFFFFFFFFFFFFFFFFFFFF91
:10FF8000FFFFFFFFFFFFFFFFFFFFFFFFFFFFFFFF81
:10FF9000FFFFFFFFFFFFFFFFFFFFFFFFFFFFFFFF71
:10FFA000FFFFFFFFFFFFFFFFFFFFFFFFFFFFFFFF61
:10FFB000FFFFFFFFFFFFFFFFFFFFFFFFFFFFFFFF51
:10FFC000FFFFFFFFFFFFFFFFFFFFFFFFFFFFFFFF41
:10FFD000FFFFFFFFFFFFFFFFFFFFFFFFFFFFFFFF31
:10FFE000FFFFFFFFFFFFFFFFFFFFFFFFFFFFFFFF21
:08FFF000FFFFFFFFFFFFFFFF11
:04FFF8000FFB3A9A27
:04000005080AF5A947
:00000001FF
